Seconds,Engine Speed - (G28),Injection Timing,Mass Air Flow - Sensor (G70),Throttle Valve Angle,Ignition - Timing Angle,Vehicle Speed,Boost Pressure - (actual),,,,,
0.34,840,1.02,3.78,3.9,5.3,0,910,0
0.53,840,1.28,3.89,3.9,5.3,0,910,0
0.71,840,1.28,4.03,3.9,3.8,0,910,0
0.92,840,1.28,3.94,3.9,3,0,910,0
1.1,840,1.28,4.11,3.9,2.3,0,910,0
1.3,800,1.28,3.75,3.9,2.3,0,910,0
1.5,840,1.28,3.72,3.5,3.8,0,910,0
1.69,840,1.02,3.61,3.5,4.5,0,910,0
1.91,800,1.02,3.69,3.5,6.8,0,910,0
2.09,840,1.02,3.56,3.9,6,0,910,0
2.28,840,1.28,3.69,3.9,6,0,910,0
2.48,840,1.02,3.92,3.9,5.3,0,910,0
2.67,840,1.28,4.03,3.9,3,0,910,0
2.85,840,1.28,4,3.9,2.3,0,910,0
3.06,840,1.28,3.94,3.9,3,0,910,0
3.25,840,1.28,3.86,3.9,1.5,0,910,0
3.45,800,1.02,3.67,3.9,2.3,0,910,0
3.64,800,1.02,3.64,3.5,4.5,0,910,0
3.82,800,1.28,3.69,3.5,5.3,0,910,0
4.03,800,1.02,3.64,3.5,6,0,910,0
4.21,800,1.02,3.92,3.5,5.3,0,910,0
4.4,840,1.28,3.69,3.5,5.3,0,910,0
4.6,840,1.28,3.86,3.5,4.5,0,910,0
4.79,840,1.02,3.83,3.5,3.8,0,910,0
4.98,840,1.02,3.89,3.5,3.8,0,910,0
5.18,800,1.28,3.67,3.5,3,0,910,0
5.37,800,1.28,3.86,3.5,4.5,0,910,0
5.57,800,1.28,3.86,3.9,4.5,0,910,0
5.76,800,1.02,3.94,3.5,3.8,0,910,0
5.95,800,1.02,3.75,3.5,3.8,0,910,0
6.15,800,1.28,3.89,3.5,4.5,0,910,0
6.34,800,1.28,3.56,3.5,4.5,0,910,0
6.53,800,1.02,3.72,3.5,6,0,910,0
6.75,800,1.02,3.64,3.5,6.8,0,910,0
6.93,840,1.28,3.69,3.5,5.3,0,910,0
7.15,800,1.28,3.67,3.5,4.5,0,910,0
7.34,840,1.28,3.86,3.5,4.5,0,910,0
7.53,840,1.02,3.78,3.9,3,0,910,0
7.73,800,1.28,3.69,3.9,3,0,910,0
7.92,840,1.02,3.72,3.9,4.5,0,910,0
8.1,800,1.02,3.67,3.9,4.5,0,910,0
8.31,800,1.28,3.92,3.9,4.5,0,910,0
8.49,800,1.28,3.69,3.9,3.8,0,910,0
8.68,800,1.28,3.83,3.9,3.8,0,910,0
8.88,800,1.02,3.89,3.9,3.8,0,910,0
9.07,840,1.02,3.69,3.5,3,0,910,0
9.28,840,1.28,3.72,3.5,3,0,910,0
9.46,800,1.28,3.64,3.5,6,0,910,0
9.66,840,1.02,3.81,3.5,5.3,0,910,0
9.86,800,1.28,3.89,3.5,4.5,0,910,0
10.04,800,1.28,3.75,3.9,4.5,0,910,0
10.23,800,1.02,3.67,3.9,3.8,0,910,0
10.45,800,1.02,3.78,3.9,4.5,0,910,0
10.64,840,1.02,3.83,3.9,4.5,0,910,0
10.83,840,1.28,3.69,3.9,3.8,0,910,0
11.02,800,1.28,3.81,3.9,4.5,0,910,0
11.22,840,1.02,3.75,3.9,3.8,0,910,0
11.42,800,1.02,3.53,3.5,4.5,0,910,0
11.6,840,1.28,3.75,3.9,6,0,910,0
11.79,840,1.28,3.86,3.9,5.3,0,910,0
12.01,840,1.28,3.92,3.9,4.5,0,910,0
12.2,800,1.28,3.72,3.9,3,0,910,0
12.39,800,1.28,3.69,3.9,3.8,0,910,0
12.59,800,1.28,3.86,3.9,3.8,0,910,0
12.78,840,1.28,3.67,3.5,2.3,0,910,0
12.96,800,1.02,3.58,3.5,3,0,910,0
13.19,840,1.02,3.58,3.5,5.3,0,910,0
13.37,800,1.28,3.86,3.5,5.3,0,910,0
13.58,800,1.28,3.72,3.5,5.3,0,910,0
13.76,800,1.28,3.78,3.5,6.8,0,910,0
13.95,800,1.28,4,3.9,7.5,0,910,0
14.15,800,1.28,3.92,3.9,3.8,0,910,0
14.34,800,1.28,3.89,3.9,3.8,0,910,0
14.53,840,1.28,3.89,3.9,3.8,0,910,0
14.73,800,1.28,3.89,3.9,3,0,910,0
14.91,800,1.28,3.81,3.9,4.5,0,910,0
15.11,840,1.28,3.89,3.9,4.5,0,910,0
15.31,800,1.28,4.08,3.9,3,0,910,0
15.49,800,1.28,3.97,3.9,2.3,0,910,0
15.7,800,1.28,4.22,3.9,3.8,0,910,0
15.89,840,1.28,4.25,4.3,0.8,0,910,0
16.07,840,1.28,4.36,4.3,-0.8,0,910,0
16.28,840,1.28,4.31,4.3,-3,0,910,0
16.47,840,1.28,4.25,3.9,-2.3,0,910,0
16.65,840,1.28,4.11,3.9,-2.3,0,910,0
16.85,840,1.28,4.11,3.9,-2.3,0,910,0
17.05,840,1.53,3.97,3.9,-0.8,0,910,0
17.23,880,2.04,8.08,7.1,6,0,910,0
17.45,1040,1.79,7.33,7.5,9,0,910,0
17.67,1120,1.53,6.36,6.3,0,0,910,0
17.87,1080,1.53,6.86,6.3,9.8,0,910,0
18.06,1080,1.79,7.5,7.1,21.8,0,910,0
18.25,1120,1.79,9.08,8.2,23.3,0,910,0
18.45,1160,1.79,7.97,7.8,7.5,1,910,0
18.64,1160,1.53,7.72,7.1,9.8,1,920,0
18.83,1160,1.53,7.5,7.1,12,2,920,0
19.03,1160,1.53,7.28,7.1,14.3,2,920,0
19.21,1160,1.53,7.61,7.1,15.8,2,920,0
19.42,1160,1.53,7.44,7.1,17.3,3,920,0
19.61,1160,1.79,8.19,7.1,15.8,3,920,0
19.79,1160,1.79,7.69,7.1,12.8,3,920,0
19.99,1160,1.53,7.47,7.1,13.5,4,920,0
20.18,1160,1.53,7.22,7.1,12.8,4,920,0
20.37,1120,1.53,7.22,6.7,13.5,5,920,0
20.57,1120,1.53,7.17,6.3,14.3,5,920,0
20.76,1120,1.53,7.44,6.7,22.5,5,920,0
20.95,1120,1.28,6.61,6.7,16.5,6,920,0
21.15,1160,1.02,6.06,5.5,5.3,6,920,0
21.34,1000,0.77,2.56,2.4,-12,6,920,0
21.54,920,0.77,3.53,3.5,8.3,6,920,0
21.73,840,1.02,3.72,3.9,9,7,920,0
21.92,800,1.02,3.58,3.5,7.5,7,920,0
22.12,800,1.02,3.56,3.5,12.8,7,920,0
22.31,760,1.28,4,3.9,18.8,7,920,0
22.5,760,1.28,4.28,4.3,18,7,910,0
22.7,800,1.28,4.31,4.3,12,7,910,0
22.89,800,1.28,4.08,4.3,0.8,6,910,0
23.07,800,1.28,4.06,3.9,1.5,6,910,0
23.28,840,1.28,4,3.9,1.5,6,910,0
23.46,840,1.28,4.06,3.9,2.3,5,910,0
23.67,800,1.28,4,3.9,2.3,4,910,0
23.86,840,1.28,4.08,3.9,3,3,910,0
24.04,840,1.28,4.39,4.3,1.5,2,910,0
24.25,840,1.28,4.31,4.3,-1.5,1,910,0
24.43,840,1.28,4.28,4.3,-2.3,0,910,0
24.62,840,1.28,4.17,3.9,-1.5,0,910,0
24.82,840,1.79,4.81,3.9,-1.5,0,910,0
25.01,960,2.55,12.92,9.4,4.5,0,900,0
25.2,1080,1.79,7.83,8.6,-9,0,910,0
25.42,1120,1.79,9.06,7.8,6,0,910,0
25.6,1080,2.04,8.81,8.2,12,0,920,0
25.81,1040,2.29,9.94,8.6,17.3,0,920,0
26.01,1080,2.55,11.08,10.2,15.8,0,920,0
26.2,1160,2.55,11.36,11.8,12,0,920,0
26.42,1160,2.29,11.11,11,6.8,1,920,0
26.62,1160,2.29,10.78,11,8.3,1,930,0
26.83,1120,2.29,10.5,10.2,9,2,930,0
27.02,1120,2.29,10.06,9.8,11.3,3,930,0
27.21,1120,2.55,10.36,9.8,15.8,4,930,0
27.42,1120,2.29,11,10.2,15,5,940,0
27.61,1120,2.29,9.5,9.8,6.8,6,940,0
27.79,1080,2.29,9.31,9,6.8,7,940,0
28.01,1160,1.79,6.53,7.1,-1.5,7,950,0
28.2,1080,0.77,2.28,2,-12.8,8,950,0
28.38,960,1.02,3.44,3.5,3.8,8,940,0
28.61,920,1.02,3.78,3.9,9,8,930,0
28.79,880,1.02,3.69,3.9,3,8,930,0
29,840,1.02,3.81,3.9,3.8,8,920,0
29.2,840,1.02,3.56,3.5,4.5,8,920,0
29.38,800,1.28,3.72,3.5,6,8,920,0
29.59,800,1.28,3.72,3.5,6,8,920,0
29.78,800,1.02,3.92,3.5,6.8,8,920,0
29.97,800,1.28,4.22,3.5,6.8,8,920,0
30.17,800,1.28,3.83,3.9,3.8,9,920,0
30.35,800,1.28,3.86,3.9,5.3,9,920,0
30.54,800,1.28,3.89,3.9,4.5,9,910,0
30.75,800,1.02,3.97,3.9,4.5,9,910,0
30.93,800,1.02,3.75,3.9,4.5,10,910,0
31.14,800,1.02,3.78,3.9,5.3,10,910,0
31.33,800,1.02,3.89,3.9,4.5,10,910,0
31.51,800,1.02,3.89,3.9,4.5,11,910,0
31.72,800,1.02,3.78,3.9,4.5,11,910,0
31.9,800,1.02,3.94,3.9,5.3,11,910,0
32.08,800,1.02,3.97,3.9,5.3,11,910,0
32.29,800,1.02,3.92,3.9,3.8,10,910,0
32.48,800,1.02,3.72,3.9,4.5,10,910,0
32.67,800,1.02,3.97,3.9,6,10,910,0
32.87,800,1.02,3.94,3.9,5.3,9,910,0
33.06,800,1.02,4,3.9,6.8,9,910,0
33.26,800,1.02,3.78,3.9,6,8,910,0
33.45,800,1.02,4.19,3.9,9.8,8,910,0
33.64,800,1.02,4.22,4.3,7.5,8,910,0
33.85,800,1.02,4.31,4.3,2.3,7,910,0
34.06,800,1.02,4.17,3.9,2.3,7,910,0
34.25,800,1.28,4.11,3.9,3.8,7,910,0
34.46,800,1.28,4.11,3.9,3.8,7,910,0
34.65,800,1.28,4.11,3.9,4.5,6,910,0
34.86,800,1.28,4.14,3.9,3.8,6,910,0
35.05,800,1.28,4.03,3.9,3.8,6,910,0
35.23,840,1.28,4.11,3.9,3.8,5,910,0
35.43,840,1.28,3.86,3.9,4.5,5,910,0
35.62,840,1.28,4.03,3.9,4.5,4,910,0
35.81,840,1.28,4.44,4.3,4.5,4,910,0
36.01,840,1.28,4.5,4.3,0.8,4,910,0
36.2,840,1.28,4.36,4.3,-3,4,910,0
36.38,840,1.28,4.31,4.3,-3.8,4,910,0
36.59,840,1.53,4.31,4.3,-2.3,4,910,0
36.78,880,1.53,6.64,7.5,5.3,4,910,0
36.98,1000,1.53,6.08,5.9,6.8,4,910,0
37.17,1040,1.28,5.53,5.5,5.3,5,910,0
37.36,1080,1.28,5.5,5.1,13.5,5,910,0
37.56,1040,1.28,5.39,5.1,21,5,910,0
37.76,1000,1.28,5.44,5.1,21,5,910,0
37.94,920,1.28,5.42,5.1,21,5,910,0
38.15,840,1.79,5.78,5.5,21,5,910,0
38.37,800,2.29,7.14,6.3,21,6,910,0
38.58,800,2.29,8.33,7.5,19.5,6,910,0
38.78,960,2.04,8.64,9.4,14.3,6,910,0
38.96,1000,2.04,8.19,8.6,0.8,7,920,0
39.17,1040,1.79,8.44,7.8,8.3,7,920,0
39.35,1040,1.79,8,7.5,15,7,920,0
39.55,1000,1.79,7.89,7.5,17.3,8,920,0
39.75,1080,2.04,8.06,7.5,18,8,930,0
39.94,1080,2.04,8.42,7.5,18.8,9,930,0
40.13,1160,1.79,9.06,7.8,21.8,9,930,0
40.34,1200,2.04,10.19,9,21,9,930,0
40.53,1280,2.04,10.67,9.4,20.3,10,930,0
40.73,1320,2.04,11.67,10.6,21,10,930,0
40.92,1400,1.79,12.25,10.6,21.8,11,940,0
41.11,1480,1.79,12.86,11.4,21,11,940,0
41.31,1520,1.79,13.36,11.4,21.8,12,950,0
41.5,1600,1.79,13.94,11.8,24.8,13,950,0
41.68,1680,1.79,14.25,11.8,25.5,13,960,0
41.89,1760,1.79,15.03,11.8,27.8,14,960,0
42.08,1800,1.79,15.5,12.5,28.5,14,970,0
42.26,1880,1.53,15.53,12.5,29.3,15,970,0
42.47,1960,1.53,16.03,12.5,30.8,16,980,0
42.65,2000,1.53,17.58,12.9,31.5,16,980,0
42.86,2080,1.53,18.61,13.7,30,17,980,0
43.05,2160,1.53,19.47,14.5,30,18,990,0
43.23,2240,1.53,20.64,14.9,30,18,1000,0
43.44,2320,1.53,21.94,15.3,29.3,19,1010,0
43.62,2400,1.53,23.08,15.7,28.5,20,1020,0
43.81,2480,1.79,23.47,16.1,27,20,1030,0
44.03,2600,1.79,24.64,16.5,26.3,21,1040,0
44.21,2640,1.53,25.64,16.5,26.3,22,1050,0
44.42,2760,1.53,25.78,16.9,26.3,22,1060,0
44.61,2840,1.79,26.67,17.3,27,23,1070,0
44.8,2880,1.79,27.47,17.3,27,24,1080,0
45.01,3000,1.53,28.31,17.6,27,25,1080,0
45.2,3080,1.79,30.44,18,27.8,25,1090,0
45.39,3160,1.79,32.11,18.8,27,26,1100,0
45.59,3280,1.79,33.97,19.2,27,27,1110,0
45.78,3360,1.79,33,19.2,27,28,1120,0
45.97,3440,1.79,34,19.6,28.5,28,1120,0
46.17,3560,1.79,35.19,20,28.5,29,1120,0
46.35,3560,1.02,15.64,19.6,26.3,30,1150,0
46.56,3280,0,9.89,11.8,30,31,1060,0
46.75,2960,0,10.31,9.4,-3.8,31,1010,0
46.94,2640,0,9.56,9,-4.5,31,990,0
47.15,2320,0.51,8.44,8.2,-4.5,31,970,0
47.34,2120,0.77,8.33,7.5,7.5,31,960,0
47.53,2200,1.02,14.28,8.6,17.3,31,940,0
47.73,2080,1.53,18.97,12.9,18.8,31,930,0
47.92,2200,1.53,16.64,12.2,12.8,30,960,0
48.12,2200,1.79,19.44,15.3,28.5,30,960,0
48.34,2200,1.79,20.22,14.9,30,31,980,0
48.54,2240,1.79,19.78,14.9,29.3,31,990,0
48.74,2240,1.79,18.53,13.7,30,31,1000,0
48.92,2240,1.53,17.42,13.3,30.8,31,1000,0
49.12,2240,1.53,15,12.5,30.8,32,1000,0
49.34,2280,1.02,12.22,10.6,32.3,32,1000,0
49.52,2280,1.02,12.64,10.2,33,32,990,0
49.75,2280,1.02,13.44,10.2,33,32,980,0
49.93,2280,1.53,18.25,11.8,33,32,970,0
50.12,2280,1.79,23.14,16.5,30.8,32,970,0
50.32,2320,1.79,25.61,18.4,27.8,32,980,0
50.51,2360,1.79,26.83,19.2,27,33,1010,0
50.7,2400,2.04,28.56,19.2,27,33,1030,0
50.9,2440,2.04,28.97,19.2,25.5,34,1050,0
51.09,2480,2.04,29.69,19.6,24,34,1070,0
51.27,2520,2.04,30.56,19.6,24,35,1080,0
51.48,2600,2.04,30.42,20,24,35,1090,0
51.66,2640,2.04,31.61,20,24,36,1090,0
51.87,2680,2.04,32.67,20.4,24,37,1100,0
52.06,2760,2.04,32.78,20.8,23.3,37,1100,0
52.24,2760,2.04,33.5,21.2,23.3,38,1110,0
52.45,2840,2.29,35.31,21.6,23.3,39,1110,0
52.63,2920,2.29,36.72,22.7,23.3,40,1110,0
52.82,2960,2.29,39.47,23.5,23.3,40,1120,0
53.03,3040,2.29,39.67,23.9,22.5,41,1120,0
53.21,3080,2.55,42.56,24.7,22.5,42,1120,0
53.4,3160,2.55,44.42,25.9,22.5,43,1120,0
53.61,3200,2.29,42.36,25.1,22.5,44,1130,0
53.8,3240,1.79,18.06,23.1,24,45,1150,0
54,3280,1.28,20.44,16.5,29.3,45,1080,0
54.19,3040,0.51,8.5,8.6,-4.5,46,1070,0
54.37,2800,0.51,9.58,8.6,0,46,1020,0
54.59,2560,0.51,8.47,8.6,-4.5,46,990,0
54.78,2280,0.77,8.44,7.8,3,46,970,0
54.96,2240,1.28,14.44,9,17.3,46,970,0
55.17,2200,1.53,18.94,14.1,18,46,960,0
55.35,2240,1.79,21.92,13.7,13.5,46,970,0
55.54,2240,1.79,23.31,17.3,24.8,46,980,0
55.74,2280,1.79,24.22,17.3,27,46,1000,0
55.94,2280,1.79,25.28,17.3,27,46,1020,0
56.15,2320,1.79,24.64,17.3,27,46,1030,0
56.34,2320,1.79,23.97,17.3,27.8,47,1050,0
56.53,2320,1.79,22.86,16.9,27.8,47,1050,0
56.72,2360,1.79,21.47,14.9,27.8,47,1060,0
56.92,2360,1.53,18.36,14.1,28.5,47,1050,0
57.11,2360,1.53,17.53,12.5,30,47,1040,0
57.32,2360,1.28,16.06,11.8,30.8,48,1030,0
57.51,2360,1.28,15.75,12.2,30.8,48,1020,0
57.72,2360,1.28,16.25,12.2,31.5,48,1010,0
57.92,2360,1.28,16.25,12.2,31.5,48,1000,0
58.1,2360,1.28,15.83,12.2,31.5,48,1000,0
58.31,2360,1.28,15.97,11.8,31.5,48,990,0
58.5,2360,1.28,15.58,12.2,31.5,47,990,0
58.68,2360,1.28,16.08,12.2,31.5,47,990,0
58.89,2360,1.28,16.39,12.2,31.5,47,990,0
59.08,2360,1.28,16.25,12.2,31.5,47,990,0
59.27,2360,1.28,16.03,12.2,31.5,47,980,0
59.48,2320,1.28,16.03,12.2,31.5,47,980,0
59.67,2320,1.28,15.44,12.2,31.5,47,980,0
59.88,2320,1.28,15.19,11.8,32.3,47,980,0
60.07,2320,1.28,14.81,11.8,32.3,47,980,0
60.26,2320,1.28,14.53,11.4,32.3,47,980,0
60.46,2320,1.28,13.83,11.4,32.3,47,980,0
60.65,2320,1.02,12.53,10.6,33,47,980,0
60.84,2320,1.02,12.61,10.2,33.8,47,970,0
61.04,2320,1.02,12.72,10.2,33.8,47,970,0
61.23,2320,1.02,12.78,10.2,33.8,47,960,0
61.43,2280,1.02,12.83,10.2,33.8,47,960,0
61.62,2280,1.02,13.14,10.2,33.8,47,960,0
61.81,2280,1.02,12.67,10.2,33.8,47,960,0
62.01,2280,1.02,12.58,10.2,33.8,46,960,0
62.2,2280,1.02,12.44,10.2,33.8,46,950,0
62.38,2280,1.02,12.67,10.2,33.8,46,950,0
62.59,2280,1.02,13.44,10.2,33.8,46,950,0
62.78,2240,1.28,13.17,10.6,33.8,46,950,0
62.96,2240,1.28,13.08,10.6,33.8,46,950,0
63.17,2240,1.28,13.31,10.6,33.8,46,950,0
63.36,2240,1.28,13.22,10.6,33.8,45,950,0
63.56,2200,1.02,12.39,10.2,33.8,45,950,0
63.75,2240,1.02,12.33,10.2,33.8,45,950,0
63.94,2200,1.02,12.56,10.2,33.8,45,950,0
64.14,2200,1.02,12.47,10.2,33.8,45,950,0
64.32,2200,1.28,13.44,10.2,33.8,45,950,0
64.51,2160,1.28,13.39,10.6,33,45,950,0
64.71,2200,1.28,13.53,10.6,33,44,950,0
64.9,2160,1.02,11.75,10.6,33,44,960,0
65.09,2160,1.02,9.39,9.4,33.8,44,960,0
65.32,2120,0.77,8.19,7.5,30.8,44,950,0
65.51,2120,0.77,7.94,7.1,24,44,950,0
65.71,2080,0.77,7.69,7.1,18.8,43,950,0
65.9,2080,0.77,6.92,6.7,17.3,43,940,0
66.11,2040,0.77,7.08,6.3,16.5,42,940,0
66.31,2040,0.77,7,6.3,16.5,42,940,0
66.51,2000,0.77,6.83,6.7,16.5,41,930,0
66.7,2000,0.77,6.61,6.3,16.5,41,930,0
66.91,1960,0.77,6.94,6.3,16.5,41,930,0
67.09,1960,0.77,6.56,6.3,15.8,40,930,0
67.29,1920,0.51,6.03,6.3,15.8,40,930,0
67.48,1880,0.51,5.72,5.5,-3,39,930,0
67.67,1880,0.51,5.94,5.5,-6,39,930,0
67.87,1840,0,5.92,5.5,-0.8,39,930,0
68.06,1800,0,6,5.5,-6.8,38,930,0
68.24,1800,0,5.67,5.5,-6.8,37,930,0
68.45,1760,0,5.78,5.1,-7.5,37,930,0
68.64,1720,0.51,5.47,5.1,-7.5,36,930,0
68.83,1720,0.51,5.67,5.1,-3.8,36,930,0
69.04,1680,0.77,5.5,5.1,3.8,35,930,0
69.23,1680,0.77,5.67,5.5,9.8,35,930,0
69.43,1680,0.77,6.69,5.9,15,34,920,0
69.62,1680,0.77,7.03,6.3,15,34,920,0
69.81,1680,0.77,7.19,6.7,15,34,920,0
70.01,1640,1.02,7.47,6.7,15,34,920,0
70.2,1640,1.02,8.11,7.1,15,33,920,0
70.39,1640,1.02,7.83,7.5,15,33,920,0
70.59,1640,1.02,7.89,7.5,15,33,920,0
70.78,1600,1.02,6.61,7.1,15,33,920,0
70.96,1600,1.02,6.11,6.3,12.8,33,920,0
71.17,1600,0.77,5.67,5.5,1.5,33,920,0
71.36,1560,0.77,5.5,5.1,0.8,32,920,0
71.56,1560,0.77,5.28,5.1,-1.5,32,920,0
71.75,1560,0.77,5.19,5.1,-2.3,32,920,0
71.94,1480,0,4.78,4.7,-5.3,32,920,0
72.14,1440,0,4.64,4.3,-5.3,31,920,0
72.32,1360,0,4.44,4.3,-4.5,30,920,0
72.51,1280,0,4.42,4.3,-7.5,29,920,0
72.71,1000,1.02,4,3.9,-8.3,27,920,0
72.9,960,1.28,6.25,5.5,21,26,920,0
73.09,1000,1.28,5.75,5.9,5.3,24,920,0
73.29,960,1.28,4.31,4.7,-6.8,22,920,0
73.48,920,1.02,4.69,4.3,-2.3,20,920,0
73.68,880,1.28,4.44,4.7,-2.3,18,920,0
73.87,880,1.28,4.5,4.3,0.8,16,920,0
74.06,840,1.28,4.22,4.3,1.5,15,920,0
74.26,840,1.28,4.39,4.3,3.8,13,910,0
74.45,840,1.28,4.31,4.3,4.5,12,910,0
74.64,840,1.28,4.42,4.3,4.5,12,910,0
74.84,840,1.28,4.31,4.3,3.8,11,910,0
75.03,800,1.28,4.39,4.3,4.5,11,910,0
75.21,840,1.28,4.42,4.3,5.3,10,910,0
75.42,840,2.29,4.33,4.3,6,10,910,0
75.62,1080,2.55,10.58,12.5,6,10,900,0
75.84,1280,1.53,6.5,5.9,-9,10,910,0
76.03,1280,1.28,6.92,6.3,9,10,920,0
76.21,1200,1.28,6.67,6.3,20.3,10,920,0
76.42,1120,1.53,6.67,6.3,21.8,10,920,0
76.61,1200,1.53,7.75,6.7,21,10,920,0
76.79,1160,1.79,8.08,7.5,21,10,920,0
76.99,1240,1.79,8.42,7.8,20.3,10,920,0
77.18,1240,2.04,9.39,8.6,20.3,10,920,0
77.37,1280,2.04,9.39,8.2,20.3,10,920,0
77.57,1320,2.04,10.08,8.6,20.3,11,920,0
77.76,1240,1.28,4.89,8.6,-3.8,11,930,0
77.96,1200,1.02,4.31,4.3,-5.3,11,920,0
78.15,1080,1.02,3.89,3.9,-4.5,11,920,0
78.34,1000,1.02,4.08,4.3,6.8,11,920,0
78.55,920,1.02,4.31,4.3,6,11,920,0
78.73,880,1.02,4.14,3.9,4.5,11,920,0
78.92,840,1.02,3.97,3.9,6,10,920,0
79.13,800,1.28,4.17,3.9,6.8,10,910,0
79.31,800,1.28,4.08,3.9,13.5,9,910,0
79.5,800,1.28,4.36,4.3,14.3,8,910,0
79.7,800,1.28,4.53,4.3,5.3,7,910,0
79.89,840,1.28,4.44,4.3,3,6,910,0
80.09,840,1.28,4.31,4.3,2.3,5,910,0
80.28,840,1.28,4.17,4.3,3,4,910,0
80.47,800,1.28,4.53,4.3,4.5,3,910,0
80.67,800,1.28,4.69,4.3,3.8,3,910,0
80.85,800,1.28,4.86,4.7,0,2,910,0
81.04,840,1.28,4.61,4.7,-0.8,1,910,0
81.26,840,1.28,4.56,4.3,-1.5,0,910,0
81.46,840,1.28,4.53,4.3,-0.8,0,910,0
81.67,840,1.28,4.75,4.3,0.8,0,910,0
81.85,840,1.28,4.47,4.3,-0.8,0,910,0
82.05,840,1.28,4.56,4.3,0,0,910,0
82.24,840,1.28,4.53,4.3,0,0,910,0
82.43,840,1.28,4.14,4.3,0,0,910,0
82.62,840,1.28,4.42,4.3,1.5,0,910,0
82.82,840,1.28,4.61,4.3,1.5,0,910,0
83.01,840,1.28,4.58,4.7,0,0,910,0
83.23,840,1.28,4.58,4.7,-0.8,0,910,0
83.42,840,1.28,4.67,4.7,-0.8,0,910,0
83.61,840,1.28,4.67,4.3,-0.8,0,910,0
83.81,840,1.28,4.69,4.3,-1.5,0,910,0
84,800,1.28,4.69,4.3,-0.8,0,910,0
84.18,800,1.28,4.58,4.3,-0.8,0,910,0
84.38,840,1.28,4.72,4.3,-0.8,0,910,0
84.58,840,1.28,4.5,4.3,-1.5,0,910,0
84.79,800,1.28,4.53,4.3,0,0,910,0
84.98,800,1.28,4.33,4.3,0.8,0,910,0
85.17,800,1.28,4.64,4.3,1.5,0,910,0
85.37,800,1.28,4.47,4.3,0.8,0,910,0
85.56,800,1.28,4.5,4.3,0.8,0,910,0
85.75,800,1.28,4.47,4.3,0.8,0,910,0
85.95,800,1.28,4.42,4.3,0.8,0,910,0
86.14,800,1.28,4.56,4.3,0.8,0,910,0
86.32,800,1.28,4.31,4.3,0.8,0,910,0
86.55,800,1.28,4.36,4.3,1.5,0,910,0
86.73,800,1.28,4.39,4.3,1.5,0,910,0
86.93,800,1.28,4.67,4.3,0,0,910,0
87.12,800,1.28,4.31,4.3,0,0,910,0
87.31,840,1.28,4.42,4.3,0.8,0,910,0
87.51,840,1.28,4.42,4.3,1.5,0,910,0
87.7,840,1.28,4.67,4.3,1.5,0,910,0
87.89,840,1.28,4.42,4.3,0,0,910,0
88.09,840,1.28,4.56,4.3,-0.8,0,910,0
88.28,840,1.28,4.81,4.3,0,0,910,0
88.46,840,1.28,4.61,4.3,-1.5,0,910,0
88.67,840,1.28,4.64,4.3,-0.8,0,910,0
88.85,800,1.28,4.36,4.3,-0.8,0,910,0
89.06,800,1.28,4.58,4.3,0,0,910,0
89.24,800,1.28,4.58,4.3,-0.8,0,910,0
89.43,800,1.28,4.58,4.3,-0.8,0,910,0
89.64,800,1.28,4.44,4.3,0,0,910,0
89.82,800,1.28,4.5,4.3,0.8,0,910,0
90.01,800,1.28,4.31,4.3,0.8,0,910,0
90.22,800,1.28,4.56,4.3,1.5,0,910,0
90.4,800,1.28,4.44,4.3,0.8,0,910,0
90.59,800,1.28,4.56,4.3,0,0,910,0
90.8,800,1.28,4.5,4.3,0.8,0,910,0
90.98,800,1.28,4.39,4.3,0,0,910,0
91.18,800,1.28,4.56,4.3,0.8,0,910,0
91.37,840,1.28,4.31,4.3,1.5,0,910,0
91.56,840,1.28,4.53,4.3,1.5,0,910,0
91.77,840,1.28,4.53,4.3,1.5,0,910,0
91.95,800,1.28,4.5,4.3,1.5,0,910,0
92.14,800,1.28,4.53,4.3,0,0,910,0
92.34,800,1.28,4.64,4.3,0,0,910,0
92.53,800,1.28,4.56,4.3,0,0,910,0
92.71,800,1.28,4.64,4.3,0,0,910,0
92.92,800,1.28,4.36,4.3,0,0,910,0
93.1,800,1.28,4.44,4.3,1.5,0,910,0
93.31,800,1.28,4.42,4.3,0.8,0,910,0
93.5,800,1.28,4.42,4.3,1.5,0,910,0
93.68,800,1.28,4.5,4.3,2.3,0,910,0
93.89,800,1.28,4.47,4.3,1.5,0,910,0
94.07,800,1.28,4.42,4.3,1.5,0,910,0
94.26,800,1.28,4.44,4.3,1.5,0,910,0
94.46,800,1.28,4.42,4.3,0.8,0,910,0
94.65,800,1.28,4.31,4.3,1.5,0,910,0
94.84,800,1.28,4.56,4.3,2.3,0,910,0
95.05,800,1.28,4.44,4.3,0,0,910,0
95.23,800,1.28,4.61,4.3,0,0,910,0
95.43,800,1.28,4.58,4.3,0,0,910,0
95.62,840,1.28,4.47,4.3,-0.8,0,910,0
95.8,800,1.28,4.36,4.3,0,0,910,0
96.01,800,1.28,4.47,4.3,0,0,910,0
96.2,800,1.28,4.31,4.3,0,0,910,0
96.4,800,1.28,4.44,4.3,0,0,910,0
96.61,840,2.04,4.72,4.3,1.5,0,910,0
96.83,1040,3.06,12.61,12.5,5.3,0,900,0
97.05,1480,2.81,17.97,15.7,11.3,0,900,0
97.24,1680,2.81,20.89,20.4,16.5,0,910,0
97.43,1720,3.06,24,23.1,18.8,0,930,0
97.63,1760,3.06,25.06,25.1,19.5,0,970,0
97.82,1760,3.06,26.89,25.1,19.5,2,990,0
98.01,1720,3.06,25.94,25.1,12,3,1020,0
98.22,1680,3.06,25.28,23.9,15,5,1050,0
98.4,1680,3.06,24.72,22.4,14.3,7,1070,0
98.61,1560,2.81,23.25,22,15,9,1070,0
98.79,1560,2.81,21.75,20.4,6,11,1080,0
98.98,1840,2.81,24.36,18.8,5.3,13,1080,0
99.18,1880,2.81,25.72,19.2,11.3,14,1090,0
99.37,2080,2.29,27.08,19.2,18.8,15,1090,0
99.56,2200,2.29,28.19,20,23.3,16,1090,0
99.76,2320,2.29,30.67,20.4,24,18,1090,0
99.95,2480,2.29,32.11,21.2,24,19,1100,0
100.14,2640,2.29,32.69,21.6,23.3,20,1100,0
100.34,2800,2.29,35,22,23.3,22,1110,0
100.53,2920,2.29,37.17,22.4,23.3,23,1120,0
100.73,3120,2.29,37.72,22.7,23.3,24,1120,0
100.92,3200,2.29,41.03,23.1,23.3,26,1130,0
101.12,3400,2.29,42.33,23.5,24,27,1130,0
101.32,3520,2.29,43.81,23.9,24.8,28,1120,0
101.51,3680,1.79,39.31,23.9,24.8,30,1120,0
101.7,3440,0,10.83,13.7,30,31,1100,0
101.9,3120,0,9.75,9.4,-3.8,32,1040,0
102.09,2800,0,10.53,9.4,-3.8,32,1000,0
102.3,2480,0.51,9.83,8.6,-4.5,32,980,0
102.5,2280,0.77,9.64,7.8,15,32,970,0
102.68,2280,1.53,16.42,11,17.3,32,950,0
102.89,2320,2.04,25.53,17.3,15.8,32,950,0
103.09,2400,2.29,28.25,18,19.5,33,970,0
103.28,2440,2.81,37.06,26.3,21.8,33,1000,0
103.48,2520,3.06,41.28,31.4,20.3,34,1050,0
103.67,2600,3.06,41.69,30.6,20.3,35,1100,0
103.87,2720,2.81,41.17,29.4,20.3,36,1120,0
104.06,2800,2.81,41.97,29.4,21,37,1130,0
104.25,2880,2.81,45.08,30.2,21,38,1130,0
104.45,2960,2.81,46.53,31.4,21,39,1130,0
104.64,3080,2.81,46.94,32.5,21,41,1130,0
104.84,3160,2.81,49.61,33.3,21,42,1130,0
105.07,3240,2.81,51.44,34.5,21.8,44,1120,0
105.26,3360,2.55,51.31,34.5,21.8,45,1130,0
105.48,3480,2.55,52.78,34.9,21.8,46,1120,0
105.67,3480,1.53,25.94,29.4,15,48,1160,0
105.85,3320,0.51,9.92,15.3,27,49,1130,0
106.07,3040,0.51,9.67,8.6,-1.5,49,1050,0
106.26,2800,0.51,9.97,9,-4.5,49,1020,0
106.45,2520,0.77,9.11,8.6,-4.5,49,990,0
106.65,2480,1.53,17.92,10.6,19.5,50,960,0
106.84,2480,2.04,29.75,16.9,16.5,50,940,0
107.05,2520,2.29,33.92,20,17.3,50,980,0
107.23,2520,2.55,38.19,25.9,19.5,50,1030,0
107.42,2600,2.55,40.58,26.3,21,51,1090,0
107.63,2640,2.55,38.58,26.3,21,51,1120,0
107.83,2680,2.55,38.61,25.9,21,52,1120,0
108.01,2720,2.55,37.5,25.9,21.8,53,1120,0
108.24,2760,2.55,39.78,25.9,21.8,54,1130,0
108.43,2800,2.55,39.22,26.3,21.8,55,1130,0
108.64,2840,2.55,39.44,26.3,21,56,1130,0
108.83,2880,2.55,41.72,26.3,21.8,57,1130,0
109.01,2920,2.55,40.75,26.3,21.8,58,1130,0
109.21,2960,2.55,42.06,25.9,22.5,58,1130,0
109.4,3000,2.29,42.06,25.9,22.5,59,1130,0
109.59,3040,2.55,41.61,26.3,22.5,60,1130,0
109.79,3080,2.04,20.14,25.9,22.5,61,1140,0
109.98,3000,0.77,14.33,14.9,28.5,62,1100,0
110.19,2800,0.51,7.86,7.8,3,62,1060,0
110.37,2560,0.51,9.17,8.2,-4.5,62,1020,0
110.56,2400,0.51,8.22,7.8,-4.5,62,990,0
110.76,2280,1.02,13.75,7.5,20.3,62,960,0
110.95,2320,2.04,25.42,14.1,15.8,62,940,0
111.14,2320,2.29,30.31,19.2,15.8,63,970,0
111.34,2360,2.29,30.44,21.6,18.8,63,1010,0
111.53,2360,2.29,30.97,21.6,22.5,63,1050,0
111.71,2400,2.29,31.25,21.2,23.3,64,1080,0
111.92,2400,2.29,30.08,21.2,23.3,64,1110,0
112.1,2400,2.29,28.56,19.6,23.3,65,1110,0
112.31,2440,2.04,29.33,19.2,23.3,65,1110,0
112.49,2440,2.04,27.11,19.2,23.3,66,1110,0
112.68,2480,2.04,25.92,17.3,23.3,66,1100,0
112.9,2480,1.79,22.33,16.1,24.8,67,1100,0
113.09,2480,1.79,21.94,15.3,26.3,67,1080,0
113.28,2520,1.53,22.5,14.9,27,67,1070,0
113.48,2520,1.79,22.28,15.3,27,68,1060,0
113.67,2520,1.53,21.19,14.9,27,68,1060,0
113.87,2520,1.53,21.83,14.5,28.5,68,1050,0
114.06,2520,1.53,21.58,14.9,28.5,68,1050,0
114.24,2560,1.53,21.31,14.5,28.5,69,1050,0
114.45,2560,1.53,19.97,14.1,28.5,69,1040,0
114.64,2560,1.28,19.19,14.1,29.3,69,1040,0
114.82,2600,1.28,19.25,13.7,29.3,69,1030,0
115.03,2600,1.28,18.67,13.7,29.3,70,1030,0
115.21,2600,1.28,17.58,13.7,30.8,70,1030,0
115.4,2600,1.28,17.64,12.9,31.5,70,1020,0
115.61,2600,1.28,16.25,12.5,31.5,70,1020,0
115.81,2600,1.28,16.03,12.2,32.3,70,1010,0
116.02,2600,1.28,15.69,11.8,33,71,1010,0
116.2,2640,1.28,15.61,11.8,33.8,71,1000,0
116.39,2640,1.02,15.33,11.8,33.8,71,1000,0
116.59,2640,1.02,14.53,11.4,34.5,71,1000,0
116.78,2640,1.02,14.47,11,35.3,72,990,0
116.96,2680,1.02,14.72,11,35.3,72,990,0
117.17,2680,1.02,14.69,11.4,35.3,72,980,0
117.35,2680,1.02,14.94,11.4,35.3,72,980,0
117.56,2680,1.02,14.75,11.4,35.3,72,980,0
117.76,2680,1.02,14.81,11.4,35.3,72,980,0
117.95,2680,1.02,14.67,11.4,35.3,72,970,0
118.17,2680,1.02,15.22,11.4,35.3,72,970,0
118.36,2640,1.02,15.22,11.8,35.3,72,970,0
118.54,2640,1.02,15.39,11.8,34.5,72,980,0
118.75,2640,1.02,15.69,11.8,34.5,72,980,0
118.93,2640,1.02,15.39,11.8,34.5,72,980,0
119.12,2640,1.02,14.64,11.8,35.3,72,980,0
119.32,2640,1.02,15.67,11.8,35.3,72,980,0
119.51,2640,1.02,15.64,11.8,34.5,72,980,0
119.71,2640,1.02,15.78,11.8,34.5,72,980,0
119.92,2640,1.02,15.17,11.8,33.8,72,980,0
120.11,2640,1.02,15.58,11.8,34.5,72,980,0
120.31,2600,1.02,15.61,11.8,33.8,71,980,0
120.49,2600,1.02,15.42,11.8,33.8,71,980,0
120.69,2600,1.02,15.69,11.8,34.5,71,980,0
120.88,2600,1.02,15.47,11.8,33.8,71,980,0
121.07,2600,1.02,15.11,11.8,33.8,71,980,0
121.28,2600,1.02,13.75,11.4,33.8,71,980,0
121.47,2560,1.02,11.56,10.2,35.3,70,980,0
121.65,2560,0.77,9.56,8.6,36.8,70,980,0
121.85,2520,0.51,8.42,7.8,34.5,70,970,0
122.04,2520,0.51,8.11,7.1,18.8,70,960,0
122.23,2520,0.51,8.11,7.1,12,69,960,0
122.43,2520,0.51,8.44,7.5,-1.5,69,950,0
122.63,2480,0.51,8.08,7.5,-4.5,69,950,0
122.84,2480,0,8.25,7.5,-4.5,68,940,0
123.03,2440,0,8.5,7.5,0,68,940,0
123.21,2440,0,8.14,7.5,-5.3,67,940,0
123.43,2400,0,8.28,7.1,-5.3,67,940,0
123.62,2400,0,8.14,7.1,-5.3,66,940,0
123.81,2360,0,7.97,7.1,-5.3,66,940,0
124.01,2360,0,8.19,7.1,-5.3,65,940,0
124.21,2320,0,7.42,7.1,-5.3,65,940,0
124.43,2280,0,7.83,6.7,-4.5,64,940,0
124.62,2280,0,7.67,6.7,-5.3,63,940,0
124.81,2200,0,7.5,6.7,-5.3,62,940,0
125.01,2160,0,7.33,6.7,-5.3,61,940,0
125.2,2120,0,7.06,6.7,-5.3,60,940,0
125.39,2080,0,6.64,6.3,-5.3,59,940,0
125.61,2040,0,6.53,6.3,-5.3,58,940,0
125.8,2000,0,6.47,5.9,-5.3,57,940,0
125.98,1960,0,6.08,5.9,-5.3,55,940,0
126.18,1880,0,5.94,5.5,-5.3,54,940,0
126.38,1840,0,5.92,5.5,-6,53,940,0
126.59,1760,0,5.53,5.5,-6.8,51,940,0
126.78,1720,0,5.44,5.1,-7.5,50,940,0
126.96,1640,0,5.19,5.1,-7.5,48,940,0
127.16,1600,0,5.11,4.7,-7.5,46,940,0
127.35,1520,0,4.58,4.7,-6.8,45,940,0
127.55,1400,0,4.69,4.3,-6.8,43,940,0
127.74,1160,1.02,5.61,4.3,-7.5,41,930,0
127.94,1120,1.28,6.25,6.3,17.3,40,930,0
128.14,1120,1.02,5.03,5.1,-4.5,39,930,0
128.35,1040,1.02,4.67,4.7,-6,37,930,0
128.54,1040,1.02,4.53,4.7,3.8,35,920,0
128.76,1000,1.02,4.89,4.7,3.8,33,920,0
128.95,960,1.02,4.56,4.7,1.5,32,920,0
129.14,920,1.02,4.39,4.3,0.8,30,920,0
129.34,880,1.02,4.31,4.3,1.5,29,920,0
129.53,840,1.02,4.31,3.9,0.8,28,920,0
129.73,800,1.02,4.06,3.9,2.3,27,920,0
129.92,800,1.28,4.08,3.9,5.3,26,920,0
130.11,800,1.28,4.11,3.9,9.8,25,920,0
130.31,800,1.28,4.33,4.3,12.8,24,910,0
130.49,800,1.28,4.19,4.3,7.5,23,910,0
130.68,800,1.53,4.08,4.3,5.3,22,910,0
130.88,800,1.53,4.28,4.3,4.5,22,910,0
131.07,800,1.28,4.11,3.9,4.5,21,910,0
131.26,800,1.28,4.14,3.9,5.3,20,910,0
131.47,800,1.28,4.08,3.9,6,19,910,0
131.65,840,1.28,4.22,3.9,5.3,18,910,0
131.85,840,1.28,4.28,3.9,5.3,16,910,0
132.05,840,1.28,4.31,4.3,4.5,15,910,0
132.23,800,1.28,4.31,4.3,4.5,14,910,0
132.43,800,1.53,4.31,4.3,4.5,12,910,0
132.62,800,1.53,4.31,3.9,4.5,10,910,0
132.81,800,1.28,4.19,4.3,4.5,8,910,0
133.01,800,1.53,4.11,3.9,5.3,6,910,0
133.2,800,1.53,4.39,3.9,4.5,5,910,0
133.39,800,1.53,4.17,3.9,3.8,3,910,0
133.59,800,1.53,4.47,4.3,4.5,2,910,0
133.78,840,1.53,4.58,4.7,2.3,2,910,0
133.98,840,1.53,4.56,4.3,-0.8,1,910,0
134.17,840,1.53,4.5,4.3,-0.8,0,910,0
134.36,840,1.53,4.5,4.3,-1.5,0,910,0
134.55,840,1.53,4.22,4.3,-0.8,0,910,0
134.74,840,1.53,4.69,4.3,0.8,0,910,0
134.93,840,1.28,4.53,4.3,-1.5,0,910,0
135.13,840,1.28,4.33,4.3,0,0,910,0
135.32,840,1.28,4.47,4.3,0,0,910,0
135.51,840,1.28,4.44,4.3,0,0,910,0
135.71,840,1.28,4.47,4.3,0.8,0,910,0
135.9,840,1.28,4.42,4.3,0,0,910,0
136.1,800,1.28,4.44,4.3,0,0,910,0
136.3,840,1.28,4.42,4.3,0.8,0,910,0
136.48,840,1.28,4.44,4.3,0,0,910,0
136.68,840,1.28,4.47,4.3,0.8,0,910,0
136.87,840,1.28,4.33,4.3,0.8,0,910,0
137.05,840,1.28,4.47,4.3,0.8,0,910,0
137.26,840,1.28,4.56,4.3,0,0,910,0
137.45,840,1.28,4.33,4.3,0,0,910,0
137.64,840,1.28,4.25,4.3,0.8,0,910,0
137.84,800,1.28,4.44,4.3,0.8,0,910,0
138.04,840,1.28,4.47,4.3,0,0,910,0
138.25,840,1.79,6.89,4.3,-0.8,0,910,0
138.43,1040,2.55,11.39,11.8,5.3,0,900,0
138.62,1440,2.04,11.28,10.6,5.3,0,910,0
138.82,1520,1.28,8.08,9.4,-3.8,0,920,0
139.01,1480,1.02,7.83,7.5,6.8,0,920,0
139.2,1400,1.02,7.69,7.5,14.3,0,920,0
139.4,1320,1.53,9.94,7.5,20.3,0,920,0
139.59,1320,1.79,11.22,8.6,19.5,0,920,0
139.77,1400,2.55,14.92,11.4,20.3,0,920,0
139.98,1600,2.81,19.42,15.3,21,0,920,0
140.17,1800,2.81,25.25,22,18,1,930,0
140.4,1960,2.81,29.08,28.6,20.3,2,970,0
140.59,1960,3.06,30.31,31,19.5,3,1020,0
140.78,1880,3.06,29.44,31.8,18.8,5,1060,0
141,1760,3.06,28.22,32.2,18,7,1100,0
141.18,1680,3.57,27.08,32.9,15,9,1130,0
141.39,1800,3.31,27.89,26.7,2.3,12,1150,0
141.57,1960,2.81,31.5,27.5,8.3,13,1170,0
141.76,2200,2.81,32.67,22,18.8,15,1190,0
141.96,2360,2.55,33.22,22.4,18,17,1190,0
142.15,2560,2.29,21.97,22.4,20.3,19,1170,0
142.34,2640,1.79,21.19,18.4,23.3,21,1100,0
142.55,2480,0.77,8.69,13.7,23.3,22,1090,0
142.73,2280,0.51,6.67,7.1,-6,23,1040,0
142.92,2000,0.51,6.19,7.1,-6,23,1010,0
143.12,1880,0.51,5.75,5.9,9.8,23,980,0
143.31,1680,0.77,7.72,7.1,17.3,23,960,0
143.51,1760,1.53,13.67,9,15.8,24,940,0
143.7,1720,2.04,17.5,14.5,15.8,24,950,0
143.89,1800,2.29,22.36,14.5,18.8,24,950,0
144.09,1840,2.55,27.58,21.6,20.3,25,970,0
144.27,1960,2.55,29.64,27.8,18.8,25,1010,0
144.46,2040,2.55,32.11,31.4,18,26,1050,0
144.69,2120,2.55,33.94,31.8,19.5,28,1100,0
144.87,2200,2.81,37.86,32.5,18,29,1150,0
145.06,2320,2.81,41.03,31.8,18,30,1190,0
145.26,2440,3.06,45.92,32.2,17.3,31,1250,0
145.45,2560,3.31,50.06,32.5,15,33,1310,0
145.65,2680,3.31,53.08,32.2,16.5,35,1360,0
145.84,2800,3.31,56.17,31.8,14.3,36,1400,0
146.03,2920,3.31,55.42,32.5,16.5,38,1420,0
146.23,3040,3.31,57.58,31.8,15,40,1410,0
146.42,3200,3.06,59.31,33.7,18,42,1380,0
146.61,3320,3.06,59.89,35.3,18,43,1350,0
146.82,3440,3.06,61.06,37.3,18.8,45,1310,0
147.01,3560,3.06,63.28,38.4,19.5,47,1290,0
147.2,3640,3.06,66.36,40,20.3,49,1270,0
147.4,3760,2.81,66.33,41.2,20.3,50,1270,0
147.59,3880,2.55,65.97,40.8,21,52,1270,0
147.8,3720,0,9.39,22.4,12,53,1220,0
147.98,3400,0,8.25,8.6,-4.5,54,1100,0
148.17,3080,0,10.42,9.8,-3.8,55,1040,0
148.37,2840,0.51,10.64,9.4,-3.8,55,1010,0
148.56,2720,1.28,17.78,10.6,21,55,970,0
148.74,2760,2.29,36.92,20.4,20.3,55,940,0
148.95,2800,2.55,43.58,23.9,17.3,56,1010,0
149.14,2880,2.81,48.03,31.4,19.5,56,1080,0
149.33,2920,3.06,44.83,34.1,20.3,57,1130,0
149.53,2960,2.55,47.47,34.9,20.3,58,1140,0
149.72,3000,2.81,48.78,36.1,20.3,59,1140,0
149.93,3080,2.81,51.25,38,21.8,60,1160,0
150.12,3120,2.81,51.81,39.2,21.8,61,1170,0
150.31,3160,2.81,54.36,40,21,62,1190,0
150.51,3240,2.81,55.36,40,21,63,1200,0
150.7,3280,2.81,57.67,39.6,21.8,64,1210,0
150.88,3320,2.81,57.78,41.2,23.3,65,1230,0
151.09,3400,2.81,56.78,41.2,21,66,1230,0
151.28,3440,2.81,60.36,41.2,21,67,1240,0
151.48,3480,3.06,60.61,41.2,21.8,68,1250,0
151.67,3560,2.81,61.92,42.4,20.3,70,1260,0
151.85,3600,2.81,63.67,42.7,22.5,71,1260,0
152.08,3640,2.81,64.11,42.4,22.5,72,1260,0
152.26,3680,0,20.94,25.1,9,73,1220,0
152.45,3360,0,7.53,9.8,-3,74,1120,0
152.65,3000,0,9.86,9,-3,74,1040,0
152.84,2720,0.51,10.56,9.4,-4.5,74,1010,0
153.03,2840,1.79,28.17,9.8,22.5,74,950,0
153.23,2840,2.55,45.5,23.9,14.3,74,950,0
153.42,2760,3.06,49.72,32.2,18.8,75,1050,0
153.63,2800,3.06,49.97,36.1,19.5,75,1130,0
153.82,2840,3.31,54.86,38.8,21.8,76,1220,0
154.01,2880,3.06,57.81,39.2,21,76,1320,0
154.21,2880,3.31,61.17,38.4,19.5,77,1410,0
154.4,2920,3.57,62.67,37.6,18,78,1460,0
154.6,2960,3.31,62.39,38,15,79,1500,0
154.8,3000,3.31,60.75,34.1,16.5,80,1500,0
154.99,3040,3.31,59.53,35.3,16.5,81,1480,0
155.2,3080,3.31,62.31,34.9,14.3,82,1470,0
155.4,3120,3.31,64.5,35.7,18,83,1470,0
155.59,3160,3.31,63.39,36.1,13.5,84,1460,0
155.79,3200,3.31,63.56,37.3,18,84,1450,0
155.98,3200,3.31,63.92,38.4,15,85,1460,0
156.17,3240,3.31,65.25,38,15.8,86,1440,0
156.37,3280,3.31,65.89,38.8,14.3,87,1450,0
156.56,3320,3.31,66.94,38.4,18.8,88,1450,0
156.76,3360,3.31,68.92,39.6,17.3,89,1450,0
156.95,3400,3.31,65.97,38.4,18.8,90,1430,0
157.14,3400,3.31,67.19,38.8,18,91,1420,0
157.34,3440,3.31,69.33,39.2,14.3,92,1420,0
157.53,3480,3.31,69.28,40,15.8,93,1410,0
157.71,3520,3.06,68.08,40.4,18,94,1400,0
157.92,3560,2.81,57.72,39.6,17.3,95,1410,0
158.1,3520,2.29,40.28,23.1,20.3,95,1330,0
158.29,3560,2.29,43.39,22.4,25.5,96,1200,0
158.5,3560,2.29,43.44,24.3,26.3,96,1150,0
158.68,3560,2.04,43.42,23.5,26.3,96,1140,0
158.88,3560,2.04,39.81,23.1,27,97,1140,0
159.07,3600,2.04,39.5,21.6,27.8,97,1130,0
159.26,3560,1.53,28.81,20,27.8,97,1150,0
159.46,3600,1.28,25.33,16.9,32.3,97,1120,0
159.65,3600,1.02,20.36,13.3,32.3,97,1110,0
159.84,3600,1.02,19.83,13.7,31.5,97,1080,0
160.05,3560,0.77,16.61,12.2,31.5,97,1070,0
160.23,3560,0.77,15.06,11.4,32.3,97,1050,0
160.42,3560,0.77,13.64,11,28.5,97,1030,0
160.63,3520,0.77,13.67,10.6,15,97,1020,0
160.82,3520,0.77,13.47,10.2,9.8,96,1010,0
161.03,3520,0.77,13.28,10.2,7.5,96,1000,0
161.22,3480,0.77,13.03,10.2,3.8,96,1000,0
161.4,3480,0.77,12.92,10.2,3.8,96,990,0
161.61,3480,0.77,12.69,10.2,4.5,95,990,0
161.8,3480,0.77,12.72,9.8,3,95,990,0
161.98,3440,0.77,12.69,9.8,2.3,95,980,0
162.19,3440,0.77,12.5,9.8,-2.3,94,980,0
162.37,3440,0.77,12.14,9.8,-3.8,94,980,0
162.56,3440,0,12.19,9.8,-3.8,94,980,0
162.76,3400,0,12.47,9.8,6,93,980,0
162.94,3400,0,12.25,9.8,-3.8,93,970,0
163.15,3400,0,11.94,9.8,-3.8,93,970,0
163.34,3360,0,12.14,9.8,-3.8,92,970,0
163.52,3360,0,12.06,9.8,-3.8,92,970,0
163.73,3360,0,12.14,9.8,-3.8,92,960,0
163.91,3360,0,11.94,9.8,-3.8,92,960,0
164.11,3360,0,11.78,9.8,-3.8,91,960,0
164.31,3320,0,11.81,9.4,-3.8,91,960,0
164.49,3320,0,11.86,9.4,-3.8,91,960,0
164.68,3320,0,11.83,9.4,-3.8,90,960,0
164.89,3320,0,11.69,9.4,-3.8,90,960,0
165.08,3280,0,11.72,9.4,-3.8,90,960,0
165.27,3280,0,11.72,9.4,-3.8,90,960,0
165.46,3280,0,11.56,9.4,-3.8,89,960,0
165.67,3280,0,11.69,9.4,-3.8,89,960,0
165.89,3240,0,11.64,9.4,-3.8,89,960,0
166.07,3240,0,11.92,9.4,-3.8,89,960,0
166.26,3240,0,11.39,9.4,-3.8,89,960,0
166.46,3240,0,11.5,9.4,-3.8,88,950,0
166.65,3240,0,11.53,9.4,-3.8,88,950,0
166.84,3240,0,11.58,9.4,-3.8,88,950,0
167.05,3240,0,11.83,9.4,-3.8,88,950,0
167.23,3240,0,11.53,9.4,-3.8,88,950,0
167.43,3240,0,11.58,9.4,-3.8,88,950,0
167.63,3240,0,11.33,9.4,-3.8,88,950,0
167.82,3200,0,11.69,9.4,-3.8,88,950,0
168.03,3200,0,11.56,9.4,-3.8,88,950,0
168.23,3200,0,11.19,9.4,-3.8,87,950,0
168.42,3200,0,11.44,9.4,-3.8,87,950,0
168.62,3200,0,11.17,9.4,-3.8,87,950,0
168.81,3200,0,11.28,9.4,-3.8,87,950,0
169,3200,0,11.5,9.4,-3.8,87,950,0
169.19,3160,0,11.17,9.4,-3.8,87,950,0
169.39,3160,0,11.25,9.4,-3.8,86,950,0
169.61,3160,0,11.11,9.4,-3.8,86,950,0
169.79,3160,0,11.19,9,-3.8,86,950,0
169.98,3120,0,11.33,9,-3.8,86,950,0
170.18,3120,0,10.92,9,-3.8,85,950,0
170.37,3120,0,10.97,9,-3.8,85,950,0
170.56,3120,0,10.81,9,-3.8,85,950,0
170.76,3120,0,11.14,9,-3.8,85,950,0
170.95,3080,0,10.75,9,-3.8,85,950,0
171.18,3080,0,10.75,9,-3.8,84,950,0
171.37,3080,0,10.86,9,-3.8,84,950,0
171.55,3080,0,10.94,9,-3.8,84,950,0
171.76,3080,0,11.42,9,-3.8,84,950,0
171.95,3080,0,10.69,9,-3.8,84,960,0
172.14,3040,0,10.92,9,-3.8,83,960,0
172.34,3040,0,10.83,9,-3.8,83,960,0
172.52,3040,0,10.78,9,-3.8,83,960,0
172.75,3000,0,10.81,9,-3.8,83,960,0
172.93,3000,0,10.64,9,-3.8,82,960,0
173.12,3000,0,10.61,9,-3.8,82,960,0
173.32,3000,0,10.86,8.6,-3,82,960,0
173.52,3000,0,10.78,9,-3.8,82,960,0
173.7,3000,0,10.44,9,-3.8,82,960,0
173.9,2960,0,10.56,8.6,-3.8,81,960,0
174.09,3000,0,10.69,8.6,-3.8,81,960,0
174.28,2960,0,10.25,8.6,-4.5,81,960,0
174.48,2960,0,10.47,8.6,-4.5,81,960,0
174.67,2960,0,10.42,8.6,-4.5,81,960,0
174.87,2960,0,10.47,8.6,-4.5,81,960,0
175.06,2960,0.77,10.72,8.6,-4.5,81,960,0
175.25,2960,0.77,10.31,8.6,3,81,960,0
175.45,3040,1.02,16.86,10.6,17.3,81,950,0
175.64,3000,1.28,20,13.7,10.5,81,960,0
175.82,3000,1.79,26.86,15.3,20.3,81,960,0
176.02,3040,1.79,30.22,18,27,81,1000,0
176.22,3040,2.04,32.14,19.2,27,82,1040,0
176.4,3080,2.04,32.14,18.8,26.3,82,1080,0
176.62,3080,1.79,31.47,18.4,26.3,83,1120,0
176.81,3120,1.79,29.17,18,27,83,1130,0
177.01,3120,1.53,26.75,16.9,28.5,84,1120,0
177.2,3160,1.28,23.39,16.1,30,84,1110,0
177.39,3160,1.28,24.28,15.3,32.3,85,1090,0
177.59,3160,1.28,24.08,15.7,31.5,85,1090,0
177.78,3200,1.28,23.42,15.3,33,86,1080,0
177.97,3200,1.28,23.61,15.3,33.8,86,1070,0
178.17,3200,1.28,24.17,15.3,33.8,86,1070,0
178.35,3240,1.28,22.53,14.9,33.8,87,1070,0
178.56,3240,1.02,16.61,13.7,33.8,87,1070,0
178.75,3240,0.77,13.42,11.4,35.3,87,1060,0
178.93,3240,0.77,12.61,10.2,35.3,88,1040,0
179.14,3200,0.51,10.14,9.8,35.3,88,1020,0
179.32,3240,0.51,10.44,8.6,33.8,88,1000,0
179.51,3240,0.51,11.08,9,20.3,88,990,0
179.71,3240,0.51,11.42,9,12,88,980,0
179.9,3240,0.51,11.19,9,8.3,88,980,0
180.09,3240,0.51,11.67,9,6.8,88,970,0
180.29,3240,0.51,11.56,9.4,3,88,970,0
180.48,3240,0.51,11.22,9.4,-1.5,88,970,0
180.68,3240,0.77,11.17,9.4,-3,88,970,0
180.87,3240,0.51,11.56,9,-3.8,88,970,0
181.06,3240,0,11.61,9.4,3,88,970,0
181.26,3200,0,11.28,9,-3.8,88,970,0
181.45,3200,0,11.08,9,-3.8,87,960,0
181.64,3200,0,11.31,9.4,-3.8,87,960,0
181.84,3200,0,11.25,9.4,-3.8,87,960,0
182.03,3200,0,11.17,9.4,-3.8,87,960,0
182.22,3200,0,11.25,9,-3.8,87,960,0
182.42,3160,0,11.44,9,-3.8,87,960,0
182.61,3160,0,11.11,9.4,-3.8,86,960,0
182.81,3160,0,11.03,9,-3.8,86,950,0
182.99,3160,0,11.36,9.4,-3.8,86,950,0
183.18,3160,0,11.47,9.4,-3.8,86,950,0
183.39,3160,0,11.31,9,-3.8,86,950,0
183.57,3120,0,11.11,9,-3.8,86,950,0
183.76,3120,0,11,9,-3.8,85,950,0
183.96,3120,0,11.06,9,-3.8,85,950,0
184.15,3120,0,10.92,9,-3.8,85,950,0
184.34,3120,0,10.64,9,-3.8,85,950,0
184.55,3080,0,10.81,9,-3.8,85,950,0
184.73,3080,0,10.61,9,-3.8,84,950,0
184.93,2800,0,10.78,9,-3.8,84,950,0
185.12,2480,0,9.42,8.2,-4.5,84,960,0
185.31,2200,0,8.14,7.5,-5.3,84,960,0
185.52,2040,0.77,6.42,6.7,-5.3,84,960,0
185.7,2360,0.51,6.56,5.5,4.5,84,950,0
185.89,2400,0.77,7.81,6.7,12.8,84,950,0
186.11,2440,0.77,7.97,7.1,6.8,84,940,0
186.29,2440,0.77,8.19,7.1,17.3,84,940,0
186.5,2440,0.77,8.31,7.1,17.3,84,940,0
186.68,2440,0.77,8.39,7.1,16.5,84,940,0
186.87,2440,0.77,8.22,7.1,14.3,84,930,0
187.07,2440,0.77,8.17,7.1,11.3,84,930,0
187.26,2440,0.77,8.11,7.1,11.3,84,930,0
187.45,2440,1.28,12.89,7.5,17.3,84,930,0
187.65,2440,2.04,21.06,14.5,15.8,84,920,0
187.84,2440,2.04,25.22,16.5,13.5,84,930,0
188.03,2440,2.04,26.47,18.4,15.8,84,960,0
188.24,2480,2.04,27.25,19.2,20.3,84,1000,0
188.43,2480,2.04,29.14,18.8,23.3,85,1040,0
188.63,2480,2.04,29.47,18.8,23.3,85,1070,0
188.82,2520,2.04,28.83,18.8,23.3,85,1090,0
189.01,2520,2.04,29.36,18.4,24,86,1110,0
189.21,2520,1.79,26.67,18,24,86,1120,0
189.42,2520,1.53,20.72,14.9,25.5,87,1120,0
189.6,2560,1.53,17.89,13.7,27,87,1090,0
189.82,2560,1.02,14,11.4,29.3,87,1070,0
190.02,2560,0.77,11.08,9.8,30,88,1050,0
190.22,2520,0.51,7.83,7.5,27.8,88,1030,0
190.4,2560,0.51,7.69,7.1,21.8,88,1000,0
190.59,2560,0.51,7.97,7.1,14.3,88,990,0
190.8,2520,0.51,7.92,7.1,4.5,88,980,0
190.98,2560,0.51,8.42,7.1,-0.8,88,970,0
191.17,2560,0.51,8.03,7.5,-3.8,88,960,0
191.37,2520,0,8.28,7.5,-4.5,88,960,0
191.56,2520,0,8.72,7.5,13.5,87,950,0
191.74,2520,0,8.81,7.5,-0.8,87,950,0
191.95,2520,0,8.69,7.5,-4.5,87,950,0
192.14,2520,0,8.5,7.5,-4.5,87,950,0
192.34,2520,0,8.75,7.5,-4.5,87,950,0
192.53,2520,0,8.39,7.5,-4.5,87,950,0
192.72,2520,0,8.61,7.5,-4.5,87,950,0
192.92,2520,0,8.67,7.5,-4.5,86,950,0
193.1,2480,0,8.42,7.5,-4.5,86,950,0
193.3,2480,0,8.25,7.5,-4.5,86,950,0
193.49,2480,0,8.31,7.5,-5.3,86,950,0
193.68,2480,0,8.39,7.5,-5.3,85,950,0
193.87,2480,0,8.25,7.5,-5.3,85,950,0
194.09,2440,0,8.5,7.5,-5.3,85,950,0
194.28,2440,0,8.36,7.5,-5.3,85,950,0
194.49,2440,0,8.33,7.5,-5.3,85,950,0
194.68,2440,0,8.14,7.1,-5.3,84,950,0
194.87,2440,0,8.08,7.1,-5.3,84,950,0
195.08,2440,0,8.19,7.1,-5.3,84,950,0
195.26,2440,0,8.42,7.1,-5.3,84,950,0
195.45,2400,0,8.42,7.1,-5.3,84,950,0
195.65,2400,0,8.06,7.1,-5.3,83,950,0
195.84,2400,0,8.08,7.1,-5.3,83,950,0
196.06,2400,0,8.17,7.1,-5.3,83,950,0
196.25,2400,0,8.47,7.1,-5.3,83,950,0
196.43,2400,0,8.17,7.1,-5.3,83,950,0
196.64,2400,0.77,8.31,7.1,-5.3,82,950,0
196.82,2400,0.77,7.53,7.1,-0.8,82,940,0
197.01,2400,0.77,8.08,7.1,8.3,82,940,0
197.21,2440,1.02,13.19,9.8,17.3,82,930,0
197.42,2400,1.28,14,11,15.8,82,940,0
197.64,2400,1.28,13.92,11,15.8,82,940,0
197.83,2400,1.28,13.97,11,15.8,82,950,0
198.02,2400,1.28,13.78,11,15.8,82,950,0
198.22,2400,1.28,13.92,11,15.8,82,950,0
198.4,2400,1.28,14.17,11,15.8,83,960,0
198.59,2400,1.28,13.47,11,15.8,83,960,0
198.8,2400,1.28,14.33,11,15.8,83,960,0
198.98,2400,1.28,14.19,11,15.8,83,960,0
199.18,2400,1.28,14.33,11,15,83,960,0
199.37,2400,1.28,14,11,15.8,83,960,0
199.56,2400,0.77,8.5,8.2,12.8,83,970,0
199.76,2360,0.77,7.75,7.5,9,83,960,0
199.97,2400,0.51,7.58,6.7,1.5,83,960,0
200.17,2400,0.51,7.72,6.7,-2.3,83,950,0
200.37,2400,0.51,7.69,7.1,-5.3,83,950,0
200.56,2400,0,7.78,7.1,-5.3,83,940,0
200.76,2400,0.51,7.75,7.1,8.3,83,940,0
200.95,2360,0,7.64,7.1,-3,83,940,0
201.14,2360,0,7.92,7.1,-4.5,82,940,0
201.34,2360,0,8.08,7.1,-5.3,82,940,0
201.53,2360,0,8.17,7.1,-5.3,82,940,0
201.71,2360,0,7.72,7.1,-5.3,81,940,0
201.92,2320,0,7.97,7.1,-5.3,81,940,0
202.1,2320,0,7.97,7.1,-5.3,81,940,0
202.3,2320,0,7.47,7.1,-5.3,81,950,0
202.5,2320,0,7.36,7.1,-4.5,80,940,0
202.69,2320,0,7.69,7.1,-5.3,80,940,0
202.89,2320,0,7.86,7.1,-5.3,80,940,0
203.07,2280,0,7.86,7.1,-5.3,80,940,0
203.26,2280,0,7.78,7.1,-5.3,79,940,0
203.46,2280,0,7.44,6.7,-5.3,79,940,0
203.65,2280,0,7.28,6.7,-5.3,79,940,0
203.84,2280,0,7.53,6.7,-5.3,78,940,0
204.05,2240,0,7.69,6.7,-5.3,78,940,0
204.23,2240,0,7.53,6.7,-5.3,78,940,0
204.42,2240,0,7.33,6.7,-5.3,78,950,0
204.62,2240,0,7.72,6.7,-5.3,77,950,0
204.81,2200,0,7.33,6.7,-5.3,77,950,0
205.01,2200,0,7.56,6.7,-5.3,77,950,0
205.2,2160,0,7.19,6.3,-5.3,76,950,0
205.39,2160,0,6.94,6.3,-5.3,75,950,0
205.59,2120,0,7.03,6.3,-5.3,75,950,0
205.78,2080,0,6.86,6.3,-5.3,74,950,0
205.96,2040,0,6.36,6.3,-5.3,73,950,0
206.17,2040,0,6.39,5.9,-4.5,72,950,0
206.35,2000,0,6.75,5.9,-4.5,71,950,0
206.55,1960,0,6.36,5.9,-5.3,70,950,0
206.77,1920,0,5.78,5.5,-5.3,69,950,0
206.97,1920,0,5.72,5.5,-5.3,68,950,0
207.17,1880,0,5.86,5.5,-6,67,950,0
207.35,1840,0,5.94,5.5,-6,66,950,0
207.55,1800,0,5.78,5.5,-6.8,65,950,0
207.74,1800,0,5.58,5.1,-6.8,64,950,0
207.94,1760,0,5.36,5.1,-7.5,63,950,0
208.13,1720,0,5.44,5.1,-7.5,62,950,0
208.35,1720,0,4.83,5.1,-7.5,61,940,0
208.54,1680,0,5.17,5.1,-7.5,60,940,0
208.76,1640,0,5.33,5.1,-7.5,59,940,0
208.95,1600,0,5.06,5.1,-7.5,58,940,0
209.14,1600,0,5.17,5.1,-6.8,57,940,0
209.34,1560,0,5,4.7,-6.8,56,940,0
209.53,1520,0,4.83,4.7,-6.8,55,940,0
209.72,1520,0,4.69,4.7,-6.8,54,940,0
209.92,1480,0,4.72,4.7,-6.8,53,940,0
210.11,1440,0,4.75,4.7,-6.8,52,940,0
210.31,1400,0,4.61,4.3,-6.8,51,940,0
210.5,1400,0,4.53,4.3,-6.8,50,930,0
210.68,1360,0,4.31,4.3,-6.8,49,930,0
210.89,1280,0,4.42,4.3,-8.3,48,930,0
211.07,1000,1.02,3.83,3.9,-8.3,47,930,0
211.26,1000,1.28,5.92,5.5,19.5,46,930,0
211.46,1000,1.28,4.83,5.1,0,45,930,0
211.65,960,1.02,4.31,4.3,-6.8,44,930,0
211.84,960,1.02,4.31,4.3,1.5,44,920,0
212.05,920,1.02,4.47,4.3,3,43,920,0
212.23,920,1.02,4.39,4.3,0.8,42,920,0
212.43,880,1.02,3.94,3.9,-0.8,41,920,0
212.62,840,1.02,3.97,3.9,0.8,40,920,0
212.81,800,1.28,3.92,3.9,2.3,39,920,0
213.01,800,1.28,3.89,3.9,4.5,38,920,0
213.2,800,1.28,3.75,3.5,7.5,37,920,0
213.38,800,1.28,3.75,3.9,12,36,920,0
213.59,800,1.28,3.94,3.9,15.8,35,920,0
213.78,800,1.28,4.08,3.9,12.8,34,910,0
213.96,800,1.28,4.08,3.9,4.5,33,910,0
214.17,840,1.28,4.11,3.9,3,31,910,0
214.35,840,1.28,4.19,3.9,3.8,30,910,0
214.56,840,1.28,3.97,3.9,2.3,29,910,0
214.75,840,1.28,4.03,3.9,2.3,28,910,0
214.93,840,1.28,3.89,3.9,4.5,27,910,0
215.14,840,1.28,4.06,3.9,4.5,26,910,0
215.32,800,1.28,3.94,3.9,4.5,25,910,0
215.51,840,1.28,4.03,3.9,5.3,24,910,0
215.71,840,1.28,3.94,3.9,4.5,24,910,0
215.9,800,1.28,3.83,3.9,3.8,23,910,0
216.09,800,1.28,3.97,3.9,5.3,22,910,0
216.3,800,1.28,4.11,3.9,4.5,21,910,0
216.48,800,1.28,4.11,3.9,3.8,20,910,0
216.68,800,1.28,3.97,3.9,3,19,910,0
216.87,800,1.28,3.94,3.9,5.3,19,910,0
217.07,800,1.28,4,3.9,5.3,18,910,0
217.28,800,1.53,4.11,3.9,4.5,17,910,0
217.47,800,1.28,3.89,3.9,4.5,16,910,0
217.68,800,1.28,4.06,3.9,6.8,15,910,0
217.87,800,1.28,4,3.9,6,14,910,0
218.06,800,1.28,4,3.9,3.8,13,910,0
218.28,800,1.53,4.22,3.9,4.5,12,910,0
218.47,800,1.28,4.06,4.3,3,11,910,0
218.65,800,1.28,4.14,3.9,3,10,910,0
218.87,800,1.28,4.19,3.9,3,10,910,0
219.06,800,1.28,4,3.9,3,9,910,0
219.24,800,1.28,4.03,3.9,4.5,8,910,0
219.45,800,1.28,3.92,3.9,5.3,7,910,0
219.64,800,1.28,3.97,3.9,7.5,6,910,0
219.84,840,1.28,4.11,3.9,6,6,910,0
220.05,800,1.28,4.19,4.3,3.8,5,910,0
220.23,800,1.28,4.17,4.3,3,4,910,0
220.43,800,1.28,4.22,3.9,2.3,4,910,0
220.62,800,1.28,4.11,3.9,3,3,910,0
220.82,800,1.28,4,3.9,3,3,910,0
221.03,800,1.28,3.86,3.9,4.5,3,910,0
221.21,800,1.28,4.11,3.9,6.8,2,910,0
221.42,800,1.28,4.06,3.9,4.5,2,910,0
221.61,800,1.28,3.94,3.9,3,2,910,0
221.79,800,1.28,4.28,3.9,4.5,1,910,0
222,800,1.28,4.17,3.9,3.8,1,910,0
222.18,800,1.28,4.03,3.9,3,1,910,0
222.37,800,1.28,4.28,3.9,3.8,1,910,0
222.57,800,1.28,3.94,3.9,3,1,910,0
222.76,800,1.28,3.97,3.9,5.3,1,910,0
222.95,800,1.28,4.03,3.9,5.3,0,910,0
223.16,800,1.28,4.17,3.9,4.5,0,910,0
223.34,800,1.28,4.33,3.9,4.5,0,910,0
223.54,800,1.28,4.14,3.9,2.3,0,910,0
223.73,800,1.28,4.19,3.9,4.5,0,910,0
223.92,800,1.28,4.22,3.9,4.5,0,910,0
224.14,800,1.28,4.08,3.9,4.5,0,910,0
224.32,800,1.28,4.17,3.9,4.5,0,910,0
224.51,800,1.28,4.17,3.9,4.5,0,910,0
224.71,800,1.28,4.11,3.9,3.8,0,910,0
224.9,800,1.28,3.92,3.9,4.5,0,910,0
225.09,800,1.28,3.97,3.9,6,0,910,0
225.3,800,1.28,3.94,3.9,6.8,0,910,0
225.48,800,1.28,4.17,4.3,6,0,910,0
225.69,800,1.28,4.25,4.3,4.5,0,910,0
225.87,800,1.28,4.08,3.9,3,0,910,0
226.06,800,1.28,4.19,3.9,3,0,910,0
226.26,800,1.28,4.14,3.9,3,0,910,0
226.45,800,1.28,4.06,3.9,3,0,910,0
226.63,800,1.28,4.08,3.9,3.8,0,910,0
226.84,800,1.28,3.89,3.9,6.8,0,910,0
227.03,800,1.28,4.08,3.9,8.3,0,910,0
227.21,800,1.28,4.06,3.9,6,0,910,0
227.42,840,1.28,4.31,4.3,5.3,0,910,0
227.62,840,1.28,4.31,4.3,3,0,910,0
227.82,840,1.28,4.19,3.9,2.3,0,910,0
228.01,840,1.28,4.22,3.9,3,0,910,0
228.2,800,1.28,4.11,3.9,3,0,910,0
228.4,800,1.28,3.94,3.9,4.5,0,910,0
228.59,800,1.28,4.17,3.9,5.3,0,910,0
228.78,800,1.28,4.17,3.9,6,0,910,0
228.98,840,1.28,4.19,3.9,4.5,0,910,0
229.17,800,1.28,4.28,4.3,3.8,0,910,0
229.35,800,1.28,4.17,4.3,3,0,910,0
229.56,800,1.28,4.25,4.3,3,0,910,0
229.74,840,1.28,4.22,4.3,3,0,910,0
229.95,800,1.28,4.28,3.9,3,0,910,0
230.13,800,1.28,3.97,3.9,3.8,0,910,0
230.33,800,1.28,4.03,3.9,4.5,0,910,0
230.53,800,1.28,4.22,3.9,4.5,0,910,0
230.71,800,1.28,4.08,3.9,4.5,0,910,0
230.91,800,1.28,4.22,3.9,4.5,0,910,0
231.1,800,1.28,4.17,3.9,4.5,0,910,0
231.3,800,1.28,4.14,3.9,4.5,0,910,0
231.48,800,1.28,4.31,3.9,3.8,0,910,0
231.68,800,1.28,4.19,3.9,3.8,0,910,0
231.87,800,1.28,4.31,3.9,3.8,0,910,0
232.07,800,1.28,4.08,3.9,3,0,910,0
232.26,800,1.28,4.08,3.9,5.3,0,910,0
232.44,800,1.28,3.94,3.9,4.5,0,910,0
232.65,800,1.28,3.92,3.9,5.3,0,910,0
232.84,800,1.28,4.08,3.9,6,0,910,0
233.04,800,1.28,4.08,3.9,5.3,0,910,0
233.26,800,1.28,4.25,3.9,5.3,0,910,0
233.45,800,1.28,4.22,3.9,6,0,910,0
233.65,800,1.28,4.33,3.9,5.3,0,910,0
233.84,800,1.28,4.28,4.3,4.5,0,910,0
234.03,800,1.28,4.31,4.3,3.8,0,910,0
234.23,800,1.28,4.03,4.3,3,0,910,0
234.42,800,1.28,4.42,4.3,4.5,0,910,0
234.6,800,1.28,4.22,3.9,3.8,0,910,0
234.82,800,1.28,4,3.9,3,0,910,0
235,800,1.28,4.25,3.9,4.5,0,910,0
235.2,800,1.28,4.19,3.9,4.5,0,910,0
235.4,800,1.28,3.83,3.9,3.8,0,910,0
235.59,800,1.28,4.25,3.9,6,0,910,0
235.79,800,1.28,4.31,3.9,4.5,0,910,0
235.98,800,1.28,4.11,3.9,4.5,0,910,0
236.17,800,1.28,4.22,3.9,5.3,0,910,0
236.37,800,1.28,4.19,3.9,4.5,0,910,0
236.56,800,1.28,4.17,3.9,4.5,0,910,0
236.74,800,1.28,3.94,3.9,5.3,0,910,0
236.95,800,1.28,4.33,3.9,6.8,0,910,0
237.14,800,1.28,4.22,4.3,4.5,0,910,0
237.33,800,1.28,4.19,4.3,3.8,0,910,0
237.53,840,1.28,3.94,4.3,3.8,0,910,0
237.73,840,1.28,4.28,3.9,6,0,910,0
237.93,840,1.28,4.08,3.9,4.5,0,910,0
238.12,800,1.28,4.25,4.3,4.5,0,910,0
238.31,800,1.28,4.19,4.3,4.5,0,910,0
238.51,800,1.28,4.44,4.3,3.8,0,910,0
238.7,800,1.28,4,4.3,3.8,0,910,0
238.89,800,1.28,4.33,4.3,4.5,0,910,0
239.09,800,1.28,4.06,4.3,4.5,0,910,0
239.28,800,1.28,4.22,4.3,4.5,0,910,0
239.47,840,1.28,4.22,4.3,4.5,0,910,0
239.67,840,1.28,4,4.3,3.8,0,910,0
239.86,800,1.28,4.31,4.3,4.5,0,910,0
240.07,800,1.28,4.28,4.3,4.5,0,910,0
240.26,840,1.28,4.22,4.3,3.8,0,910,0
240.45,800,1.28,4.19,4.3,4.5,0,910,0
240.65,800,1.28,4.03,4.3,4.5,0,910,0
240.84,840,1.28,4.22,4.3,4.5,0,910,0
241.02,800,1.28,4.14,4.3,3.8,0,910,0
241.23,800,1.28,4.28,4.3,4.5,0,910,0
241.42,800,1.28,4.25,4.3,3.8,0,910,0
241.61,800,1.28,4.19,4.3,3.8,0,910,0
241.81,800,1.28,4.17,4.3,3.8,0,910,0
241.99,800,1.28,4.17,3.9,4.5,0,910,0
242.19,800,1.28,4.31,4.3,4.5,0,910,0
242.39,800,1.28,4.03,3.9,4.5,0,910,0
242.57,800,1.28,4.25,3.9,4.5,0,910,0
242.78,800,1.28,4.08,3.9,4.5,0,910,0
242.96,800,1.28,4.25,4.3,5.3,0,910,0
243.15,800,1.28,4.08,3.9,4.5,0,910,0
243.37,800,1.28,4.22,3.9,4.5,0,910,0
243.56,800,1.28,4.19,4.3,4.5,0,910,0
243.77,800,1.28,4.28,3.9,5.3,0,910,0
243.95,800,1.28,4.25,3.9,4.5,0,910,0
244.14,800,1.28,4.25,3.9,3.8,0,910,0
244.34,800,1.28,3.97,3.9,3.8,0,910,0
244.53,800,1.28,4.25,3.9,6.8,0,910,0
244.72,800,1.28,4.14,4.3,4.5,0,910,0
244.92,800,1.28,3.97,3.9,4.5,0,910,0
245.11,800,1.28,4.17,4.3,6,0,910,0
245.29,800,1.28,4.28,4.3,5.3,0,910,0
245.49,800,1.28,4.31,4.3,5.3,0,910,0
245.68,800,1.28,4.25,4.3,6,0,910,0
245.89,800,1.28,4.33,4.3,3.8,0,910,0
246.07,800,1.28,4.08,4.3,3.8,0,910,0
246.26,800,1.28,4.17,4.3,5.3,0,910,0
246.46,800,1.28,4.33,4.3,3.8,0,910,0
246.67,800,1.28,4.25,4.3,3.8,0,910,0
246.86,800,1.28,4.14,4.3,3.8,0,910,0
247.06,800,1.28,4.17,3.9,3.8,0,910,0
247.24,800,1.28,4.31,3.9,6,0,910,0
247.46,800,1.28,3.94,3.9,4.5,0,910,0
247.65,800,1.28,4.06,3.9,7.5,0,910,0
247.84,800,1.28,4.33,4.3,8.3,0,910,0
248.06,800,1.28,4.31,4.3,3.8,0,910,0
248.24,800,1.28,4.25,4.3,3.8,0,910,0
248.43,840,1.28,4.31,4.3,3.8,0,910,0
248.64,840,1.28,4.17,4.3,3,0,910,0
248.82,840,1.28,4.33,4.3,3.8,0,910,0
249.03,840,1.28,4.28,4.3,3.8,0,910,0
249.21,800,1.28,4.25,4.3,3.8,0,910,0
249.4,800,1.28,4.36,4.3,4.5,0,910,0
249.62,800,1.28,4.36,4.3,4.5,0,910,0
249.8,800,1.28,4.28,4.3,4.5,0,910,0
249.99,800,1.28,4.36,4.3,4.5,0,910,0
250.2,800,1.28,4.31,4.3,3,0,910,0
250.39,800,1.28,4.42,4.3,4.5,0,910,0
250.57,800,1.28,4.31,4.3,3,0,910,0
250.8,800,1.28,4.31,4.3,3.8,0,910,0
250.98,800,1.28,4.19,3.9,5.3,0,910,0
251.19,800,1.28,4.22,3.9,5.3,0,910,0
251.37,800,1.28,4.28,3.9,6,0,910,0
251.56,800,1.28,4.25,3.9,5.3,0,910,0
251.77,800,1.28,4.22,3.9,5.3,0,910,0
251.96,800,1.28,4.28,4.3,5.3,0,910,0
252.15,800,1.28,4.22,4.3,6.8,0,910,0
252.36,800,1.28,4.28,4.3,5.3,0,910,0
252.55,800,1.28,4.33,4.3,4.5,0,910,0
252.75,840,1.28,4.22,4.3,4.5,0,910,0
252.93,840,1.28,4.44,4.3,3.8,0,910,0
253.12,840,1.28,4.36,4.3,4.5,0,910,0
253.32,840,1.28,4.17,4.3,3,0,910,0
253.51,800,1.28,4.28,4.3,4.5,0,910,0
253.7,800,1.28,4.31,4.3,6,0,910,0
253.9,840,1.28,4.19,4.3,4.5,0,910,0
254.09,840,1.28,4.42,4.3,4.5,0,910,0
254.28,840,1.28,4.44,4.3,4.5,0,910,0
254.48,840,1.28,4.28,4.3,3,0,910,0
254.66,840,1.28,4.42,4.3,3,0,910,0
254.87,840,1.28,4.22,4.3,3.8,0,910,0
255.06,840,1.28,4.33,4.3,3,0,910,0
255.25,840,1.28,4.31,4.3,3.8,0,910,0
255.45,840,1.28,4.31,4.3,2.3,0,910,0
255.63,840,1.28,4.22,4.3,2.3,0,910,0
255.83,840,1.28,4.39,4.3,3.8,0,910,0
256.05,840,1.28,4.31,4.3,3,0,910,0
256.23,840,1.28,4.31,4.3,2.3,0,910,0
256.43,840,1.28,4.14,4.3,3,0,910,0
256.62,800,1.28,4.06,4.3,4.5,0,910,0
256.81,800,1.28,4.31,4.3,6,0,910,0
257.01,840,1.28,4.06,4.3,4.5,0,910,0
257.2,840,1.28,4,4.3,6.8,0,910,0
257.39,800,1.28,4.25,4.3,7.5,0,910,0
257.61,840,1.28,4.5,4.3,5.3,0,910,0
257.79,840,1.28,4.28,4.3,3,0,910,0
257.98,840,1.28,4.47,4.3,2.3,0,910,0
258.18,840,1.28,4.42,4.3,0,0,910,0
258.37,800,1.28,4.31,4.3,1.5,0,910,0
258.57,840,1.28,4.11,4.3,2.3,0,910,0
258.76,840,1.28,4.19,3.9,3.8,0,910,0
258.95,800,1.28,4.31,3.9,4.5,0,910,0
259.15,800,1.28,4.25,3.9,3,0,910,0
259.34,840,1.28,4.19,3.9,4.5,0,910,0
259.53,800,1.28,3.86,3.9,3.8,0,910,0
259.73,800,1.02,3.97,3.9,4.5,0,910,0
259.92,800,1.28,4.14,3.9,6,0,910,0
260.1,800,1.28,4.11,3.9,4.5,0,910,0
260.31,800,1.28,3.92,3.9,5.3,0,910,0
260.49,800,1.28,4.22,3.9,6,0,910,0
260.7,800,1.28,4.08,3.9,4.5,0,910,0
260.88,800,1.28,4.28,3.9,3.8,0,910,0
261.07,800,1.28,4.36,3.9,4.5,0,910,0
261.3,800,1.28,4.11,3.9,3,0,910,0
261.48,800,1.28,4.31,3.9,4.5,0,910,0
261.67,800,1.28,4.22,3.9,3.8,0,910,0
261.87,800,1.28,3.97,3.9,3.8,0,910,0
262.06,800,1.28,4.03,3.9,6,0,910,0
262.24,800,1.28,4.08,3.9,6,0,910,0
262.45,800,1.28,4.14,3.9,6,0,910,0
262.63,800,1.28,4.11,3.9,6,0,910,0
262.84,800,1.28,4.33,3.9,6,0,910,0
263.03,800,1.28,4.28,3.9,4.5,0,910,0
263.21,800,1.28,4.31,3.9,4.5,0,910,0
263.42,800,1.28,4.47,4.3,3.8,0,910,0
263.61,800,1.28,4.31,4.3,0.8,0,910,0
263.8,840,1.28,4.5,4.3,1.5,0,910,0
263.99,840,1.28,4.5,4.3,0,0,910,0
264.19,840,1.28,4.44,4.3,-0.8,0,910,0
264.37,840,1.28,4.61,4.3,-0.8,0,910,0
264.58,840,1.28,4.44,4.3,-0.8,0,910,0
264.76,840,1.28,4.31,4.3,-1.5,0,910,0
264.96,840,1.28,4.64,4.3,0,0,910,0
265.15,840,1.28,4.47,4.3,-1.5,0,910,0
265.34,840,1.28,4.67,4.3,-2.3,0,910,0
265.54,840,1.28,4.17,4.3,-2.3,0,910,0
265.73,840,1.28,4.39,4.3,-0.8,0,910,0
265.92,880,1.53,5.11,4.3,6.8,0,910,0
266.14,1080,2.04,10.89,9.4,5.3,0,910,0
266.32,1360,1.79,9.11,8.2,0.8,0,910,0
266.54,1480,1.79,13.47,9.8,22.5,0,910,0
266.73,1520,2.04,14.56,11.8,24,0,910,0
266.92,1520,2.29,15.64,13.7,24,0,920,0
267.12,1520,2.81,18.83,16.9,21.8,0,920,0
267.31,1600,3.06,21.67,21.6,17.3,2,930,0
267.5,1640,2.81,23.42,26.3,15.8,3,940,0
267.7,1560,2.81,22.97,27.8,15.8,4,960,0
267.89,1480,2.81,22.17,27.5,13.5,6,980,0
268.07,1360,2.81,19.67,26.7,11.3,8,990,0
268.28,1640,2.81,22.08,25.5,10.5,10,990,0
268.47,1720,2.81,26.61,27.1,16.5,12,1030,0
268.67,1960,2.81,30.28,27.1,17.3,14,1050,0
268.85,2160,2.81,33.69,27.1,20.3,15,1090,0
269.04,2360,2.81,39.06,27.8,21,17,1140,0
269.24,2600,2.81,43.69,27.8,19.5,19,1190,0
269.43,2800,2.81,41.72,26.3,18.8,21,1230,0
269.62,3000,2.55,41.03,25.1,21,22,1180,0
269.82,3200,2.29,40.08,25.1,21.8,24,1150,0
270.01,3400,2.29,42.86,23.9,23.3,26,1140,0
270.2,3520,2.29,43.22,23.5,24.8,28,1130,0
270.4,3680,2.29,43.64,23.5,24.8,29,1130,0
270.59,3840,2.04,45.06,23.5,25.5,31,1120,0
270.79,3960,1.79,42.97,23.5,25.5,32,1120,0
270.98,3800,0,10.28,14.5,29.3,33,1110,0
271.17,3440,0,11.47,10.2,-3,34,1050,0
271.37,3080,0,12.22,10.6,-3.8,35,1010,0
271.56,2880,0.77,10.67,9.4,0,35,990,0
271.74,2600,1.28,14.78,9,20.3,35,970,0
271.95,2600,2.29,28.81,14.9,18.8,35,940,0
272.14,2600,2.81,41.25,27.8,12,36,970,0
272.32,2720,3.06,45.25,34.5,14.3,36,1060,0
272.53,2800,3.06,44.83,31,16.5,37,1120,0
272.71,3000,2.81,46.53,31,18,38,1140,0
272.91,3000,2.81,46.22,31.4,19.5,40,1150,0
273.11,3080,2.81,48,31,21.8,41,1140,0
273.29,3200,2.81,50.81,31.4,21.8,43,1130,0
273.5,3280,2.55,50.97,32.2,21.8,44,1130,0
273.68,3400,2.81,53.56,34.5,21,45,1130,0
273.87,3480,2.81,54.56,37.3,21,47,1130,0
274.07,3640,2.55,56.72,40,22.5,48,1120,0
274.26,3680,2.55,60.39,43.1,22.5,50,1140,0
274.45,3800,2.55,60.14,43.5,22.5,51,1140,0
274.67,3920,2.81,71.19,48.6,22.5,53,1190,0
274.85,4040,3.06,81,43.9,23.3,54,1310,0
275.06,4160,3.31,94.17,44.7,22.5,56,1420,0
275.25,4320,3.83,106.11,53.7,18.8,57,1550,0
275.44,4440,4.08,115.94,65.9,14.3,59,1630,0
275.64,4640,4.34,125.67,74.9,13.5,61,1720,0
275.83,4760,4.34,132.47,98.8,9,63,1780,0
276.01,4920,4.59,142.17,96.5,9,65,1840,0
276.21,5120,4.59,141.31,94.9,6,68,1830,0
276.4,5280,4.59,143.33,96.9,7.5,70,1820,0
276.59,5400,4.34,146.78,96.5,8.3,72,1790,0
276.8,5480,2.81,103.17,98.4,3,75,1730,0
277.01,5080,0,3.81,20.4,3.8,76,1520,0
277.24,4640,0,11.22,10.6,4.5,77,1180,0
277.43,4280,0.51,15.94,12.2,0.8,77,1080,0
277.62,3840,0.77,18.31,12.2,10.5,77,1050,0
277.82,3880,2.04,52.61,20.4,30.8,78,940,0
278.01,3920,2.29,72.97,43.1,21,78,1100,0
278.2,3960,2.81,81.39,44.3,24,79,1300,0
278.4,4040,3.06,83.56,39.6,23.3,79,1460,0
278.59,4080,3.31,86.75,38,20.3,80,1530,0
278.79,4160,3.57,91.06,38,21,82,1590,0
278.98,4240,3.83,97.11,38.8,18,83,1630,0
279.17,4320,4.08,111.94,52.5,17.3,84,1630,0
279.37,4400,4.59,123.75,99.6,8.3,86,1730,0
279.55,4480,4.84,131.31,99.6,9,87,1860,0
279.75,4560,4.84,133.33,98.8,8.3,89,1920,0
279.95,4640,4.84,134.5,98,5.3,90,1950,0
280.13,4680,5.61,142.22,97.3,8.3,92,1980,0
280.32,4640,0,10.31,38,0.8,94,1880,0
280.53,4240,0,1.61,7.5,0,94,1390,0
280.72,3880,0,8.17,9.4,0.8,95,1170,0
280.92,3520,0.51,11.06,10.6,-2.3,95,1080,0
281.11,3480,0.77,12.42,10.6,3,95,1040,0
281.3,3520,1.53,32.69,15.3,22.5,95,970,0
281.49,3480,1.53,36.69,20.4,15,95,1050,0
281.68,3480,1.53,32.89,18.8,17.3,95,1120,0
281.87,3480,1.28,20.83,15.3,30,95,1140,0
282.07,3480,1.02,17.06,13.7,32.3,95,1100,0
282.26,3480,0.77,11.44,10.2,31.5,95,1080,0
282.45,3440,0.51,11.36,9.4,32.3,95,1050,0
282.65,3440,0.51,11.92,9.4,28.5,94,1020,0
282.84,3440,0.51,12.47,9.8,20.3,94,1010,0
283.04,3440,0.51,12.19,9.8,17.3,94,1000,0
283.23,3440,0.51,12.5,9.8,18,94,990,0
283.42,3440,0.51,11.81,9.8,21,93,990,0
283.62,3440,0.77,13.81,9.8,25.5,93,980,0
283.81,3440,0.77,15.31,11,25.5,93,980,0
284,3400,0.77,16.94,11.8,24.8,93,980,0
284.2,3400,1.02,19,12.2,25.5,93,980,0
284.39,3400,1.02,19.44,13.3,25.5,93,990,0
284.58,3400,1.02,20.06,13.7,24.8,93,1000,0
284.78,3400,1.02,20.53,13.7,24.8,92,1010,0
284.97,3400,1.02,20.89,13.7,27,92,1020,0
285.17,3400,1.28,22.89,14.1,30,92,1030,0
285.36,3400,1.28,22.75,14.5,32.3,92,1040,0
285.54,3400,1.28,23.19,14.9,33,92,1050,0
285.74,3400,1.28,24.22,14.9,33,92,1060,0
285.93,3400,1.28,24.56,14.9,33.8,92,1060,0
286.12,3400,1.28,24.19,15.7,33.8,92,1070,0
286.33,3400,1.53,29.06,15.7,33.8,92,1080,0
286.51,3400,1.53,29.31,16.9,31.5,92,1100,0
286.73,3400,1.53,28.31,16.9,32.3,92,1110,0
286.92,3400,1.53,28.81,16.9,32.3,92,1120,0
287.11,3400,1.53,28.44,16.9,32.3,92,1120,0
287.31,3400,1.53,27.44,16.5,32.3,93,1120,0
287.5,3440,1.28,27.58,16.5,32.3,93,1110,0
287.68,3440,1.53,27.53,16.5,32.3,93,1110,0
287.9,3440,1.28,23.78,15.3,32.3,93,1110,0
288.09,3440,1.28,21.97,14.1,33.8,93,1100,0
288.28,3400,1.28,23.44,14.5,33.8,93,1090,0
288.48,3440,1.28,21.97,14.1,33.8,93,1080,0
288.67,3400,1.28,22.08,14.1,33.8,93,1070,0
288.88,3400,1.02,22.08,14.1,33,93,1070,0
289.08,3400,1.02,21.97,14.5,33.8,93,1070,0
289.26,3400,1.28,23.92,14.5,33.8,93,1060,0
289.46,3400,1.28,22.94,14.9,33.8,93,1070,0
289.65,3400,1.28,24.11,14.9,33.8,93,1070,0
289.84,3400,1.28,24.03,14.9,33.8,93,1080,0
290.04,3400,1.28,26.22,15.3,33.8,93,1070,0
290.23,3440,1.28,27,16.1,33.8,93,1090,0
290.42,3400,1.28,26.22,16.1,33,93,1100,0
290.62,3400,0.77,14.78,13.7,33.8,93,1110,0
290.81,3400,0.77,12.22,10.6,33,93,1080,0
291.01,3360,0.51,10.39,9,31.5,93,1050,0
291.22,3360,0.51,11.06,8.6,16.5,92,1020,0
291.4,3360,0.51,11.22,9,3,92,1010,0
291.6,3360,0.51,11.19,9,-0.8,92,1000,0
291.79,3320,0.51,11.39,9.4,-3,92,1000,0
291.98,3320,0.51,11.47,9,-3,91,990,0
292.18,3320,0,11.28,9.4,1.5,91,990,0
292.37,3280,0,11.42,9.4,-3.8,90,980,0
292.56,3280,0,11.31,9.4,-3.8,90,980,0
292.76,3240,0,11.22,9.4,-3.8,89,970,0
292.95,3240,0,11.53,9.4,-3.8,89,970,0
293.16,3240,0,11.28,9.4,-3.8,89,970,0
293.36,3200,0,11.33,9.4,-3.8,88,970,0
293.55,3200,0,10.92,9,-3.8,88,960,0
293.75,3160,0,11.17,9,-3.8,87,960,0
293.93,3160,0,11.31,9,-3.8,87,960,0
294.12,3160,0,11.31,9,-3.8,86,960,0
294.32,3120,0,11.19,9,-3.8,86,960,0
294.51,3120,0,11.03,9,-3.8,85,960,0
294.72,3080,0,10.72,9,-3.8,85,960,0
294.9,3080,0,11,9,-3.8,85,960,0
295.09,3080,0,10.42,9,-3.8,84,960,0
295.3,3040,0,10.97,9,-3.8,84,960,0
295.48,3040,0,10.69,9,-3.8,83,960,0
295.67,3000,0,10.5,8.6,-3.8,83,960,0
295.87,2960,0,10.42,8.6,-3.8,82,960,0
296.06,2960,0,10.83,8.6,-4.5,82,960,0
296.25,2920,0,10,8.6,-4.5,81,960,0
296.45,2880,0,10.08,8.2,-4.5,80,960,0
296.64,2840,0,10.06,8.2,-4.5,79,960,0
296.83,2800,0,9.75,8.2,-4.5,78,960,0
297.03,2760,0,9.64,8.2,-4.5,77,960,0
297.22,2720,0,9.78,7.8,-4.5,76,960,0
297.44,2680,0,9.11,7.8,-5.3,75,960,0
297.62,2640,0,8.42,7.8,-4.5,74,960,0
297.81,2600,0,8.83,7.8,-5.3,73,960,0
298.01,2560,0,8.94,7.8,-5.3,72,960,0
298.2,2560,0,9.11,7.5,-5.3,71,960,0
298.43,2520,0,8.58,7.5,-4.5,70,960,0
298.62,2480,0,8.97,7.5,-4.5,69,960,0
298.8,2480,0,8.58,7.5,-4.5,68,960,0
299.01,2440,0,8.44,7.5,-5.3,68,950,0
299.2,2440,0,7.97,7.5,-5.3,67,950,0
299.38,2400,0,8.14,7.1,-5.3,67,950,0
299.59,2400,0,7.94,7.1,-5.3,66,950,0
299.78,2360,0,7.89,7.1,-5.3,66,950,0
299.98,2360,0,7.92,7.1,-5.3,65,950,0
300.17,2320,0,7.14,6.7,-5.3,64,950,0
300.36,2320,0,7.61,6.7,-4.5,64,950,0
300.55,2280,0,7.78,6.7,-5.3,63,950,0
300.74,2280,0,7.61,6.7,-5.3,63,950,0
300.93,2240,0,7.75,6.7,-5.3,62,950,0
301.14,2240,0,7.61,6.7,-5.3,62,950,0
301.32,2200,0,7.58,6.7,-5.3,61,950,0
301.51,2160,0,7.08,6.3,-5.3,61,950,0
301.73,2120,0,6.81,6.3,-5.3,60,950,0
301.92,2080,0,6.86,6.3,-5.3,59,950,0
302.13,1960,0,6.64,6.3,-5.3,58,950,0
302.32,1640,0,5.89,5.5,-6,57,950,0
302.51,1320,0.77,4.39,4.7,-6.8,56,950,0
302.71,1280,0.77,5.5,4.3,15,55,940,0
302.9,1200,0.77,4.67,4.7,-1.5,53,940,0
303.09,1120,0.77,4.61,4.3,3.8,52,940,0
303.3,1040,1.02,4.58,4.3,6,50,930,0
303.48,1000,1.02,4.61,4.7,5.3,49,930,0
303.67,1000,1.02,4.75,4.7,4.5,47,930,0
303.89,920,1.02,4.17,4.3,3,45,930,0
304.08,880,1.02,4.22,4.3,3.8,44,920,0
304.28,880,1.02,4.06,4.3,3,42,920,0
304.46,840,1.02,4.17,3.9,4.5,40,920,0
304.65,800,1.02,4.17,3.9,4.5,39,920,0
304.86,800,1.02,4.03,3.9,6,37,920,0
305.05,800,1.28,4.28,3.9,11.3,35,920,0
305.23,800,1.28,4.25,3.9,9.8,33,920,0
305.43,800,1.28,4.14,3.9,8.3,32,920,0
305.62,800,1.28,4.31,4.3,8.3,30,920,0
305.83,800,1.28,4.31,4.3,6.8,28,920,0
306.01,800,1.28,4.25,4.3,3.8,27,920,0
306.2,800,1.28,4.31,4.3,3.8,25,920,0
306.4,800,1.28,4.03,4.3,3.8,23,920,0
306.59,800,1.28,4.28,4.3,5.3,21,920,0
306.77,800,1.28,4.17,3.9,4.5,20,920,0
306.98,800,1.28,4.14,3.9,6,17,920,0
307.17,800,1.28,4.31,3.9,6,16,920,0
307.36,800,1.53,4.22,4.3,6,14,920,0
307.56,800,1.53,4.11,4.3,6.8,12,920,0
307.75,800,1.53,4.53,4.3,6.8,11,920,0
307.94,840,1.53,4.28,4.3,4.5,9,920,0
308.13,840,1.53,4.31,4.3,3.8,8,920,0
308.33,840,1.53,4.31,4.3,3.8,7,920,0
308.53,800,1.53,4.28,4.3,3.8,6,920,0
308.71,840,1.53,4.31,4.3,4.5,5,920,0
308.9,800,1.53,4.28,4.3,3,5,920,0
309.11,800,1.53,4.25,4.3,3.8,4,920,0
309.3,840,1.28,4.31,4.3,3.8,4,920,0
309.49,800,1.28,4.22,4.3,3,3,910,0
309.7,800,1.28,4.36,4.3,3.8,3,920,0
309.89,800,1.28,4.19,4.3,3,2,910,0
310.09,800,1.28,4.31,4.3,4.5,2,910,0
310.28,800,1.28,4.17,4.3,5.3,1,910,0
310.47,800,1.28,4.17,4.3,4.5,1,910,0
310.67,800,1.28,4.11,4.3,6.8,0,910,0
310.86,800,1.28,4.11,4.3,6.8,0,910,0
311.04,840,1.28,4.31,4.3,4.5,0,920,0
311.25,840,1.28,4.42,4.3,4.5,0,910,0
311.43,840,1.28,4.31,4.3,3,0,920,0
311.62,840,1.28,4.31,4.3,3,0,910,0
311.83,800,1.28,4.25,4.3,3,0,910,0
312.01,800,1.28,4.39,4.3,3.8,0,910,0
312.21,800,1.28,4.25,4.3,3,0,910,0
312.4,800,1.28,4.25,4.3,6,0,910,0
312.59,800,1.28,4.31,4.3,4.5,0,910,0
312.8,800,1.28,4.44,4.3,5.3,0,910,0
312.98,800,1.28,4.28,4.3,6.8,0,910,0
313.17,840,1.28,4.25,4.3,3.8,0,910,0
313.37,840,1.28,4.31,4.3,3,0,910,0
313.57,800,1.28,4.42,4.3,3.8,0,920,0
313.78,800,1.28,4.39,4.3,3,0,910,0
313.96,800,1.28,4.36,4.3,3,0,920,0
314.17,800,1.28,4.42,4.3,3.8,0,910,0
314.39,800,1.28,4.33,4.3,3.8,0,910,0
314.58,800,1.28,4.28,4.3,6,0,910,0
314.76,800,1.28,4.25,4.3,5.3,0,920,0
314.96,800,1.28,4.31,4.3,6,0,920,0
315.15,800,1.28,4.14,4.3,4.5,0,920,0
315.36,800,1.28,4.25,4.3,5.3,0,910,0
315.54,800,1.28,4.22,4.3,6.8,0,910,0
315.73,800,1.28,4.22,4.3,6.8,0,910,0
315.93,840,1.28,4.31,4.3,5.3,0,910,0
316.12,840,1.28,4.25,4.3,5.3,0,910,0
316.31,840,1.28,4.33,4.3,5.3,0,910,0
316.51,840,1.28,4.22,4.3,4.5,0,910,0
316.7,800,1.28,4.25,4.3,4.5,0,910,0
316.89,800,1.28,4.22,4.3,6,0,910,0
317.09,840,1.28,4.39,4.3,4.5,0,910,0
317.28,840,1.28,4.39,4.3,3.8,0,910,0
317.48,840,1.28,4.42,4.3,3,0,920,0
317.67,840,1.28,4.39,4.3,2.3,0,910,0
317.85,840,1.28,4.36,4.3,4.5,0,920,0
318.06,840,1.28,4.42,4.3,3,0,910,0
318.24,840,1.28,4.39,4.3,3,0,920,0
318.43,800,1.28,4.31,4.3,3.8,0,910,0
318.64,800,1.28,4.42,4.3,3.8,0,910,0
318.82,840,1.28,4.56,4.3,3.8,0,910,0
319.01,840,1.28,4.72,4.7,2.3,0,910,0
319.21,840,1.28,4.44,4.7,-0.8,0,910,0
319.41,840,1.28,4.69,4.7,0,0,920,0
319.65,840,1.28,4.83,4.7,-3,0,920,0
319.84,840,1.28,4.75,4.7,-3,0,920,0
320.03,840,1.28,4.39,4.3,-2.3,0,920,0
320.25,840,1.28,4.42,4.3,0,0,920,0
320.44,840,1.28,4.58,4.3,0,0,920,0
320.65,800,1.28,4.61,4.3,0,0,920,0
320.84,800,1.28,4.28,4.3,0,0,920,0
321.03,800,1.28,4.47,4.3,0.8,0,920,0
321.23,800,1.28,4.31,4.3,0.8,0,920,0
321.42,840,1.28,4.56,4.3,0.8,0,920,0
321.61,840,1.28,4.61,4.3,0,0,920,0
321.81,800,1.28,4.61,4.3,-0.8,0,920,0
322,800,1.28,4.39,4.3,-0.8,0,920,0
322.19,840,1.28,4.33,4.3,0.8,0,920,0
322.39,800,1.28,4.42,4.3,0.8,0,920,0
322.58,800,1.28,4.47,4.3,1.5,0,920,0
322.77,840,1.28,4.39,4.3,1.5,0,920,0
322.97,800,1.28,4.39,4.3,0.8,0,920,0
323.15,800,1.28,4.31,4.3,0.8,0,920,0
323.35,800,1.28,4.36,4.3,1.5,0,920,0
323.55,800,1.28,4.5,4.3,1.5,0,920,0
323.73,800,1.28,4.31,4.3,0,0,920,0
323.93,800,1.28,4.53,4.3,0,0,920,0
324.12,800,1.28,4.5,4.3,0,0,920,0
324.3,800,1.28,4.53,4.3,-0.8,0,920,0
324.51,800,1.28,4.36,4.3,0.8,0,920,0
324.7,800,1.28,4.42,4.3,1.5,0,920,0
324.91,840,1.79,4.28,4.3,0.8,0,920,0
325.1,880,2.81,11.19,7.8,6,0,910,0
325.29,1280,3.06,13.94,15.7,5.3,0,910,0
325.49,1720,2.81,22.06,18.8,15.8,0,900,0
325.68,1800,3.06,25.72,28.2,20.3,0,920,0
325.87,1800,3.31,27.94,31.8,20.3,0,960,0
326.07,1680,3.31,26.89,31.4,16.5,2,1010,0
326.26,1560,3.57,24.64,49,14.3,4,1040,0
326.47,1400,3.57,23.03,90.6,9.8,6,1060,0
326.65,1520,3.31,23.06,81.6,6,9,1080,0
326.84,1760,3.31,30.56,79.6,11.3,11,1100,0
327.05,2080,3.57,37.19,99.6,14.3,13,1140,0
327.24,2320,3.57,43.39,96.9,18,16,1190,0
327.43,2600,3.57,52.39,63.1,17.3,18,1270,0
327.64,2880,3.57,59.94,38.8,13.5,20,1390,0
327.83,3120,3.31,60.31,31.4,10.5,22,1480,0
328.04,3440,3.31,62.03,29,18,25,1430,0
328.23,3680,3.31,71.19,32.2,19.5,27,1440,0
328.42,3920,3.31,78.86,36.1,13.5,30,1480,0
328.64,4240,3.31,80,36.5,14.3,32,1480,0
328.82,4240,0,24.06,26.7,9.8,35,1390,0
329.01,3840,0,5.58,8.2,-2.3,36,1200,0
329.21,3480,0,10.33,9.8,-2.3,37,1080,0
329.4,3120,0.51,11.42,10.2,-3.8,38,1030,0
329.6,2960,0.77,12.44,9.4,6,38,1010,0
329.79,2760,1.79,24.03,12.5,19.5,38,1000,0
329.98,2880,2.55,41.44,21.6,18,39,980,0
330.2,2960,3.06,50.97,31,17.3,39,1050,0
330.39,3040,3.06,57.03,40,19.5,41,1180,0
330.57,3160,3.31,68.67,51.8,17.3,42,1290,0
330.78,3320,3.57,76.56,87.8,17.3,43,1420,0
330.98,3480,3.83,80.28,99.6,14.3,45,1510,0
331.18,3640,3.83,81.03,99.6,15.8,47,1540,0
331.37,3760,3.83,90.58,99.6,15.8,49,1560,0
331.56,3920,4.08,99.58,98,15.8,51,1600,0
331.76,4120,4.34,102.53,98.4,12.8,54,1680,0
331.95,4280,4.34,115.28,97.6,12.8,56,1710,0
332.17,4480,5.1,127.06,99.6,10.5,58,1780,0
332.35,4640,5.87,129.39,99.6,9.8,61,1860,0
332.54,4800,5.87,135.97,99.2,6.8,63,1880,0
332.74,5000,5.87,139.39,98.8,6.8,66,1870,0
332.93,5200,5.87,143.78,99.2,9,68,1850,0
333.12,5320,6.12,147.89,99.6,9,70,1810,0
333.33,5160,0,25.47,75.7,4.5,73,1720,0
333.51,4800,0,2.89,8.2,3.8,74,1350,0
333.7,4440,0,10.89,11,3,75,1160,0
333.9,4080,0.51,16.28,11.8,0,75,1070,0
334.09,3760,1.02,21.33,11.8,24,76,1030,0
334.29,3840,2.04,53.61,23.5,28.5,76,940,0
334.48,3840,2.29,72.89,40.8,21,76,1120,0
334.66,3920,3.06,88.83,85.1,24,77,1300,0
334.87,4000,4.34,108.58,99.6,18.8,78,1570,0
335.06,4080,5.87,122.89,99.6,12,79,1810,0
335.25,4160,6.12,117.69,96.9,8.3,81,1900,0
335.46,4280,6.38,125.06,98,7.5,83,1930,0
335.65,4400,6.12,129.14,99.6,8.3,85,1950,0
335.84,4480,6.12,132.03,99.6,8.3,87,1950,0
336.05,4560,6.12,133.78,99.2,9.8,89,1960,0
336.23,4680,6.12,132.78,99.2,7.5,90,1940,0
336.45,4800,6.12,135.25,98,9,92,1950,0
336.63,4840,5.87,139.06,98,9.8,94,1930,0
336.83,4960,5.87,141.94,98,9.8,96,1910,0
337.03,5040,6.63,144.64,98,9.8,98,1890,0
337.21,4760,0,6.39,49.8,1.5,100,1780,0
337.4,4400,0,2.39,7.8,2.3,100,1350,0
337.61,4000,0,10.69,10.6,0.8,101,1150,0
337.79,3800,0.51,12.64,11,-2.3,101,1080,0
337.98,3800,2.04,41.53,12.9,29.3,101,1030,0
338.18,3760,2.29,65.08,33.7,20.3,101,1070,0
338.37,3800,2.81,73.58,42,20.3,101,1200,0
338.58,3800,3.31,84.5,50.6,23.3,102,1350,0
338.76,3840,3.83,90.06,65.5,15.8,103,1500,0
338.95,3920,4.08,98.08,81.2,16.5,104,1590,0
339.15,3960,4.34,103.39,95.7,12,105,1700,0
339.34,4000,4.59,111.11,96.5,9,106,1760,0
339.53,4040,4.59,111.22,96.5,9.8,107,1790,0
339.73,4080,4.84,119.25,98.8,6,108,1870,0
339.92,4120,5.1,121.89,95.3,6.8,110,1920,0
340.11,4160,5.36,124.92,97.3,3.8,111,1960,0
340.31,4160,0,25.75,38.4,-3,112,1760,0
340.49,3800,0,1.81,7.5,-3.8,113,1420,0
340.7,3440,0,5.72,7.8,-1.5,113,1190,0
340.89,3120,0.51,8.08,9.4,-3.8,113,1080,0
341.07,3320,1.28,15.83,9,22.5,113,1030,0
341.27,3320,2.29,40.92,21.2,16.5,112,1020,0
341.46,3280,2.55,44.5,22.4,16.5,113,1090,0
341.65,3280,2.55,46.03,24.3,23.3,113,1120,0
341.87,3320,2.55,48.56,26.7,23.3,113,1140,0
342.06,3320,2.55,48.22,27.1,23.3,113,1140,0
342.25,3320,2.55,49.47,27.5,23.3,114,1140,0
342.44,3360,2.55,47.67,27.8,24,114,1140,0
342.64,3360,2.55,51.36,29,24,115,1140,0
342.84,3360,2.55,51.03,31,24,115,1140,0
343.02,3400,2.55,52.61,32.2,23.3,115,1150,0
343.21,3400,2.81,54.28,33.3,23.3,116,1140,0
343.42,3400,2.55,54.36,35.7,23.3,116,1150,0
343.6,3440,2.55,52.33,37.3,23.3,117,1150,0
343.81,3440,2.55,52.92,37.6,23.3,117,1160,0
344.01,3440,1.53,27.44,24.7,21,118,1130,0
344.2,3440,1.02,17.44,17.6,31.5,118,1120,0
344.4,3400,0.51,11.58,12.2,32.3,118,1070,0
344.59,3360,0.51,11.72,9.4,31.5,118,1020,0
344.78,3400,0.51,13.11,10.2,9.8,118,1000,0
344.98,3400,0.77,13.28,10.6,2.3,117,990,0
345.17,3400,0.77,13.44,10.6,-2.3,117,980,0
345.37,3360,0.51,13.33,10.6,-3.8,117,970,0
345.57,3360,0,13.67,10.6,6,116,970,0
345.76,3360,0,13.75,10.6,-2.3,116,970,0
345.97,3360,0.77,13.94,10.6,-3.8,116,960,0
346.15,3400,1.79,28.17,11,0.8,115,960,0
346.34,3360,2.55,50.33,26.3,-3.8,115,950,0
346.54,3360,3.06,63.11,38.8,14.3,115,1100,0
346.73,3360,3.31,65.53,38.4,17.3,115,1230,0
346.92,3400,3.31,71.39,40.4,16.5,116,1350,0
347.12,3400,3.57,77.39,52.2,17.3,116,1450,0
347.31,3440,4.08,81.17,99.6,13.5,117,1540,0
347.5,3480,4.08,82.36,98.8,13.5,118,1580,0
347.7,3480,4.34,83.83,99.6,11.3,118,1620,0
347.89,3520,4.34,83.89,99.6,11.3,119,1630,0
348.1,3560,4.59,90.5,99.6,10.5,120,1670,0
348.3,3560,4.84,90.14,99.6,11.3,121,1680,0
348.48,3600,5.1,90.36,99.6,9.8,122,1710,0
348.68,3600,5.1,92.14,99.6,11.3,123,1720,0
348.88,3640,5.1,98.28,99.6,6.8,123,1720,0
349.07,3680,5.36,89.36,99.6,3,124,1780,0
349.28,3720,5.61,100.64,99.6,9,125,1750,0
349.46,3720,5.1,99.86,99.6,6,126,1730,0
349.65,3760,5.36,97.72,99.6,3.8,127,1790,0
349.87,3760,5.1,103.08,99.6,6.8,128,1740,0
350.06,3800,5.61,98.67,99.6,10.5,129,1780,0
350.27,3800,5.61,106.83,98.8,8.3,129,1810,0
350.47,3840,5.61,106.42,96.9,5.3,130,1800,0
350.65,3880,5.87,110.89,99.6,6.8,131,1880,0
350.86,3920,6.63,114.44,99.2,5.3,132,1900,0
351.04,3920,5.87,114,98.4,1.5,133,1930,0
351.24,3960,6.12,115.22,99.6,3,134,1960,0
351.46,3960,6.63,115.31,99.2,3.8,135,2010,0
351.67,4000,6.38,124.28,96.9,0,136,2040,0
351.89,4000,6.38,126.11,96.5,4.5,137,2030,0
352.08,4080,6.63,128.19,98.8,0.8,138,2080,0
352.26,4080,6.63,123.69,96.1,5.3,139,2060,0
352.48,4120,6.63,127.72,97.6,6,140,2080,0
352.67,4160,6.63,130.03,96.9,6,141,2080,0
352.85,4160,6.63,131.64,97.3,4.5,142,2090,0
353.06,4160,7.14,127.64,95.3,6.8,143,2060,0
353.26,4240,6.63,135.11,96.1,-0.8,143,2060,0
353.46,4240,6.38,130.08,97.6,-2.3,144,2090,0
353.65,4240,7.4,134.42,67.8,-0.8,145,2090,0
353.84,4280,6.12,127.5,96.9,-3,146,2100,0
354.05,4280,2.29,30.44,32.9,-0.8,147,1710,0
354.22,4280,2.04,36.58,20,20.3,147,1350,0
354.42,4280,1.28,28.47,20.8,19.5,147,1170,0
354.62,4280,0.77,15.83,15.3,26.3,147,1100,0
354.81,4200,0.77,14.64,11.4,26.3,147,1050,0
355,4200,0.77,16.36,12.2,10.5,147,1020,0
355.2,4240,0.77,17.14,12.2,5.3,146,1010,0
355.39,4200,0.77,17.64,12.5,2.3,146,1000,0
355.59,4200,0.77,17.19,12.5,3,145,1000,0
355.8,4240,0.77,18.47,12.5,32.3,145,990,0
355.98,4160,0.77,16.94,12.5,24,144,990,0
356.18,4240,1.79,40.11,13.7,32.3,144,970,0
356.37,4160,2.29,59.42,27.8,14.3,144,1020,0
356.56,4200,2.29,56.67,29.4,21.8,144,1140,0
356.78,4200,2.29,57.56,28.6,25.5,144,1140,0
356.96,4200,2.29,57.5,29.8,25.5,144,1130,0
357.17,4200,2.29,60.47,32.2,26.3,144,1130,0
357.37,4200,2.29,59.81,32.9,25.5,145,1130,0
357.56,4240,2.29,59.44,33.3,25.5,145,1130,0
357.76,4240,2.29,60.81,33.7,25.5,145,1130,0
357.95,4240,2.29,60.56,33.7,25.5,145,1130,0
358.14,4240,2.29,60.39,34.5,25.5,146,1140,0
358.34,4280,2.29,60.31,34.5,25.5,146,1140,0
358.53,4280,2.29,61.64,34.9,25.5,146,1140,0
358.71,4280,2.55,63.17,35.3,25.5,147,1130,0
358.91,4320,2.55,66.61,40.8,25.5,147,1120,0
359.1,4320,2.55,64.36,41.6,25.5,147,1130,0
359.31,4320,2.55,68.64,43.5,25.5,148,1120,0
359.49,4360,2.55,70.44,46.7,25.5,148,1160,0
359.68,4360,2.81,72,45.5,25.5,149,1190,0
359.9,4280,0,13.86,20,18,149,1190,0
360.09,3960,0,12.47,10.2,-0.8,149,1100,0
360.28,3640,0,14.11,11.4,-2.3,149,1050,0
360.48,3320,0.51,14.81,11,-3.8,149,1010,0
360.67,3600,0.51,13.03,10.6,6,149,1000,0
360.86,3560,0.51,14.64,11,20.3,148,980,0
361.07,3600,0.77,16.06,11,16.5,148,970,0
361.26,3520,0.77,18.42,13.7,19.5,147,970,0
361.46,3560,0.77,17.75,12.9,23.3,147,970,0
361.66,3560,0.77,18.5,12.9,24.8,147,970,0
361.84,3560,1.02,17.94,12.9,24.8,146,980,0
362.06,3560,2.29,49.75,18.8,24.8,146,950,0
362.26,3560,2.55,56.75,30.6,17.3,146,1090,0
362.45,3560,2.55,55.89,29,23.3,146,1150,0
362.65,3560,2.55,55.17,32.2,23.3,146,1140,0
362.84,3560,2.55,55.83,34.5,23.3,146,1150,0
363.06,3560,2.55,55.47,35.3,24,147,1150,0
363.24,3560,2.55,53.78,34.9,24,147,1150,0
363.43,3560,2.55,52.39,32.2,24,147,1160,0
363.64,3560,1.28,20.72,26.3,24.8,147,1140,0
363.83,3560,0.77,19,12.9,32.3,147,1100,0
364.03,3560,0.77,17.11,13.7,31.5,147,1050,0
364.23,3560,0.77,12.89,11.4,32.3,147,1030,0
364.42,3520,0.77,13.81,10.6,18,146,1000,0
364.62,3520,0.77,14.67,10.6,3,146,990,0
364.81,3520,0.77,14.47,11,-3,146,990,0
364.99,3520,0.77,13.97,11,-3,145,980,0
365.2,3520,0,14.31,11,-3,145,980,0
365.39,3480,0,14,11,3,145,970,0
365.57,3480,0,13.64,11,-3,144,970,0
365.78,3480,0,14.19,11,-3,144,970,0
365.96,3440,0,13.61,11,-4.5,143,980,0
366.19,3440,0,13.39,10.6,-4.5,143,980,0
366.37,3440,0,13.39,10.6,-4.5,142,980,0
366.57,3400,0,12.89,10.2,-3.8,142,980,0
366.78,3400,0,12.47,10.2,-3.8,141,980,0
366.97,3400,0,12.81,10.2,-3.8,141,980,0
367.15,3400,0,12.44,9.8,-3.8,141,980,0
367.37,3400,0,12.5,9.8,-3.8,140,970,0
367.56,3360,0,12.31,9.8,-3.8,140,970,0
367.76,3360,0,12,9.8,-3.8,139,970,0
367.94,3360,0,12.31,9.8,-3.8,139,970,0
368.13,3360,0,12.25,9.8,-3.8,138,970,0
368.34,3320,0,12.17,9.4,-3.8,138,970,0
368.53,3320,0,11.94,9.4,-3.8,137,970,0
368.71,3320,0,11.92,9.4,-3.8,137,970,0
368.92,3280,0,11.44,9.4,-3.8,137,970,0
369.11,3280,0,11.44,9.4,-3.8,136,970,0
369.31,3280,0,11.86,9.4,-3.8,136,970,0
369.5,3280,0,11.83,9.4,-3.8,135,970,0
369.69,3280,0,11.36,9.4,-3.8,135,970,0
369.89,3240,0,11.61,9.4,-3.8,135,970,0
370.07,3240,0,11.58,9.4,-3.8,134,970,0
370.26,3240,0,11.36,9.4,-3.8,134,970,0
370.46,3200,0,11.44,9.4,-3.8,133,970,0
370.67,3200,0,11.67,9.4,-3.8,133,970,0
370.87,3200,0,11.28,9.4,-3.8,132,970,0
371.06,3200,0,11.56,9,-3.8,132,970,0
371.25,3160,0,11.25,9,-3.8,132,970,0
371.45,3160,0,11.06,9,-3.8,131,970,0
371.64,3160,0,11.31,9,-3.8,131,970,0
371.82,3120,0,10.53,9,-3.8,130,970,0
372.05,3120,0,10.97,9,-3.8,130,970,0
372.23,3120,0,11.11,9,-3.8,129,970,0
372.42,3120,0,10.81,9,-3.8,129,970,0
372.63,3120,0,10.92,9,-3.8,128,970,0
372.82,3080,0,10.53,9,-3.8,128,970,0
373.03,3080,0,10.58,9,-3.8,127,970,0
373.22,3080,0,11.17,9,-3.8,127,970,0
373.4,3080,0,10.86,9,-3.8,127,970,0
373.6,3040,0,10.58,9,-3.8,126,970,0
373.8,3000,0,10.36,8.6,-3,126,970,0
373.98,3040,0,10.47,8.6,-3.8,125,970,0
374.2,3000,0,10.75,9,-3.8,125,970,0
374.39,3000,0,10.47,8.6,-3.8,124,970,0
374.6,3000,0,10.69,8.6,-4.5,124,970,0
374.79,2960,0,10.28,8.6,-4.5,123,970,0
374.98,2960,0,10.39,8.6,-4.5,123,970,0
375.19,2920,0,10.42,8.6,-4.5,122,970,0
375.37,2920,0,10.44,8.6,-4.5,122,970,0
375.56,2920,0,10.17,8.6,-4.5,121,970,0
375.76,2920,0,10.14,8.6,-4.5,121,970,0
375.95,2920,0,9.92,8.6,-4.5,121,970,0
376.15,2880,0,10.25,8.6,-4.5,120,970,0
376.34,2880,0,10.19,8.6,-4.5,120,970,0
376.53,2880,0,10.03,8.6,-4.5,119,970,0
376.73,2880,0,10,8.2,-4.5,119,970,0
376.92,2880,0,9.94,8.2,-4.5,118,970,0
377.11,2840,0,9.75,8.2,-4.5,118,970,0
377.31,2840,0,9.92,8.2,-3.8,118,970,0
377.49,2840,0,10.03,8.2,-4.5,117,970,0
377.68,2800,0,9.92,8.2,-4.5,117,970,0
377.9,2800,0,9.75,8.2,-4.5,116,970,0
378.09,2800,0,9.75,8.2,-4.5,116,970,0
378.3,2800,0,9.61,8.2,-4.5,115,970,0
378.48,2760,0,9.5,8.2,-3.8,115,970,0
378.67,2760,0,9.92,8.2,-3.8,115,970,0
378.87,2760,0,9.58,8.2,-4.5,114,960,0
379.06,2760,0,9.83,8.2,-4.5,114,960,0
379.24,2720,0,9.42,7.8,-4.5,113,960,0
379.45,2720,0,9.69,7.8,-4.5,113,960,0
379.63,2720,0,9.25,7.8,-4.5,113,960,0
379.84,2720,0,9.25,7.8,-4.5,112,960,0
380.02,2680,0,9.44,7.8,-4.5,112,960,0
380.21,2680,0,9.19,7.8,-4.5,111,960,0
380.42,2640,0,9.47,7.8,-4.5,111,960,0
380.6,2640,0,9.17,7.8,-4.5,110,960,0
380.8,2600,0,8.86,7.8,-4.5,109,960,0
380.99,2560,0,8.83,7.5,-4.5,108,960,0
381.19,2560,0,8.61,7.5,-4.5,107,960,0
381.37,2520,0,8.5,7.5,-4.5,106,960,0
381.57,2520,0,8.83,7.5,-4.5,105,960,0
381.76,2520,0,8.72,7.5,-4.5,104,960,0
381.97,2480,0,8.75,7.5,-4.5,104,960,0
382.15,2480,0,8.47,7.5,-4.5,103,960,0
382.34,2480,0,8.39,7.5,-5.3,103,960,0
382.55,2440,0,8.44,7.5,-5.3,102,960,0
382.73,2440,0,8.14,7.5,-5.3,102,950,0
382.92,2440,0,7.75,7.5,-5.3,101,960,0
383.13,2400,0,8.42,7.1,-5.3,100,950,0
383.33,2400,0,8.08,7.1,-5.3,100,950,0
383.53,2360,0,8.06,7.1,-5.3,99,950,0
383.72,2360,0,7.92,7.1,-5.3,99,950,0
383.9,2360,0,7.89,7.1,-5.3,98,950,0
384.1,2320,0,7.36,6.7,-5.3,97,950,0
384.29,2320,0,7.64,6.7,-4.5,97,950,0
384.48,2320,0,7.86,6.7,-5.3,96,950,0
384.69,2280,0,7.53,6.7,-5.3,96,950,0
384.89,2280,0,7.58,6.7,-5.3,95,950,0
385.11,2280,0,7.47,6.7,-5.3,95,950,0
385.31,2280,0,7.53,6.7,-5.3,94,950,0
385.51,2240,0,7.31,6.7,-5.3,94,950,0
385.71,2240,0,7.39,6.7,-5.3,93,960,0
385.9,2240,0,7.19,6.7,-5.3,93,960,0
386.09,2200,0,7.39,6.7,-5.3,93,960,0
386.3,2200,0,7.53,6.7,-5.3,92,960,0
386.48,2200,0,7.11,6.3,-5.3,92,960,0
386.68,2200,0,7.25,6.3,-5.3,91,960,0
386.88,2160,0,6.72,6.3,-5.3,91,960,0
387.09,2160,0,7,6.3,-4.5,90,960,0
387.3,2160,0,6.86,6.3,-5.3,89,960,0
387.48,2120,0,6.92,6.3,-4.5,89,960,0
387.67,2120,0,7.44,6.3,-5.3,88,960,0
387.87,2080,0,6.92,6.3,-5.3,88,960,0
388.05,2080,0,6.83,5.9,-5.3,87,960,0
388.27,2040,0,6.64,5.9,-5.3,86,960,0
388.46,2040,0,6.31,5.9,-5.3,85,960,0
388.65,2000,0,6.58,5.9,-4.5,85,960,0
388.86,2000,0,6.44,5.9,-5.3,84,960,0
389.05,2000,0,6.36,5.9,-4.5,83,960,0
389.24,1960,0,6.28,5.5,-4.5,83,960,0
389.44,1960,0,6.22,5.5,-5.3,82,960,0
389.64,1960,0,6.25,5.5,-5.3,81,960,0
389.84,1920,0,6,5.5,-5.3,81,950,0
390.03,1920,0,5.92,5.5,-5.3,80,950,0
390.21,1920,0,6.25,5.5,-5.3,80,950,0
390.42,1920,0,5.97,5.5,-5.3,80,950,0
390.6,1920,0,5.97,5.5,-6,79,950,0
390.8,1880,0,6,5.5,-6,79,950,0
390.99,1880,0,5.92,5.5,-6,78,950,0
391.18,1880,0,6.06,5.5,-6,78,950,0
391.37,1880,0,6,5.5,-6,78,950,0
391.57,1880,0,6,5.5,-6,78,950,0
391.76,1880,0,5.83,5.5,-6,77,950,0
391.97,1840,0,5.94,5.5,-6,77,950,0
392.15,1840,0,5.86,5.5,-6,77,950,0
392.34,1840,0,5.83,5.5,-6.8,77,950,0
392.54,1840,0,5.78,5.5,-6.8,76,950,0
392.73,1840,0,5.42,5.5,-6.8,76,950,0
392.93,1840,0,5.75,5.5,-6.8,76,950,0
393.13,1840,0,5.47,5.5,-6.8,76,950,0
393.32,1800,0,5.92,5.5,-6.8,75,950,0
393.51,1800,0,6,5.5,-6.8,75,950,0
393.73,1800,0,5.81,5.5,-6.8,75,950,0
393.92,1800,0,5.92,5.5,-6.8,75,950,0
394.14,1800,0,5.64,5.5,-6.8,74,950,0
394.34,1800,0,5.64,5.5,-7.5,74,950,0
394.53,1800,0,5.42,5.1,-7.5,74,950,0
394.73,1760,0,5.83,5.1,-7.5,74,950,0
394.92,1760,0,5.69,5.1,-7.5,73,950,0
395.12,1760,0,5.58,5.1,-7.5,73,950,0
395.31,1760,0,5.58,5.1,-7.5,73,950,0
395.51,1760,0,5.69,5.1,-7.5,73,950,0
395.71,1720,0,5.69,5.1,-7.5,72,950,0
395.9,1720,0,5.58,5.1,-7.5,72,950,0
396.09,1720,0,5.64,5.1,-7.5,72,950,0
396.29,1720,0,5.56,5.1,-7.5,72,950,0
396.48,1720,0,5.42,5.1,-7.5,71,950,0
396.67,1680,0,5.22,5.1,-7.5,71,950,0
396.87,1680,0,5,5.1,-7.5,70,950,0
397.06,1680,0,5.22,5.1,-7.5,70,950,0
397.26,1640,0,5.25,5.1,-7.5,69,950,0
397.45,1600,0,5.36,5.1,-7.5,68,940,0
397.64,1600,0,5.14,4.7,-7.5,68,940,0
397.84,1560,0,5.06,4.7,-6.8,67,940,0
398.03,1560,0,4.89,4.7,-6.8,66,940,0
398.21,1520,0,5.08,4.7,-6.8,65,940,0
398.42,1480,0,4.78,4.7,-6.8,64,940,0
398.62,1440,0,4.75,4.3,-6.8,62,940,0
398.83,1240,0.51,4.42,4.3,-6.8,61,940,0
399.03,1080,1.02,5.42,3.9,17.3,59,930,0
399.22,1080,1.02,5.36,5.9,2.3,58,930,0
399.42,1000,1.02,4.78,4.7,-3.8,57,930,0
399.61,1000,1.02,4.69,4.3,1.5,56,930,0
399.8,960,1.02,4.33,4.3,-2.3,55,930,0
400,920,1.02,4.17,3.9,0.8,54,930,0
400.18,880,1.02,4.25,3.9,0.8,54,930,0
400.37,840,1.02,4.06,3.9,3,53,920,0
400.57,840,1.02,3.92,3.9,5.3,53,920,0
400.76,840,1.02,3.75,3.9,6,53,920,0
400.96,840,1.02,3.86,3.9,7.5,53,920,0
401.15,840,0.77,3.61,3.9,7.5,52,920,0
401.34,840,1.02,4.14,3.9,9.8,52,920,0
401.55,840,1.02,4.11,3.9,7.5,52,920,0
401.73,840,1.02,4.17,4.3,3,51,920,0
401.91,840,1.02,4.31,4.3,1.5,51,920,0
402.12,840,1.02,4.14,3.9,1.5,50,920,0
402.31,800,1.02,4.19,3.9,2.3,50,920,0
402.49,800,1.02,4.11,3.9,3,49,920,0
402.7,800,1.02,3.94,3.9,3.8,48,920,0
402.89,800,1.02,4.06,3.9,5.3,47,920,0
403.09,800,1.28,4,3.9,5.3,46,920,0
403.28,800,1.28,4,3.9,4.5,45,920,0
403.47,800,1.28,4.06,3.9,4.5,44,920,0
403.66,800,1.28,4.08,3.9,4.5,43,920,0
403.86,800,1.28,4,3.9,4.5,42,920,0
404.04,800,1.28,4.14,3.9,4.5,40,920,0
404.26,800,1.28,3.94,3.9,4.5,39,920,0
404.45,800,1.28,3.97,3.9,4.5,38,920,0
404.64,800,1.28,3.97,3.9,4.5,37,920,0
404.84,800,1.28,4.19,3.9,5.3,36,920,0
405.03,800,1.53,4.14,3.9,5.3,35,920,0
405.24,800,1.53,4.22,3.9,3.8,35,920,0
405.43,800,1.53,4.39,3.9,4.5,34,920,0
405.62,800,1.28,4.19,3.9,3.8,33,920,0
405.83,800,1.28,4.11,3.9,4.5,33,920,0
406.01,800,1.28,4.17,3.9,4.5,32,920,0
406.2,800,1.28,4.28,3.9,4.5,32,920,0
406.42,800,1.28,4.17,3.9,3.8,31,920,0
406.62,800,1.28,4.11,3.9,3.8,31,920,0
406.84,800,1.28,4.22,3.9,3.8,30,920,0
407.05,800,1.28,4.08,3.9,3.8,30,920,0
407.23,800,1.28,4.17,3.9,4.5,29,920,0
407.44,800,1.28,4.19,3.9,4.5,28,920,0
407.62,800,1.28,4.22,3.9,3.8,27,920,0
407.81,800,1.28,4.19,3.9,4.5,26,920,0
408.01,800,1.28,4.08,3.9,4.5,26,920,0
408.2,800,1.28,4.19,3.9,4.5,25,920,0
408.39,800,1.28,4.28,3.9,4.5,25,920,0
408.59,800,1.28,4.14,3.9,3.8,24,920,0
408.78,800,1.28,4.08,3.9,3.8,24,920,0
408.98,800,1.28,3.94,3.9,4.5,23,920,0
409.17,840,1.28,4.03,3.9,5.3,23,920,0
409.35,840,1.28,4.14,3.9,5.3,23,920,0
409.57,840,1.28,4.19,3.9,5.3,22,920,0
409.76,840,1.28,4.17,3.9,4.5,22,920,0
409.95,840,1.53,4.22,4.3,3,22,920,0
410.15,960,2.55,15.83,7.8,9.8,22,900,0
410.34,1280,2.04,7.92,8.6,-10.5,21,920,0
410.54,1600,1.28,7.78,7.5,6,21,920,0
410.73,1520,1.28,9.42,8.2,27,21,920,0
410.92,1520,1.28,9.72,8.2,27.8,21,920,0
411.12,1520,1.79,12.22,10.6,27.8,21,920,0
411.31,1560,1.79,12.11,10.6,21.8,21,930,0
411.5,1560,1.79,13.14,10.6,27,21,930,0
411.7,1600,1.79,13.61,11.4,27,22,940,0
411.89,1640,1.79,14.33,11.8,27,22,950,0
412.08,1640,1.79,13.92,11.8,27.8,22,950,0
412.27,1680,1.79,13.83,11.8,28.5,23,960,0
412.47,1720,1.53,13.5,11.8,28.5,23,970,0
412.67,1720,1.53,13.25,10.6,30,24,970,0
412.85,1760,1.53,12.89,10.6,31.5,24,970,0
413.04,1800,2.04,17.33,10.6,31.5,25,970,0
413.25,1880,2.81,28,20.8,27.8,25,960,0
413.43,1960,3.06,31.69,42,15.8,26,990,0
413.62,2000,3.06,33.53,92.9,18,26,1050,0
413.84,2160,3.06,37.08,69.8,19.5,28,1120,0
414.03,2240,3.31,43.28,97.6,19.5,29,1180,0
414.21,2360,3.57,49.36,99.6,18,30,1260,0
414.43,2480,3.57,56.89,99.6,14.3,32,1370,0
414.62,2600,3.83,64.17,99.6,13.5,33,1480,0
414.83,2760,4.08,76.06,99.2,9,35,1610,0
415.03,2960,4.84,80.28,96.1,9,38,1760,0
415.22,3080,4.34,72.5,93.7,4.5,40,1720,0
415.43,3280,4.08,73.94,78.4,11.3,42,1670,0
415.62,3440,3.83,77.44,52.5,12,44,1610,0
415.81,3560,3.83,78.67,44.3,12.8,46,1590,0
416.03,3720,3.83,93.58,44.7,6.8,49,1570,0
416.22,3880,4.08,98.39,99.6,6,51,1660,0
416.42,4040,4.34,108.47,97.6,6,53,1680,0
416.61,4200,4.59,112.72,98.8,9.8,55,1760,0
416.81,4360,4.59,120.19,98.8,9,57,1830,0
417.01,4560,4.84,129.31,98.8,6.8,60,1850,0
417.2,4680,5.61,133.17,98.4,9,62,1880,0
417.42,4440,0,5.89,36.9,0.8,64,1840,0
417.6,4160,0,1.47,7.5,-0.8,66,1350,0
417.79,3800,0,8.19,9.4,-0.8,66,1160,0
418,3440,0.51,12.92,10.6,-3,66,1080,0
418.18,3280,1.79,25.28,10.2,29.3,67,1020,0
418.38,3360,2.55,59.28,26.7,15.8,67,980,0
418.59,3400,2.81,66.94,40.4,15.8,67,1170,0
418.78,3440,3.06,69.81,42.7,22.5,68,1300,0
418.98,3520,3.31,75.17,43.1,18,69,1400,0
419.17,3600,3.83,83.83,52.9,12,70,1480,0
419.35,3640,3.83,81.94,64.7,15,71,1540,0
419.56,3720,3.57,79.39,42.7,15,73,1540,0
419.75,3800,3.83,79.5,40.4,17.3,74,1560,0
419.94,3840,3.57,79.69,34.9,12,75,1570,0
420.17,3880,1.53,29.44,25.9,17.3,77,1420,0
420.35,3600,0,4.33,15.3,-3.8,78,1220,0
420.56,3240,0,8.61,9,-3,78,1110,0
420.75,2960,0,10.17,9.4,-3.8,78,1040,0
420.93,2680,0,9.97,9,-4.5,78,1010,0
421.14,2480,0,9.22,8.2,-4.5,78,990,0
421.34,2680,0.51,8.72,7.8,-5.3,78,980,0
421.53,2840,0.51,10.17,7.8,3.8,77,970,0
421.73,2840,0.51,10.94,9.4,0,77,960,0
421.92,2800,0.51,10.58,8.6,2.3,77,950,0
422.13,2800,0.77,10.72,9,3,77,950,0
422.32,2800,0.77,10.97,9,0.8,77,950,0
422.51,2800,0.77,10.56,9,-0.8,76,960,0
422.71,2800,0.77,10.72,8.6,0,76,960,0
422.9,2760,0.77,10.19,8.6,0.8,76,950,0
423.09,2760,0.77,9.89,8.2,4.5,76,950,0
423.3,2760,0.77,10.11,8.2,13.5,76,950,0
423.48,2760,0.77,10.19,8.2,18,75,950,0
423.67,2760,0.77,11.06,8.6,18,75,950,0
423.87,2760,0.77,11.42,9,18,75,950,0
424.06,2720,0.77,11.14,9.4,23.3,75,950,0
424.26,2720,0.77,11.06,9,27.8,75,950,0
424.45,2720,0.77,12.08,9,29.3,74,950,0
424.63,2720,1.02,14.53,10.6,29.3,74,950,0
424.84,2720,1.02,15.44,11.4,27.8,74,960,0
425.03,2720,1.02,16.44,11.8,27.8,74,960,0
425.21,2720,1.02,16.86,12.2,27,74,970,0
425.43,2720,1.02,16.36,12.5,27,74,980,0
425.62,2720,1.02,16.97,12.2,27,74,990,0
425.8,2720,1.02,16.64,12.2,27,74,990,0
426.01,2720,1.28,17,12.2,27,74,990,0
426.2,2720,1.02,16.92,12.5,30,74,1000,0
426.41,2720,1.28,18.83,12.5,32.3,74,1000,0
426.6,2720,1.28,19.86,13.7,31.5,74,1010,0
426.8,2720,1.28,20.83,13.7,31.5,74,1010,0
427,2720,1.28,21,14.5,31.5,74,1030,0
427.19,2720,1.28,22.72,14.5,30.8,74,1040,0
427.37,2720,1.53,22.03,14.9,30,74,1040,0
427.58,2720,1.53,22.64,14.9,30,74,1050,0
427.79,2720,1.53,22.36,14.9,30,74,1060,0
427.99,2760,1.53,23.03,14.9,30.8,74,1060,0
428.18,2760,1.53,22.58,14.9,30,74,1060,0
428.37,2760,1.53,22.39,14.9,30,74,1060,0
428.58,2760,1.28,21.86,14.9,30.8,75,1060,0
428.78,2760,1.28,20.44,13.7,30.8,75,1060,0
428.97,2760,1.28,20.61,13.7,31.5,75,1060,0
429.17,2760,1.28,19.31,13.7,31.5,75,1060,0
429.36,2760,1.28,18.39,13.3,32.3,75,1050,0
429.57,2760,1.28,19.36,13.3,33,75,1050,0
429.76,2760,1.28,18.47,13.3,32.3,75,1040,0
429.95,2760,1.28,18.58,13.3,33,75,1040,0
430.15,2760,1.28,18.58,13.3,33,75,1040,0
430.34,2760,1.28,18.58,13.3,33,75,1030,0
430.53,2760,1.28,19.28,13.3,33,75,1030,0
430.75,2760,1.28,18.08,13.3,33,75,1030,0
430.94,2760,1.28,18.58,13.3,33,75,1030,0
431.12,2760,1.28,18.94,13.3,33,75,1030,0
431.32,2760,1.28,18.89,13.3,33,75,1030,0
431.51,2760,1.28,18.94,13.3,33,75,1030,0
431.71,2760,1.28,19.06,13.3,33,75,1030,0
431.9,2760,1.28,19.03,13.3,33,75,1030,0
432.08,2760,1.28,19.22,13.3,33,75,1030,0
432.3,2760,1.28,20.06,13.7,33,75,1030,0
432.48,2760,1.28,19.83,13.7,32.3,75,1030,0
432.67,2760,1.28,20.08,13.7,32.3,75,1030,0
432.87,2760,1.28,18.75,13.3,32.3,75,1030,0
433.06,2760,1.28,19.42,13.7,32.3,75,1030,0
433.24,2760,1.28,20.53,14.1,32.3,75,1040,0
433.45,2760,1.28,20.03,14.1,31.5,75,1040,0
433.64,2760,1.28,21.83,14.5,31.5,75,1040,0
433.86,2760,1.28,21.06,14.5,30.8,75,1050,0
434.05,2800,1.28,21.53,14.1,31.5,75,1050,0
434.23,2800,1.28,21.25,14.1,31.5,75,1050,0
434.43,2800,1.28,21.22,14.1,32.3,76,1050,0
434.62,2800,1.28,22,14.5,31.5,76,1050,0
434.81,2800,1.28,20.86,14.5,31.5,76,1050,0
435.01,2800,1.28,19.39,14.5,31.5,76,1060,0
435.2,2800,1.28,18.78,13.7,32.3,76,1060,0
435.4,2800,1.28,19.44,13.3,33,76,1050,0
435.59,2800,1.28,19.14,13.7,33,76,1050,0
435.78,2800,1.28,18.97,13.3,33,76,1040,0
436,2800,1.28,18.42,13.3,33,76,1040,0
436.19,2800,1.28,19.14,13.3,33,76,1040,0
436.37,2800,1.28,18.19,13.3,33,76,1040,0
436.59,2800,1.28,19.22,13.3,33,76,1040,0
436.78,2800,1.28,18.72,13.3,33,76,1040,0
436.98,2800,1.28,19.81,13.3,33,76,1030,0
437.16,2800,1.28,21.56,14.1,33,76,1030,0
437.37,2800,1.28,23.11,14.9,31.5,76,1040,0
437.57,2800,1.53,23.83,15.3,30.8,76,1050,0
437.76,2800,1.53,24.11,15.7,30,76,1060,0
437.94,2800,1.53,23.81,15.3,30,76,1060,0
438.15,2840,1.53,24.5,15.7,30,76,1070,0
438.34,2840,1.53,25.03,15.7,30,77,1070,0
438.56,2840,1.28,18.14,15.7,30,77,1090,0
438.74,2840,1.02,14,11.4,34.5,77,1070,0
438.93,2800,0.77,12.97,10.6,36,77,1050,0
439.13,2800,0.51,9.39,9,37.5,77,1030,0
439.33,2760,0.51,9.03,7.8,39,77,1010,0
439.51,2800,0.51,9.06,7.8,32.3,76,1000,0
439.71,2800,0.51,9,7.8,28.5,76,990,0
439.9,2800,0.51,9.25,7.8,24.8,76,980,0
440.1,2760,0.51,9.22,7.8,21.8,76,970,0
440.31,2760,0.51,10.19,7.8,29.3,76,970,0
440.49,2800,0.77,12.72,9.4,29.3,75,960,0
440.7,2720,1.02,14.78,10.6,28.5,75,960,0
440.88,2720,1.02,14.58,11.4,27.8,75,960,0
441.08,2760,1.02,15.06,11.4,27,75,970,0
441.29,2720,1.02,14.25,11.4,27,75,970,0
441.48,2720,1.02,14.39,11.4,27,74,970,0
441.66,2720,1.02,14.89,11.4,27,74,980,0
441.87,2720,1.02,15.17,11.4,27,74,980,0
442.08,2720,1.02,14.67,11.4,27,74,980,0
442.28,2720,1.02,15.11,11.4,27,74,990,0
442.46,2680,1.02,14.67,11.4,26.3,74,990,0
442.67,2680,1.02,14.83,11,27,73,990,0
442.87,2680,1.02,14.42,11,27,73,990,0
443.06,2680,1.02,14.72,11,27,73,990,0
443.25,2680,1.02,14.39,11,26.3,73,990,0
443.45,2680,1.02,14.42,11,27,73,990,0
443.64,2640,1.02,13.67,10.6,27,72,990,0
443.84,2640,1.02,14.03,10.6,27,72,990,0
444.03,2640,1.02,13.81,10.6,26.3,72,990,0
444.21,2640,1.02,13.97,10.6,26.3,72,980,0
444.42,2600,1.02,13.97,10.6,26.3,72,980,0
444.61,2600,1.02,13.81,10.6,26.3,71,980,0
444.79,2600,1.02,13.56,10.6,26.3,71,980,0
445,2600,1.02,13.69,10.6,26.3,71,980,0
445.18,2560,1.02,13.69,10.6,26.3,70,980,0
445.37,2560,1.02,13.75,10.6,26.3,70,980,0
445.57,2560,1.02,14,10.6,24.8,70,980,0
445.76,2560,1.28,17.11,12.2,23.3,70,980,0
445.97,2560,1.28,19.06,12.9,24,69,980,0
446.15,2520,1.28,19.17,13.7,26.3,69,990,0
446.34,2520,1.28,19.61,13.7,26.3,69,1000,0
446.55,2520,1.53,20.39,13.7,26.3,69,1010,0
446.74,2520,1.28,19.53,13.7,26.3,69,1020,0
446.93,2520,1.28,19.19,13.7,26.3,68,1030,0
447.13,2520,1.28,19.36,13.7,26.3,68,1030,0
447.32,2480,1.28,18.33,13.7,26.3,68,1040,0
447.51,2480,1.28,18,13.3,26.3,68,1040,0
447.71,2480,1.28,16.89,12.2,25.5,68,1040,0
447.91,2480,1.28,16.33,12.2,26.3,68,1030,0
448.12,2440,1.28,16.5,12.2,25.5,67,1020,0
448.31,2440,1.28,16.44,12.2,25.5,67,1020,0
448.5,2440,1.28,16.36,12.2,25.5,67,1020,0
448.7,2440,1.28,16.69,12.2,25.5,67,1020,0
448.88,2440,1.28,16.75,12.2,25.5,66,1010,0
449.08,2400,1.28,17.03,12.2,25.5,66,1010,0
449.28,2400,1.28,17.03,12.2,25.5,66,1010,0
449.46,2400,1.28,17.03,12.2,25.5,65,1010,0
449.65,2360,1.28,16.72,12.2,25.5,65,1010,0
449.86,2360,1.28,16.86,12.2,25.5,65,1010,0
450.05,2360,2.04,30.28,17.3,24.8,65,1000,0
450.24,2400,2.29,36.97,24.7,21.8,64,1030,0
450.43,2360,2.55,41.06,31.4,20.3,64,1100,0
450.62,2360,2.81,41.56,30.6,20.3,64,1160,0
450.83,2400,3.06,44.19,32.2,20.3,64,1230,0
451.02,2400,3.31,47.78,32.9,18,65,1300,0
451.2,2440,3.31,51.89,35.7,16.5,65,1370,0
451.4,2440,3.57,55.22,38,14.3,65,1460,0
451.59,2480,4.08,61.97,47.1,12,66,1530,0
451.78,2480,4.08,65.67,74.5,9.8,66,1620,0
451.99,2520,4.34,70.11,98.4,5.3,67,1730,0
452.18,2560,4.59,72.36,95.7,5.3,68,1810,0
452.38,2560,4.59,72.86,94.9,5.3,68,1850,0
452.58,2600,4.84,73.97,95.3,5.3,69,1880,0
452.76,2640,4.59,70.92,95.3,7.5,70,1870,0
452.96,2680,4.59,72.33,84.3,6,71,1850,0
453.15,2680,4.59,71.42,74.1,6.8,72,1860,0
453.34,2760,4.59,72.67,71.8,7.5,72,1840,0
453.54,2760,4.59,70.53,96.5,8.3,73,1810,0
453.75,2800,4.34,71.92,76.9,9.8,74,1770,0
453.93,2800,4.34,72.56,83.1,5.3,75,1760,0
454.14,2840,4.34,72.89,95.3,8.3,76,1740,0
454.32,2880,4.34,71.5,97.3,8.3,77,1730,0
454.52,2920,4.34,74.11,97.6,7.5,77,1730,0
454.71,2960,4.59,80.75,99.6,6.8,78,1790,0
454.9,2960,4.84,82,99.6,8.3,79,1850,0
455.12,3040,5.61,88,99.6,6,80,1890,0
455.31,3040,5.36,85.44,99.6,4.5,81,1910,0
455.49,3080,5.36,88.22,99.6,6.8,82,1920,0
455.7,3120,5.36,88.78,99.6,6.8,83,1920,0
455.89,3160,5.36,90.67,99.6,5.3,84,1930,0
456.07,3160,5.36,91.67,99.6,3.8,84,1910,0
456.28,3200,5.36,90.22,99.6,3.8,85,1910,0
456.46,3240,5.61,92.61,99.6,3.8,86,1900,0
456.68,3280,5.61,94.19,99.6,1.5,87,1880,0
456.87,3320,5.87,83.36,99.6,5.3,88,1870,0
457.06,3360,5.1,75.69,99.6,3,89,1730,0
457.28,3360,4.08,73.33,85.1,6.8,90,1640,0
457.46,3360,3.06,53.64,31.8,9.8,90,1560,0
457.65,3400,3.06,50.11,25.5,15.8,91,1400,0
457.87,3400,3.06,78.53,46.7,16.5,92,1340,0
458.06,3440,4.59,89.67,99.6,14.3,92,1550,0
458.28,3480,5.61,91.06,99.6,9,93,1720,0
458.46,3520,5.61,92.64,99.2,7.5,93,1740,0
458.65,3520,5.61,92.67,99.6,5.3,94,1750,0
458.86,3560,5.36,93.69,99.6,8.3,95,1770,0
459.05,3600,5.36,95,99.6,8.3,96,1800,0
459.23,3640,5.36,98.69,99.6,9,97,1820,0
459.43,3680,5.36,98.22,99.6,6,98,1840,0
459.62,3680,6.12,94.97,98,9,99,1820,0
459.83,3680,4.59,81.11,95.3,0.8,99,1840,0
460.01,3720,2.04,21.86,26.7,11.3,100,1510,0
460.2,3720,1.79,30.47,17.6,23.3,100,1220,0
460.42,3720,1.79,34.97,20.4,28.5,101,1090,0
460.61,3680,1.53,34.36,21.2,28.5,101,1070,0
460.79,3680,1.53,33.61,19.6,30,101,1070,0
460.99,3640,1.02,20.81,18.8,30,101,1090,0
461.18,3640,0.77,15.36,11.8,31.5,100,1060,0
461.37,3640,0.77,13.86,11.4,32.3,100,1030,0
461.57,3640,0.77,13.11,10.6,30.8,100,1000,0
461.78,3560,0.77,13.44,10.6,17.3,99,990,0
461.98,3560,0.77,13.64,10.6,6.8,99,980,0
462.17,3560,0.77,15.19,11,-3.8,98,1000,0
462.36,3560,0.77,13.78,10.6,-4.5,98,1000,0
462.57,3520,0.77,13.36,10.6,-3.8,97,1000,0
462.78,3480,0,13.03,10.2,3.8,96,1000,0
462.96,3440,0,12.67,10.2,-3.8,96,990,0
463.16,3480,0,12.42,9.8,-3.8,95,990,0
463.36,3440,0,12.33,9.8,-3.8,94,980,0
463.58,3400,0,12.03,9.8,-3.8,94,980,0
463.76,3400,0,12.22,9.8,-3.8,93,980,0
463.95,3360,0,12.14,9.8,-3.8,92,980,0
464.15,3360,0,11.83,9.4,-3.8,92,970,0
464.34,3320,0,11.83,9.4,-3.8,91,970,0
464.53,3280,0,11.83,9.4,-3.8,91,970,0
464.74,3280,0,11.64,9.4,-3.8,90,970,0
464.93,3240,0,11.56,9.4,-3.8,89,970,0
465.14,3240,0,11.53,9,-3.8,89,970,0
465.32,3200,0,11.28,9,-3.8,88,970,0
465.51,3160,0,11.06,9,-3.8,88,970,0
465.71,3160,0,11.56,9,-3.8,87,970,0
465.9,3160,0,10.97,9,-3.8,86,970,0
466.09,3120,0,10.89,9,-3.8,86,970,0
466.31,3120,0,10.89,9,-3.8,85,970,0
466.5,3080,0,10.75,9,-3.8,85,970,0
466.68,3080,0,10.94,8.6,-3.8,84,970,0
466.89,3040,0,10.56,8.6,-3.8,84,970,0
467.07,3000,0,10.81,8.6,-3.8,83,970,0
467.28,3000,0,10.33,8.6,-3.8,83,970,0
467.46,2960,0,10.39,8.6,-3.8,82,970,0
467.65,2920,0,10.28,8.6,-4.5,81,970,0
467.87,2880,0,10.22,8.6,-4.5,80,970,0
468.06,2840,0,9.86,8.2,-4.5,79,970,0
468.25,2800,0,9.72,8.2,-4.5,78,970,0
468.45,2800,0,10,8.2,-4.5,77,970,0
468.64,2760,0,9.56,8.2,-4.5,77,970,0
468.84,2760,0,9.28,8.2,-4.5,76,970,0
469.03,2760,0,9.75,7.8,-4.5,76,960,0
469.21,2760,0.77,9.61,7.8,-4.5,75,970,0
469.42,2720,0.77,9.31,7.8,-1.5,75,960,0
469.6,2720,0.77,9.33,7.8,0.8,74,960,0
469.8,2720,0.77,9.14,7.8,4.5,74,960,0
470,2680,0.77,9.28,7.8,11.3,74,950,0
470.18,2720,1.02,13,8.6,17.3,73,950,0
470.37,2640,1.02,13.67,10.6,9.8,73,950,0
470.57,2680,1.02,12.83,10.6,12,73,950,0
470.78,2680,1.02,12.64,10.2,15,73,960,0
470.98,2680,1.02,14,10.2,15,73,960,0
471.17,2680,1.53,17.81,12.5,18,73,950,0
471.36,2680,1.28,16.67,12.9,22.5,73,970,0
471.57,2680,1.02,15.64,11.8,29.3,73,980,0
471.77,2680,1.02,14.14,11.4,33,73,980,0
471.95,2680,1.02,14.56,11.4,35.3,73,980,0
472.15,2680,1.02,16.19,11.4,35.3,73,980,0
472.34,2680,1.02,16.58,12.2,34.5,73,980,0
472.53,2680,1.02,17.5,12.5,33.8,73,990,0
472.73,2680,1.02,17.14,12.5,33,73,990,0
472.92,2720,1.28,17.22,12.5,33.8,73,1000,0
473.13,2720,1.28,16.64,12.5,33,73,1000,0
473.32,2720,1.02,17.44,12.5,33.8,73,1000,0
473.51,2720,1.28,17.44,12.5,33.8,73,1010,0
473.71,2720,1.28,17.58,12.5,33,74,1010,0
473.9,2720,1.28,17.89,12.5,33,74,1010,0
474.09,2720,1.28,19.44,12.9,33,74,1010,0
474.29,2760,1.28,21.64,13.7,32.3,74,1020,0
474.48,2760,1.53,22.14,14.9,30.8,74,1020,0
474.66,2760,1.53,22.42,14.9,30.8,74,1040,0
474.87,2760,1.28,21.58,14.9,30.8,75,1050,0
475.06,2760,1.28,22.03,14.5,30.8,75,1050,0
475.26,2800,1.28,22.69,14.5,30.8,75,1060,0
475.44,2800,1.02,14.67,14.1,31.5,75,1070,0
475.63,2800,0.77,9.19,9.8,35.3,76,1060,0
475.84,2800,0.51,9.61,7.8,39,76,1030,0
476.03,2800,0.51,9.89,8.6,39,76,1010,0
476.22,2800,0.77,10.64,8.6,39,76,1000,0
476.42,2800,0.77,11.44,8.6,39,76,990,0
476.61,2800,0.77,13.17,10.6,38.3,76,980,0
476.79,2800,1.02,15.19,11,37.5,76,970,0
476.99,2800,1.02,15.22,11.4,36,76,980,0
477.18,2800,1.02,16.64,11.8,36,76,980,0
477.38,2800,1.02,17.28,12.2,35.3,76,990,0
477.57,2840,1.02,16.92,12.5,35.3,76,990,0
477.76,2840,1.02,17.08,12.5,34.5,77,1000,0
477.96,2840,0.77,10.5,11.4,34.5,77,1010,0
478.15,2840,0.51,9.08,8.2,39,77,1000,0
478.34,2800,0.51,8.67,7.5,37.5,77,990,0
478.56,2840,0.51,9.06,7.5,30,77,980,0
478.75,2840,0.51,9.39,7.8,19.5,77,970,0
478.93,2840,0.51,9.33,7.8,9,77,970,0
479.13,2840,0.51,9.92,8.2,0,77,960,0
479.32,2840,0.51,9.75,8.2,-3.8,77,960,0
479.52,2840,0.51,9.61,8.2,-4.5,77,960,0
479.71,2840,0,9.72,8.2,9.8,77,960,0
479.9,2840,0,10.03,8.2,-0.8,77,960,0
480.11,2800,0,9.83,8.2,-4.5,77,960,0
480.29,2800,0,9.72,8.2,-4.5,77,960,0
480.48,2800,0,10,8.2,-4.5,76,960,0
480.68,2800,0,9.81,8.2,-4.5,76,960,0
480.87,2800,0,9.53,8.2,-4.5,76,960,0
481.06,2800,0,9.67,8.2,-3.8,76,960,0
481.26,2760,0,9.5,8.2,-4.5,76,960,0
481.45,2760,0,9.75,8.2,-4.5,76,960,0
481.65,2760,0,9.64,8.2,-4.5,76,960,0
481.84,2760,0,9.56,7.8,-4.5,75,960,0
482.03,2760,0,9.72,7.8,-4.5,75,960,0
482.23,2760,0,9.64,8.2,-4.5,75,960,0
482.42,2760,0,9.39,7.8,-4.5,75,960,0
482.61,2760,0,9.72,7.8,-4.5,75,960,0
482.81,2720,0,9.78,7.8,-4.5,75,960,0
482.99,2720,0,9.33,7.8,-4.5,75,960,0
483.18,2720,0,9,7.8,-4.5,74,960,0
483.38,2720,0,9.14,7.8,-4.5,74,960,0
483.57,2720,0,9.39,7.8,-4.5,74,960,0
483.79,2720,0,9.69,7.8,-4.5,74,960,0
483.98,2720,0,9.44,7.8,-4.5,74,960,0
484.17,2680,0,9.47,7.8,-4.5,74,960,0
484.37,2680,0,9.47,7.8,-4.5,73,960,0
484.55,2680,0,9.28,7.8,-4.5,73,960,0
484.75,2680,0,9.22,7.8,-4.5,73,960,0
484.95,2680,0,9.19,7.8,-4.5,73,960,0
485.13,2680,0,9.36,7.8,-4.5,73,960,0
485.34,2680,0,9.39,7.8,-4.5,73,960,0
485.54,2640,0,9.28,7.8,-4.5,73,960,0
485.73,2640,0,9.17,7.8,-4.5,72,960,0
485.93,2640,0,9.17,7.8,-4.5,72,960,0
486.12,2640,0,8.97,7.8,-4.5,72,960,0
486.31,2640,0,9.14,7.8,-4.5,72,960,0
486.52,2640,0,9.5,7.8,-4.5,72,960,0
486.71,2640,0.77,8.94,7.8,-4.5,72,960,0
486.9,2640,0.77,8.75,7.5,-2.3,72,960,0
487.1,2640,0.77,8.67,7.5,0.8,71,950,0
487.29,2640,0.77,8.42,7.5,6,71,950,0
487.49,2640,0.77,10.47,8.2,15,71,950,0
487.69,2640,1.02,11.92,9.4,12.8,71,950,0
487.87,2640,1.02,13.36,10.2,15,71,950,0
488.07,2640,1.28,14.25,10.6,12,71,950,0
488.26,2640,1.28,14.81,11.4,14.3,72,950,0
488.45,2640,1.28,15.03,11.4,19.5,72,960,0
488.65,2640,1.28,15,11.4,24.8,72,960,0
488.85,2640,1.28,13.25,11.4,29.3,72,970,0
489.04,2640,0.77,10.22,8.2,36,72,970,0
489.27,2640,0.77,8.81,8.6,37.5,72,970,0
489.48,2680,0.51,8.75,7.5,28.5,72,960,0
489.68,2640,0.51,8.86,7.5,18.8,72,960,0
489.87,2640,0.51,9.14,7.5,4.5,72,950,0
490.06,2640,0.51,9.19,7.5,-3,72,950,0
490.26,2640,0.51,8.86,7.5,-4.5,72,950,0
490.44,2600,0,9.25,7.5,-4.5,71,950,0
490.63,2600,0,9.17,7.5,2.3,71,950,0
490.84,2600,0,8.94,7.5,-4.5,71,950,0
491.03,2560,0,9.28,7.5,-4.5,71,950,0
491.22,2560,0,8.83,7.5,-4.5,70,950,0
491.42,2560,0,8.61,7.5,-4.5,70,950,0
491.61,2520,0,8.75,7.5,-4.5,70,950,0
491.82,2520,0,8.58,7.5,-4.5,69,950,0
492.01,2520,0,8.44,7.5,-4.5,69,950,0
492.2,2520,0,8.75,7.5,-4.5,69,950,0
492.41,2480,0,8.56,7.5,-4.5,68,950,0
492.59,2480,0,8.39,7.5,-4.5,68,950,0
492.79,2480,0,8.58,7.1,-5.3,68,950,0
492.98,2440,0,7.97,7.1,-5.3,67,950,0
493.17,2440,0,8.42,7.1,-5.3,67,950,0
493.37,2440,0,8.03,7.1,-5.3,67,950,0
493.55,2400,0,8.06,7.1,-5.3,66,950,0
493.74,2400,0,8.11,7.1,-5.3,66,950,0
493.95,2400,0.77,8,7.1,-5.3,65,950,0
494.14,2400,0.77,7.58,7.1,-3.8,65,950,0
494.32,2360,0.77,7.86,7.1,0,65,950,0
494.55,2360,0.77,8.78,7.1,7.5,64,950,0
494.73,2360,0.77,9.61,7.8,13.5,64,940,0
494.93,2360,1.02,9.58,8.2,13.5,64,940,0
495.12,2360,1.02,10.47,8.6,17.3,64,940,0
495.31,2320,1.02,10.61,9,16.5,64,940,0
495.53,2320,1.02,10.5,8.6,16.5,63,940,0
495.71,2320,1.02,10.42,8.6,16.5,63,940,0
495.9,2320,1.02,10.36,9,16.5,63,940,0
496.1,2320,1.02,10.81,9,16.5,63,940,0
496.3,2280,1.02,11.33,9,16.5,63,940,0
496.48,2280,1.28,12.44,9.4,16.5,63,940,0
496.68,2280,1.28,12.25,10.2,15.8,62,950,0
496.87,2280,1.02,12.47,9.8,15.8,62,950,0
497.08,2280,1.02,12.5,10.2,15.8,62,950,0
497.26,2280,1.02,12.64,10.2,15.8,62,950,0
497.44,2280,1.02,12.56,10.2,15.8,62,950,0
497.67,2280,1.02,11.56,9.8,15.8,62,960,0
497.85,2240,1.02,10.58,9,16.5,62,960,0
498.04,2240,0.77,10.06,8.6,16.5,61,960,0
498.25,2240,0.77,10.06,8.6,16.5,61,950,0
498.43,2240,0.77,9.97,8.6,15.8,61,950,0
498.62,2200,1.02,10.89,8.2,15.8,61,950,0
498.82,2200,1.28,13.97,9.8,15.8,60,950,0
499.03,2200,1.53,17.64,11.8,15,60,950,0
499.23,2200,1.79,20.03,13.7,15,60,950,0
499.42,2200,1.79,22.42,15.7,21,60,970,0
499.6,2280,1.79,25.58,18,25.5,60,990,0
499.84,2200,2.04,28.19,19.6,26.3,60,1020,0
500.03,2240,2.29,29.17,20.4,25.5,60,1060,0
500.21,2240,2.29,30.08,20.4,24,60,1090,0
500.42,2240,2.29,28.97,20.4,24,61,1110,0
500.62,2280,2.29,29.42,20.4,24,61,1120,0
500.81,2280,2.55,30.42,20.4,24,61,1120,0
501.01,2280,2.55,29.94,20.4,23.3,61,1120,0
501.2,2280,2.29,31.08,20.4,22.5,62,1120,0
501.42,2320,2.29,30.44,20.8,23.3,62,1130,0
501.6,2320,2.55,31.39,20.8,23.3,62,1130,0
501.79,2320,2.55,30.72,20.8,23.3,63,1130,0
501.99,2360,2.29,30.03,21.2,23.3,63,1130,0
502.18,2360,2.55,31.42,21.6,23.3,63,1130,0
502.36,2360,2.55,31.81,22,24,64,1130,0
502.57,2360,2.55,32.75,22.4,24,64,1130,0
502.76,2400,2.55,33,22.4,24,64,1130,0
502.96,2400,2.55,33.11,22.7,24,64,1130,0
503.15,2400,2.55,33.17,22.7,24,65,1130,0
503.34,2400,2.55,33.19,22.7,24,65,1130,0
503.54,2440,2.55,33.81,22.7,24,65,1130,0
503.73,2440,2.55,33.25,23.1,24,66,1130,0
503.92,2440,2.55,34.06,23.1,24,66,1130,0
504.12,2440,2.81,36.75,23.9,23.3,66,1130,0
504.31,2480,2.81,36.64,25.1,23.3,66,1130,0
504.5,2480,2.81,37.61,25.5,23.3,67,1140,0
504.7,2480,2.81,38.08,25.5,22.5,67,1140,0
504.89,2480,2.81,35.5,25.9,22.5,67,1150,0
505.1,2520,2.04,27.81,20,23.3,68,1160,0
505.29,2520,1.79,26.42,16.9,25.5,68,1130,0
505.48,2520,1.79,25.67,16.9,26.3,68,1120,0
505.68,2520,1.79,25.89,16.9,26.3,68,1110,0
505.87,2520,1.79,27.39,17.3,26.3,68,1100,0
506.06,2520,1.79,27.17,17.3,26.3,68,1100,0
506.28,2520,2.04,27.69,17.6,26.3,68,1100,0
506.46,2520,2.04,28.47,17.6,25.5,68,1100,0
506.65,2520,2.04,28.31,18,25.5,68,1100,0
506.86,2520,2.04,28.14,18,25.5,68,1110,0
507.04,2520,2.04,27.22,17.6,25.5,69,1110,0
507.24,2520,2.04,27.69,17.6,25.5,69,1110,0
507.43,2520,2.04,27.25,17.6,25.5,69,1110,0
507.62,2520,1.79,25.69,16.5,25.5,69,1110,0
507.82,2520,1.79,24.17,16.5,26.3,69,1100,0
508.01,2520,1.79,22.31,14.9,27,69,1100,0
508.2,2520,1.53,22.06,14.9,27.8,69,1090,0
508.4,2520,1.53,20.72,13.7,27.8,69,1080,0
508.59,2520,1.28,19.5,13.7,28.5,69,1070,0
508.78,2520,1.28,20.11,13.7,28.5,68,1060,0
508.98,2520,1.28,20.11,13.7,28.5,68,1050,0
509.16,2520,1.28,19.92,13.7,28.5,68,1050,0
509.37,2480,1.53,21.17,14.1,29.3,68,1040,0
509.56,2480,1.53,22,14.5,28.5,68,1050,0
509.74,2480,1.53,21.92,14.9,28.5,68,1050,0
509.95,2480,1.53,21.5,14.5,27.8,68,1050,0
510.13,2480,1.53,21.72,14.5,27.8,68,1060,0
510.32,2480,1.53,21.06,14.5,27.8,68,1060,0
510.54,2480,1.53,21.11,14.5,28.5,67,1060,0
510.73,2480,1.53,21.19,14.5,28.5,67,1060,0
510.94,2480,1.53,21.33,14.5,27.8,67,1060,0
511.14,2480,1.53,20.89,14.5,27.8,67,1060,0
511.32,2480,1.53,20.47,14.5,28.5,67,1060,0
511.55,2480,1.53,21.67,14.5,28.5,67,1060,0
511.73,2480,1.53,21.28,14.5,27.8,67,1060,0
511.92,2480,1.53,21.64,14.5,27.8,67,1060,0
512.12,2440,1.53,22.94,14.9,27.8,67,1060,0
512.31,2440,1.53,23.06,15.3,27.8,67,1060,0
512.49,2440,1.53,22.22,15.3,27.8,67,1060,0
512.7,2440,1.53,22.47,14.9,27.8,67,1070,0
512.89,2440,1.53,22.75,14.9,27.8,67,1070,0
513.09,2440,1.53,22.11,14.9,27.8,67,1070,0
513.28,2480,1.53,21.81,14.9,27.8,67,1070,0
513.47,2440,1.53,22.5,14.9,27.8,67,1070,0
513.67,2440,1.79,23.11,14.9,27.8,67,1070,0
513.86,2440,1.53,22.97,14.9,27,67,1070,0
514.04,2480,1.53,21.69,14.9,27.8,67,1070,0
514.24,2440,1.53,20.81,14.5,27.8,67,1070,0
514.43,2480,1.53,20.72,14.1,27.8,67,1070,0
514.62,2440,1.53,20.78,14.1,27.8,67,1060,0
514.82,2440,1.53,22.31,14.5,27.8,67,1060,0
515.01,2440,1.53,21.78,14.9,27.8,67,1060,0
515.22,2480,1.53,22.97,14.9,27.8,67,1060,0
515.4,2480,1.53,22.75,15.3,27.8,67,1060,0
515.59,2480,1.53,22.69,15.3,27.8,67,1070,0
515.81,2480,1.53,21.83,15.3,27.8,67,1070,0
516,2480,1.53,21.67,14.5,27.8,67,1070,0
516.18,2480,1.53,20.58,13.7,27.8,67,1070,0
516.38,2480,1.53,20.61,14.1,28.5,67,1060,0
516.57,2480,1.53,22.36,14.5,28.5,67,1060,0
516.76,2480,1.53,21.72,14.9,27.8,67,1060,0
516.97,2480,1.53,22.72,14.9,27.8,67,1060,0
517.15,2480,1.53,22,14.9,27.8,67,1060,0
517.36,2480,1.53,21.78,14.9,27.8,67,1060,0
517.54,2480,1.53,21.86,14.9,27.8,67,1070,0
517.73,2480,1.53,21.67,14.5,27.8,67,1070,0
517.93,2480,1.79,22.81,14.9,27.8,68,1060,0
518.12,2480,1.53,24.06,15.3,27.8,68,1070,0
518.31,2520,1.53,23.75,15.7,27,68,1070,0
518.51,2520,1.79,24,16.1,27,68,1080,0
518.7,2520,1.79,24.03,16.1,27,68,1080,0
518.93,2520,1.79,24.25,16.1,27,68,1090,0
519.12,2520,1.79,24.67,16.1,27,68,1090,0
519.31,2520,1.79,23.03,16.1,27,69,1090,0
519.51,2520,1.28,16.94,13.3,27.8,69,1100,0
519.7,2520,1.02,14.36,11,29.3,69,1070,0
519.89,2520,1.02,14.53,11,32.3,69,1050,0
520.09,2520,1.28,16.06,11,32.3,69,1030,0
520.28,2520,1.28,18,12.9,31.5,69,1020,0
520.46,2520,1.28,18,12.5,30,69,1020,0
520.67,2520,1.28,17.83,12.9,30,69,1020,0
520.86,2520,1.28,18.47,12.9,30,68,1020,0
521.07,2520,1.28,18.11,12.9,30,68,1020,0
521.26,2520,1.28,18.39,12.9,30,68,1020,0
521.45,2520,1.02,15.25,11.8,30.8,68,1030,0
521.65,2520,1.02,12.39,10.6,32.3,68,1020,0
521.84,2520,0.77,12.53,9.8,31.5,68,1010,0
522.04,2480,0.77,11.08,9.4,29.3,68,1000,0
522.24,2480,0.77,10.17,9,29.3,68,990,0
522.43,2480,0.77,9.72,8.6,23.3,68,980,0
522.62,2480,0.77,9.97,8.2,20.3,68,970,0
522.84,2480,0.77,10.17,8.6,17.3,67,970,0
523.03,2480,0.77,10.58,8.6,16.5,67,960,0
523.23,2480,0.77,10.33,8.6,16.5,67,960,0
523.42,2440,0.77,8.61,8.2,16.5,67,960,0
523.61,2440,0.51,7.58,7.5,14.3,67,960,0
523.81,2440,0.51,7.56,6.7,7.5,67,950,0
523.99,2440,0.51,8.11,7.1,3,66,950,0
524.18,2400,0.51,7.83,7.1,-3.8,66,950,0
524.39,2400,0.51,8,7.1,-5.3,66,940,0
524.57,2360,0,8.06,7.1,-5.3,65,940,0
524.76,2360,0.77,8.31,7.1,4.5,65,940,0
524.97,2360,0,8.31,7.1,-5.3,65,940,0
525.15,2360,0,7.75,6.7,-5.3,64,940,0
525.36,2320,0,8.06,6.7,-5.3,64,940,0
525.54,2320,0,7.69,6.7,-5.3,64,950,0
525.73,2280,0,7.72,6.7,-5.3,63,950,0
525.93,2280,0,7.81,6.7,-5.3,63,950,0
526.12,2240,0,7.25,6.7,-5.3,62,950,0
526.3,2240,0,7.53,6.7,-5.3,62,950,0
526.53,2160,0,7.47,6.3,-5.3,61,950,0
526.71,2120,0,6.97,6.3,-5.3,60,950,0
526.92,2080,0,6.78,5.9,-5.3,59,950,0
527.1,2000,0,6.69,5.9,-5.3,58,950,0
527.3,1960,0,6.47,5.5,-5.3,56,950,0
527.5,1920,0,5.83,5.5,-5.3,55,950,0
527.68,1840,0,5.94,5.5,-6,53,950,0
527.87,1800,0,5.75,5.1,-6.8,52,950,0
528.08,1760,0,5.61,5.1,-6.8,50,950,0
528.26,1720,0,5.47,5.1,-7.5,49,950,0
528.45,1640,0,5.03,4.7,-7.5,48,950,0
528.65,1600,0,4.97,4.7,-7.5,46,950,0
528.84,1520,0,4.69,4.3,-6.8,45,940,0
529.05,1480,0,4.53,4.3,-6.8,43,940,0
529.23,1400,0,4.56,4.3,-6.8,42,940,0
529.42,1360,0,4.22,3.9,-6.8,40,940,0
529.62,1280,0,4.06,3.9,-7.5,38,940,0
529.81,1240,0,3.69,3.5,-8.3,37,930,0
530,1160,0.51,3.67,3.5,-8.3,35,930,0
530.2,1120,0.77,4.28,3.5,-4.5,33,930,0
530.39,1000,1.02,4.44,4.3,-1.5,32,930,0
530.57,920,1.02,4.44,4.3,-3,30,930,0
530.78,840,1.28,4.36,4.3,-5.3,29,920,0
530.98,800,1.28,4.31,3.9,-4.5,27,920,0
531.18,760,1.28,4.28,3.9,1.5,26,920,0
531.37,760,1.53,4.39,4.3,2.3,25,920,0
531.56,800,1.53,4.36,4.3,2.3,23,920,0
531.78,800,1.53,4.53,4.3,-0.8,22,920,0
531.96,840,1.28,4.42,4.3,-0.8,21,920,0
532.17,840,1.28,4.39,4.3,0.8,19,920,0
532.37,880,1.28,4.72,4.3,3.8,18,920,0
532.56,880,1.28,4.69,4.3,0,17,920,0
532.76,880,1.28,4.56,4.3,-0.8,16,920,0
532.95,880,1.28,4.39,4.3,-1.5,14,920,0
533.14,840,1.28,4.17,3.9,0,13,920,0
533.34,800,1.28,3.97,3.9,1.5,12,920,0
533.53,800,1.28,3.94,3.9,3,11,920,0
533.72,800,1.28,3.83,3.9,9,11,920,0
533.92,800,1.28,4.14,3.9,9.8,9,920,0
534.11,800,1.28,4,3.9,6.8,8,920,0
534.31,800,1.28,4.17,3.9,5.3,7,920,0
534.49,800,1.53,4.25,3.9,3.8,6,920,0
534.7,800,1.28,4.31,3.9,3.8,5,920,0
534.9,800,1.53,4.31,3.9,3,4,920,0
535.09,800,1.28,4.31,3.9,3,3,920,0
535.28,800,1.53,4.31,3.9,3,2,920,0
535.48,800,1.28,4.06,3.9,5.3,2,920,0
535.67,800,1.28,4.36,3.9,6.8,1,910,0
535.86,800,1.53,4.42,4.3,5.3,1,910,0
536.06,840,1.28,4.36,3.9,2.3,0,910,0
536.24,800,1.28,4.36,3.9,1.5,0,910,0
536.45,800,1.28,4.08,3.9,3,0,910,0
536.64,800,1.28,4.19,3.9,4.5,0,910,0
536.82,800,1.02,3.92,3.9,3.8,0,910,0
537.05,800,1.28,4.03,3.9,7.5,0,910,0
537.23,800,1.28,4.08,3.9,6.8,0,910,0
537.42,800,1.28,4.28,3.9,7.5,0,910,0
537.62,800,1.28,4.31,4.3,5.3,0,910,0
537.81,800,1.28,4.31,3.9,4.5,0,910,0
537.99,800,1.28,4.28,3.9,3.8,0,910,0
538.2,800,1.28,4.28,3.9,3,0,910,0
538.38,800,1.28,4.31,3.9,3.8,0,910,0
538.59,800,1.28,4.22,3.9,3,0,910,0
538.77,800,1.28,4.22,3.9,4.5,0,910,0
538.96,800,1.28,4.11,3.9,4.5,0,910,0
539.17,800,1.28,4.11,3.9,5.3,0,910,0
539.35,800,1.28,4.64,4.3,6.8,0,910,0
539.54,840,1.28,4.47,4.7,2.3,0,910,0
539.74,840,1.28,4.78,4.3,-2.3,0,910,0
539.95,840,1.28,4.64,4.3,-3.8,0,910,0
540.14,840,1.28,4.47,4.3,-3.8,0,920,0
540.34,840,1.28,4.39,4.3,-2.3,0,910,0
540.53,880,1.28,4.44,4.3,6,0,910,0
540.73,960,1.79,7.36,7.1,6,0,910,0
540.92,1120,1.53,6.78,6.7,0.8,0,920,0
541.11,1280,1.28,7.36,6.3,9.8,0,920,0
541.31,1360,1.53,10.72,7.5,23.3,0,910,0
541.5,1480,1.79,12.64,10.6,24,0,910,0
541.69,1600,1.79,13.64,11.8,24.8,0,920,0
541.89,1640,1.79,14.19,12.2,20.3,0,930,0
542.08,1640,1.79,14.31,12.5,15.8,0,940,0
542.26,1600,1.79,13.42,11.4,12,1,950,0
542.47,1560,1.79,12.89,11,13.5,2,960,0
542.65,1520,1.79,12.67,11,13.5,2,960,0
542.85,1440,1.79,11.22,9.4,10.5,3,970,0
543.04,1400,1.53,9.39,9.4,9,4,970,0
543.23,1440,1.28,7.22,7.5,1.5,4,970,0
543.44,1520,1.02,7.86,6.3,7.5,5,960,0
543.64,1640,1.28,9.78,7.1,27,5,960,0
543.84,1760,1.53,13.42,10.2,26.3,5,950,0
544.04,1840,1.53,15.44,11.4,24.8,5,950,0
544.23,1880,1.53,16.69,12.5,23.3,5,960,0
544.42,1840,1.79,15.94,12.9,24.8,5,970,0
544.63,1720,1.79,15.83,12.9,27.8,6,980,0
544.82,1640,2.04,15.75,12.9,27,7,980,0
545.02,1560,2.04,14.75,12.9,25.5,8,980,0
545.21,1480,2.04,15.17,13.3,24,9,990,0
545.4,1440,2.29,15.42,13.7,21.8,10,990,0
545.61,1600,2.29,18.22,14.1,21,11,990,0
545.79,1680,2.29,18.81,15.3,21.8,13,1000,0
545.98,1840,2.29,20.81,16.1,22.5,14,1010,0
546.18,1960,2.29,22.22,17.3,25.5,15,1030,0
546.37,2120,2.29,24.47,17.3,28.5,16,1040,0
546.56,2240,2.29,26.92,18,28.5,17,1050,0
546.76,2360,2.04,28.61,18.8,26.3,18,1080,0
546.95,2520,2.29,29.92,19.2,24.8,19,1100,0
547.15,2680,2.29,31.39,19.6,24,21,1110,0
547.34,2800,2.04,31.81,20,24,22,1120,0
547.53,2960,2.04,33.92,20.4,24,23,1130,0
547.75,3120,2.04,36.39,20.4,24,25,1130,0
547.93,3080,0.77,10.61,14.1,18,26,1120,0
548.12,2880,0.51,7,7.8,1.5,27,1060,0
548.32,2640,0.51,8.56,8.2,-3.8,27,1020,0
548.51,2400,0.51,8.14,7.8,-4.5,28,1000,0
548.7,2280,0.77,7.58,7.5,-5.3,28,980,0
548.9,1960,1.02,10.08,7.8,17.3,28,960,0
549.09,2080,2.04,22.28,11.4,15,28,940,0
549.29,2040,2.29,26.83,21.6,16.5,28,960,0
549.48,2120,2.29,32.17,23.5,20.3,29,990,0
549.67,2200,2.55,34.86,27.5,20.3,29,1040,0
549.87,2280,2.55,37.11,29,21.8,30,1100,0
550.07,2400,2.81,39.36,28.6,22.5,31,1140,0
550.26,2480,2.81,41.47,28.6,21.8,33,1180,0
550.46,2600,3.06,44.42,29.4,21.8,34,1220,0
550.65,2680,2.81,45.03,29.8,18.8,35,1240,0
550.85,2800,2.81,45.08,29.4,20.3,37,1250,0
551.04,2880,2.81,39.58,29.8,18.8,38,1230,0
551.23,2960,2.55,38.81,25.1,19.5,40,1170,0
551.43,3040,2.29,41.44,24.7,22.5,41,1150,0
551.62,3120,2.29,43.86,25.1,23.3,42,1140,0
551.81,3160,2.55,43.58,25.9,23.3,43,1140,0
552.01,3280,2.29,46.03,25.9,23.3,44,1140,0
552.2,3360,2.29,46.47,25.9,24,45,1140,0
552.39,3400,2.04,28.56,25.9,24.8,46,1140,0
552.59,3280,0.77,11.81,15.7,30.8,48,1120,0
552.78,3080,0.51,7.89,8.2,-3.8,48,1080,0
552.99,2800,0.51,9.53,8.6,-3.8,48,1030,0
553.19,2640,0.51,8.83,8.2,-4.5,48,1000,0
553.37,2360,1.28,15.22,9,20.3,48,970,0
553.57,2400,2.29,30.42,14.9,16.5,48,940,0
553.76,2440,2.29,36.19,21.2,15.8,49,980,0
553.96,2480,2.55,39.61,28.2,19.5,49,1050,0
554.17,2520,2.81,41.69,29.4,21,50,1120,0
554.35,2560,2.81,40.25,28.6,21.8,50,1140,0
554.56,2600,2.81,41.44,29,21.8,51,1140,0
554.74,2680,2.81,41.42,30.2,22.5,52,1150,0
554.93,2720,2.81,44.31,31,21.8,53,1150,0
555.13,2760,2.81,44.31,32.2,19.5,54,1150,0
555.33,2800,2.81,45.03,32.9,22.5,55,1150,0
555.51,2840,2.81,45.14,33.7,20.3,56,1150,0
555.71,2880,2.81,46.53,34.1,22.5,57,1160,0
555.9,2920,2.81,48.25,34.1,22.5,57,1160,0
556.09,2960,2.81,48.64,34.9,21.8,58,1160,0
556.3,3000,2.81,49.17,34.9,22.5,59,1160,0
556.48,3040,2.81,48.94,35.7,23.3,60,1150,0
556.68,3080,2.81,49.06,36.1,23.3,61,1160,0
556.87,3120,2.81,50.86,36.1,23.3,61,1160,0
557.07,3160,2.81,49.92,36.5,23.3,62,1160,0
557.28,3160,1.79,29.03,33.7,15,63,1140,0
557.47,2960,0.51,6.06,14.5,-6.8,64,1140,0
557.65,2760,0.51,7.06,7.5,-2.3,63,1070,0
557.86,2480,0.51,8.31,7.8,-4.5,63,1020,0
558.04,2360,0.51,8.08,7.5,0.8,63,1000,0
558.23,2280,1.02,14,7.8,18.8,63,970,0
558.45,2280,1.79,25.39,13.7,15,62,950,0
558.64,2240,1.79,23.44,15.7,16.5,62,980,0
558.84,2240,1.79,25.11,17.3,23.3,61,1010,0
559.03,2240,1.79,24.75,17.3,27,61,1030,0
559.21,2240,1.79,23.33,16.9,28.5,61,1050,0
559.42,2240,2.04,23.97,16.9,28.5,61,1060,0
559.6,2240,1.79,21.14,15.7,30,61,1070,0
559.79,2200,1.79,20.42,14.5,30.8,60,1070,0
560,2200,1.79,20.14,14.1,30.8,60,1070,0
560.18,2200,1.79,19.25,14.1,30.8,60,1060,0
560.37,2200,1.53,19.03,13.7,30,60,1050,0
560.57,2160,1.79,20.42,14.9,30.8,60,1050,0
560.78,2160,1.79,21.81,14.9,30.8,59,1050,0
560.98,2160,2.04,24,16.1,30,59,1050,0
561.17,2160,2.04,25.56,17.6,30,59,1060,0
561.36,2160,2.04,26.86,18.4,28.5,59,1070,0
561.56,2160,2.55,30.61,20,27,59,1080,0
561.75,2160,2.55,33.72,22.7,24,59,1100,0
561.93,2160,2.55,32.86,24.7,20.3,59,1120,0
562.16,2160,2.55,32.03,24.7,22.5,59,1130,0
562.34,2160,2.55,31.97,25.1,22.5,59,1130,0
562.53,2160,2.81,32.81,25.9,22.5,59,1130,0
562.73,2200,2.81,33.72,26.7,21.8,59,1140,0
562.92,2200,2.81,34.19,27.8,21,59,1140,0
563.12,2200,2.81,35.33,28.2,19.5,59,1140,0
563.31,2200,2.81,35.08,28.6,18.8,60,1140,0
563.5,2240,2.81,33.97,29,21,60,1140,0
563.71,2240,2.81,35.14,28.6,20.3,60,1150,0
563.9,2240,2.81,34.69,29,21.8,60,1140,0
564.09,2240,2.81,35,29,18.8,61,1140,0
564.29,2280,2.81,34.89,28.6,21.8,61,1140,0
564.48,2280,2.81,35.47,28.6,22.5,61,1140,0
564.68,2280,2.81,36.92,29,22.5,62,1140,0
564.89,2280,2.81,35.33,29.8,21.8,62,1150,0
565.07,2320,2.81,37.06,29.8,21.8,62,1150,0
565.28,2320,2.81,35.92,29.4,19.5,62,1150,0
565.46,2320,2.81,35.86,29.4,20.3,63,1150,0
565.65,2320,2.81,38.11,29.8,18,63,1150,0
565.85,2360,2.81,37.78,30.2,18,63,1150,0
566.04,2360,2.81,39.06,30.6,19.5,64,1150,0
566.25,2360,2.81,38.64,31,18,64,1150,0
566.43,2400,2.81,38.28,31,18.8,64,1150,0
566.62,2400,3.06,39.81,30.2,19.5,65,1150,0
566.82,2440,2.81,37.72,30.6,19.5,65,1150,0
567.01,2440,2.81,38.08,29.8,19.5,65,1150,0
567.2,2440,2.81,36.69,27.8,21,66,1150,0
567.4,2480,2.81,36.58,25.9,21.8,66,1150,0
567.59,2480,2.55,35.92,25.9,22.5,67,1140,0
567.78,2480,2.55,35.28,25.9,23.3,67,1140,0
567.98,2520,2.81,39.58,25.9,22.5,67,1130,0
568.17,2520,3.06,45.22,33.3,21.8,68,1130,0
568.37,2520,2.81,48.25,39.2,18.8,68,1180,0
568.56,2560,3.31,54.5,44.7,21,68,1290,0
568.76,2600,3.57,61.78,84.7,18,69,1410,0
569,2640,4.08,68.44,99.6,11.3,70,1570,0
569.18,2640,4.84,75.22,99.6,7.5,70,1710,0
569.41,2680,5.1,80.47,98,6,71,1840,0
569.59,2760,5.61,81.72,97.6,3,72,1930,0
569.79,2760,6.12,80,97.3,4.5,73,1960,0
570,2840,5.87,84.14,97.6,0,75,1960,0
570.18,2880,5.61,78.44,99.6,5.3,76,1950,0
570.39,2920,6.12,82.78,99.2,0,77,1970,0
570.59,2960,5.87,86.67,99.2,0,78,1950,0
570.78,3000,5.87,87.81,99.6,4.5,79,1980,0
570.98,3040,6.12,88.08,99.6,-0.8,80,1980,0
571.17,3080,5.87,83.14,99.6,3.8,81,1930,0
571.36,3120,5.87,89.06,99.6,0.8,82,1920,0
571.56,3160,5.87,85.25,99.6,0.8,83,1890,0
571.76,3200,5.36,78.06,99.6,3.8,85,1810,0
571.95,3240,4.59,71.81,99.6,7.5,86,1730,0
572.15,3280,3.83,70.11,56.1,9,87,1620,0
572.34,3280,3.57,66.03,34.5,13.5,88,1580,0
572.56,3320,3.31,63.42,31,15,89,1510,0
572.75,3360,3.06,64.22,31,17.3,90,1490,0
572.93,3360,3.06,62.94,31.4,17.3,90,1460,0
573.14,3400,3.06,63.56,31.4,17.3,91,1450,0
573.32,3440,3.06,62.53,31.8,17.3,92,1430,0
573.51,3440,3.06,63.92,32.5,20.3,92,1420,0
573.71,3480,3.06,65.94,32.9,16.5,93,1410,0
573.9,3520,3.06,67.75,34.5,20.3,94,1410,0
574.12,3520,3.31,66.64,35.7,18,94,1410,0
574.32,3560,3.06,64.33,33.7,17.3,95,1400,0
574.51,3560,3.06,63.33,33.7,17.3,96,1370,0
574.72,3600,2.55,54.86,33.3,19.5,96,1350,0
574.92,3440,0,17.22,21.6,18,97,1220,0
575.12,3160,0,7.89,8.2,-5.3,97,1110,0
575.31,2880,0,9.72,9,-3.8,97,1050,0
575.49,2600,0,9.89,9,-4.5,97,1010,0
575.7,2320,0,8.81,8.2,-4.5,96,990,0
575.88,2080,0,8.25,7.5,-5.3,96,980,0
576.07,1880,0.77,7.42,6.7,-5.3,96,970,0
576.28,2080,0.51,6.17,5.5,3,95,960,0
576.46,2320,0.77,8.36,7.1,16.5,95,950,0
576.65,2280,1.02,13.08,9,17.3,95,940,0
576.86,2280,1.28,18.28,11.8,16.5,94,930,0
577.04,2280,1.53,17.97,13.3,14.3,94,950,0
577.25,2280,1.53,18.58,13.7,17.3,94,960,0
577.43,2280,1.53,18.11,13.3,22.5,94,980,0
577.63,2280,1.53,18.81,12.9,27,94,990,0
577.82,2280,1.53,18.97,13.3,29.3,94,1000,0
578.01,2280,1.79,19.83,13.7,30,94,1000,0
578.2,2280,1.53,19.28,13.7,30,94,1010,0
578.4,2280,1.53,19.06,13.3,30.8,94,1020,0
578.59,2280,1.53,18.81,13.3,30.8,94,1020,0
578.78,2280,1.53,19.06,13.3,30.8,94,1020,0
578.98,2280,1.53,17.92,12.9,30.8,94,1030,0
579.17,2280,1.53,18.25,12.9,30,94,1030,0
579.38,2280,1.28,17,12.2,30,94,1030,0
579.57,2280,1.28,16.83,12.5,30.8,94,1020,0
579.76,2280,1.28,14.83,12.2,31.5,94,1030,0
579.96,2280,1.02,12.86,9.8,32.3,94,1020,0
580.15,2280,0.77,9.83,9.8,33,94,1010,0
580.34,2280,0.77,8.39,7.5,33.8,94,1000,0
580.54,2280,0.77,8.25,7.5,30,94,990,0
580.73,2240,0.51,6.89,6.3,24,94,980,0
580.93,2280,0.51,6.97,6.3,19.5,94,970,0
581.12,2280,0.51,6.92,6.3,11.3,94,960,0
581.31,2280,0.51,7.28,6.3,0.8,94,960,0
581.51,2280,0.51,7.56,6.3,-2.3,94,950,0
581.7,2280,0.51,7.11,6.3,-5.3,93,950,0
581.89,2240,0.51,7.22,6.3,-5.3,93,950,0
582.09,2240,0,7.25,6.3,3,93,950,0
582.28,2240,0,7.67,6.3,-5.3,93,950,0
582.47,2200,2.04,15.36,6.3,-5.3,93,950,0
582.67,2640,3.06,37.19,72.9,10.5,92,910,0
582.86,2720,1.02,10.67,15.7,-15,92,1040,0
583.06,2640,0.77,13.22,7.8,9.8,92,1020,0
583.25,2680,0.77,9.08,8.2,2.3,92,1020,0
583.45,2680,0.77,9.56,7.8,9,92,1000,0
583.65,2640,0.77,9.78,8.2,0.8,92,990,0
583.84,2640,0,10.17,8.2,-4.5,91,980,0
584.03,2640,0,9.53,8.2,-6,91,970,0
584.22,2600,0,9.83,8.2,-4.5,91,970,0
584.42,2600,0,9.47,7.8,-4.5,91,970,0
584.61,2600,0,9.44,7.8,-4.5,90,960,0
584.81,2560,0,9.11,7.8,-4.5,90,960,0
585,2560,0,9.44,7.8,-4.5,89,960,0
585.19,2560,0,8.78,7.5,-4.5,89,960,0
585.38,2560,0,8.58,7.5,-4.5,89,960,0
585.57,2520,0,8.89,7.5,-4.5,88,960,0
585.78,2520,0,8.78,7.5,-4.5,88,960,0
585.96,2520,0,8.56,7.5,-4.5,87,960,0
586.15,2480,0,8.56,7.5,-4.5,87,950,0
586.36,2480,0,8.25,7.5,-4.5,86,950,0
586.55,2480,0,8.83,7.5,-5.3,86,950,0
586.73,2440,0,8.25,7.5,-5.3,85,950,0
586.94,2440,0,8.47,7.1,-5.3,85,950,0
587.12,2440,0,8.31,7.1,-5.3,85,950,0
587.32,2400,0,8.36,7.1,-5.3,84,950,0
587.51,2400,0,8.17,7.1,-5.3,84,950,0
587.7,2400,0,7.58,7.1,-5.3,83,950,0
587.9,2360,0,7.64,6.7,-5.3,83,950,0
588.09,2320,0,7.81,6.7,-5.3,82,950,0
588.28,2280,0,7.69,6.7,-5.3,81,950,0
588.48,2240,0,7.64,6.7,-5.3,80,950,0
588.66,2240,0,7.64,6.7,-5.3,79,950,0
588.85,2160,0,7.58,6.3,-5.3,78,950,0
589.06,2160,0,7.33,6.3,-5.3,76,950,0
589.24,2080,0,6.81,6.3,-5.3,75,950,0
589.44,2040,0,6.28,5.9,-5.3,74,950,0
589.63,2000,0,6.56,5.9,-4.5,72,950,0
589.82,1960,0,6.06,5.5,-5.3,71,950,0
590.03,1880,0,5.97,5.5,-5.3,69,950,0
590.22,1840,0,5.75,5.5,-6,67,950,0
590.4,1800,0,5.53,5.1,-6.8,65,950,0
590.6,1720,0,5.33,5.1,-6.8,64,950,0
590.8,1680,0,5.19,5.1,-7.5,62,950,0
590.99,1640,0.77,5.22,4.7,-7.5,60,950,0
591.2,1720,2.55,23.92,7.8,15,58,920,0
591.38,2320,2.81,28.83,22.4,9,57,920,0
591.59,2360,0.77,7.78,10.2,-15,55,1000,0
591.78,2160,0.77,7.11,7.1,-2.3,54,980,0
591.96,1760,0.77,6.03,7.1,-5.3,52,970,0
592.17,1760,0.77,5.17,5.1,-7.5,51,960,0
592.35,1720,0,5.42,5.5,-7.5,50,950,0
592.54,1680,0,5.69,5.5,-7.5,48,940,0
592.75,1640,0,5.69,5.1,-7.5,47,940,0
592.93,1560,0,5.31,5.1,-7.5,46,940,0
593.12,1560,0,5.06,5.1,-6.8,44,930,0
593.32,1520,0,5,4.7,-6.8,43,930,0
593.51,1480,0,4.92,4.7,-6.8,42,930,0
593.71,1440,0,4.92,4.7,-6.8,41,930,0
593.9,1400,0,4.22,4.3,-6.8,40,930,0
594.1,1400,0,4.39,4.3,-6.8,39,930,0
594.3,1320,0,4.33,4.3,-6.8,38,930,0
594.5,1280,0,4.14,4.3,-8.3,37,930,0
594.69,1240,0,4.11,3.9,-8.3,36,930,0
594.89,1200,0,3.86,3.9,-8.3,35,930,0
595.07,1160,0.77,3.86,3.5,-8.3,34,930,0
595.26,1080,0.77,4.36,4.3,-2.3,32,920,0
595.48,1040,1.02,4.25,4.7,-9,31,920,0
595.67,960,1.02,4.11,3.9,3.8,30,920,0
595.87,880,1.02,4.06,3.9,6,29,920,0
596.06,840,1.02,3.81,3.9,4.5,28,920,0
596.24,840,1.02,3.81,3.9,6,27,920,0
596.45,800,1.02,3.92,3.9,7.5,26,920,0
596.64,800,1.28,4.03,3.9,6.8,25,920,0
596.82,800,1.28,4.22,3.9,6.8,24,920,0
597.03,800,1.28,4.06,3.9,6,23,920,0
597.21,800,1.28,4.25,3.9,7.5,22,920,0
597.4,800,1.28,4.28,3.9,6.8,20,920,0
597.6,800,1.28,4.08,3.9,4.5,19,910,0
597.79,800,1.28,4.22,3.9,3.8,18,910,0
598,800,1.28,4.28,3.9,2.3,18,910,0
598.18,800,1.28,4.22,3.9,3,17,910,0
598.37,800,1.28,4.11,3.9,4.5,17,910,0
598.57,800,1.28,4.31,3.9,4.5,17,910,0
598.76,840,1.28,4.06,3.9,4.5,16,910,0
598.95,800,1.28,4.22,3.9,5.3,16,910,0
599.16,800,1.53,4.31,3.9,4.5,15,910,0
599.34,800,1.28,4.22,3.9,3.8,14,910,0
599.53,800,1.53,4.31,3.9,4.5,13,910,0
599.73,800,1.53,4.28,3.9,3,12,910,0
599.92,800,1.28,4.08,3.9,4.5,11,910,0
600.12,800,1.28,4.22,3.9,5.3,9,910,0
600.31,800,1.28,4.17,3.9,6,8,910,0
600.49,800,1.28,4.25,3.9,6.8,6,910,0
600.7,800,1.53,4.39,3.9,7.5,5,910,0
600.89,800,1.53,4.31,4.3,5.3,4,910,0
601.07,840,1.53,4.81,4.3,3,3,910,0
601.28,840,1.28,4.53,4.3,-0.8,2,910,0
601.46,840,1.28,4.78,4.3,-0.8,1,910,0
601.67,840,1.28,4.53,4.3,-2.3,1,910,0
601.89,840,1.28,4.53,4.3,-1.5,0,910,0
602.08,840,1.28,4.44,4.3,0,0,910,0
602.28,840,1.28,4.33,4.3,0,0,910,0
602.47,840,1.28,4.47,4.3,-1.5,0,910,0
602.65,880,1.28,5.06,4.3,6.8,0,910,0
602.85,1000,2.04,9.86,8.2,5.3,0,910,0
603.04,1200,2.04,9.47,9.4,9,0,910,0
603.23,1360,2.04,12.31,9.8,20.3,0,910,0
603.44,1480,2.29,14.56,12.2,21.8,1,920,0
603.62,1520,2.29,15.94,13.7,21.8,1,920,0
603.81,1480,2.29,15.97,14.9,22.5,2,940,0
604.01,1440,2.55,16.36,15.7,21,4,950,0
604.19,1440,2.55,17,16.5,18.8,5,960,0
604.4,1440,2.55,16.78,16.1,17.3,6,980,0
604.59,1400,2.55,16.86,16.1,16.5,8,990,0
604.78,1440,2.55,14.36,14.5,7.5,10,1000,0
604.98,1640,2.29,14.97,12.2,9,11,1010,0
605.17,1720,1.79,14.92,11.4,13.5,13,1010,0
605.36,1800,1.79,15.22,11.8,29.3,14,1010,0
605.55,1920,1.79,15.19,11.8,30,15,1010,0
605.75,1920,1.02,9.31,10.6,20.3,16,1010,0
605.93,2000,1.02,8.72,7.8,30,16,1000,0
606.15,2040,0.77,9.69,8.2,24.8,17,990,0
606.34,2040,1.02,10.08,8.6,18.8,17,980,0
606.54,2120,1.53,16.08,11,16.5,17,970,0
606.73,2160,1.28,16.17,12.5,14.3,18,970,0
606.92,2280,1.28,17.17,12.5,14.3,18,980,0
607.12,2320,1.53,19.69,14.5,13.5,19,990,0
607.31,2440,1.53,20.31,14.5,13.5,20,1000,0
607.49,2520,1.53,20.72,14.5,13.5,20,1010,0
607.7,2640,1.53,22.92,15.7,14.3,21,1020,0
607.89,2640,0.77,9.94,11.4,17.3,22,1020,0
608.09,2440,0.51,7.78,8.2,-6.8,23,1010,0
608.28,2200,0.51,7.83,7.8,-6,23,980,0
608.46,2000,0.77,7.28,7.5,-6,24,970,0
608.68,1880,0.77,6.78,6.7,1.5,24,960,0
608.87,1760,1.28,11.08,7.8,16.5,24,940,0
609.06,1800,1.79,16.36,11.8,16.5,24,940,0
609.26,1800,1.79,16.69,12.9,15,25,950,0
609.45,1880,1.79,19.47,14.1,23.3,25,960,0
609.64,1960,2.04,20.86,16.1,27,26,970,0
609.86,2000,2.04,21.36,16.5,27.8,27,1000,0
610.05,2080,1.79,21.53,16.9,28.5,27,1010,0
610.26,2120,1.79,22.58,16.9,29.3,28,1030,0
610.45,2200,2.04,23.36,16.9,29.3,29,1040,0
610.63,2240,2.04,23.89,16.9,29.3,30,1060,0
610.84,2320,1.79,24.58,16.9,27.8,31,1070,0
611.03,2360,1.79,24.89,16.9,27,32,1080,0
611.22,2440,2.04,26.64,17.6,27,33,1080,0
611.43,2480,2.04,26.75,17.6,25.5,34,1090,0
611.62,2560,2.04,28.5,18,24.8,34,1100,0
611.82,2640,2.04,29.25,18.4,24.8,35,1100,0
612.01,2680,2.04,30.78,18.8,24.8,36,1110,0
612.2,2720,2.04,31.44,19.6,24,37,1110,0
612.4,2840,2.04,35.67,20.4,24,38,1110,0
612.59,2880,2.29,36.33,22,23.3,39,1130,0
612.78,2960,2.29,36.97,22.4,23.3,40,1130,0
612.98,3040,2.29,38.61,22.4,23.3,41,1130,0
613.17,3080,2.29,40.5,23.9,24.8,42,1130,0
613.37,3200,2.29,43.81,24.3,24,43,1140,0
613.57,3280,2.55,44.69,24.7,24,44,1140,0
613.76,3320,2.55,46.08,25.1,24.8,45,1140,0
613.97,3400,2.29,47.19,25.9,24.8,46,1140,0
614.15,3480,2.29,47.56,26.3,24.8,47,1140,0
614.34,3560,2.29,48.06,26.7,25.5,48,1140,0
614.55,3640,2.29,47.58,26.7,25.5,49,1140,0
614.73,3720,2.29,51.08,27.1,25.5,51,1130,0
614.92,3760,1.79,41.75,27.5,25.5,52,1150,0
615.12,3600,0,12.06,16.1,28.5,53,1120,0
615.31,3320,0,11,9.8,-4.5,53,1060,0
615.49,3040,0,11.47,10.2,-3.8,53,1020,0
615.7,2760,0.77,11.22,9.4,-4.5,53,990,0
615.88,2640,1.28,16.97,9.8,21,53,970,0
616.09,2680,2.55,35.69,17.6,19.5,53,930,0
616.27,2720,2.81,42.08,25.5,19.5,54,1010,0
616.46,2760,3.06,44.44,29,21.8,54,1090,0
616.68,2800,3.06,42.81,28.6,20.3,55,1130,0
616.87,2840,2.55,40.47,26.3,21.8,56,1140,0
617.06,2880,2.55,41.64,26.3,22.5,57,1140,0
617.26,2920,2.55,42.75,26.3,23.3,57,1140,0
617.45,2960,2.55,43.64,26.7,21.8,58,1140,0
617.65,3000,2.29,41.69,25.1,22.5,59,1140,0
617.84,3040,2.29,41.5,24.7,22.5,60,1140,0
618.03,3040,1.53,18.75,23.9,24,61,1160,0
618.23,2920,0.51,8.11,13.3,31.5,61,1110,0
618.41,2720,0.51,8.03,7.8,1.5,62,1050,0
618.61,2520,0.51,8.81,8.2,-5.3,62,1020,0
618.81,2360,0.77,8.5,7.8,3,62,990,0
619,2280,1.28,15.53,9.8,18.8,62,960,0
619.19,2280,2.04,25.44,13.7,15.8,62,940,0
619.39,2280,1.79,25.14,16.9,18,62,980,0
619.58,2280,1.53,22.14,17.3,23.3,62,1020,0
619.78,2280,1.53,17.47,14.5,27,62,1040,0
619.97,2280,1.53,16.97,12.5,30,62,1040,0
620.15,2320,1.28,17.53,12.5,30,62,1030,0
620.35,2320,1.28,17.53,12.5,30.8,63,1030,0
620.54,2320,1.28,17.56,12.5,30.8,63,1020,0
620.73,2320,1.28,16.08,12.2,30,63,1020,0
620.93,2320,1.28,16.56,12.2,31.5,63,1020,0
621.12,2320,1.28,16.44,12.2,30.8,63,1010,0
621.31,2320,1.28,16.28,12.2,31.5,63,1010,0
621.51,2320,1.28,16.17,12.2,31.5,63,1010,0
621.7,2320,1.28,14.58,12.2,31.5,63,1010,0
621.91,2320,1.28,15.25,11.4,32.3,63,1000,0
622.11,2320,1.28,14.11,11,32.3,63,1000,0
622.3,2320,1.28,14.08,10.6,33,63,1000,0
622.5,2320,1.02,12.86,10.6,33,63,990,0
622.68,2320,0.77,10.28,9.4,33.8,63,990,0
622.87,2320,0.77,8.08,7.5,33,63,980,0
623.08,2320,0.77,8.11,7.1,27.8,63,970,0
623.28,2320,0.77,8.22,7.1,21,63,970,0
623.48,2320,0.77,8.11,7.5,18.8,63,960,0
623.66,2320,0.77,8.58,7.5,17.3,63,960,0
623.86,2280,0.77,8.97,7.5,17.3,63,950,0
624.06,2320,0.77,9.92,8.2,17.3,63,950,0
624.24,2280,0.77,10.22,8.6,17.3,62,950,0
624.43,2280,1.02,11.17,9.4,16.5,62,950,0
624.64,2280,1.02,10.81,9.4,16.5,62,950,0
624.82,2280,1.02,11.33,9.4,16.5,62,950,0
625.03,2280,0.77,10.89,9.4,16.5,62,950,0
625.23,2280,0.77,11.28,9.4,16.5,62,950,0
625.42,2280,1.02,11.08,9.4,16.5,62,950,0
625.62,2280,1.02,11.25,9.4,16.5,62,950,0
625.81,2280,0.77,10.97,9.4,16.5,62,950,0
625.99,2240,1.02,11.67,9.4,16.5,62,950,0
626.2,2240,1.02,11.83,9.4,15.8,61,950,0
626.39,2240,1.02,12.25,9.8,15.8,61,950,0
626.57,2240,1.02,12.5,10.2,15.8,61,950,0
626.78,2240,1.02,13.39,10.2,15.8,61,950,0
626.96,2240,1.28,14.28,11,15.8,61,960,0
627.15,2240,1.28,15.83,11.4,15,61,960,0
627.37,2280,1.53,19.33,13.7,15.8,61,960,0
627.56,2280,1.53,21.33,14.5,20.3,61,980,0
627.76,2280,1.53,21.83,15.7,24.8,62,990,0
627.95,2280,1.79,22.53,16.1,27.8,62,1010,0
628.14,2280,1.53,23.03,16.1,27.8,62,1030,0
628.34,2320,1.53,22.81,15.7,27,62,1040,0
628.53,2320,1.79,23.19,16.1,27.8,62,1050,0
628.71,2320,1.79,23.5,16.1,27.8,63,1060,0
628.92,2320,1.79,23.61,16.1,27.8,63,1070,0
629.1,2360,1.79,25.61,16.5,26.3,63,1080,0
629.31,2360,1.79,25.39,16.9,26.3,63,1090,0
629.5,2360,1.79,24.08,16.9,27,64,1090,0
629.68,2400,1.79,25.67,16.9,27,64,1100,0
629.89,2400,1.79,25.56,16.9,26.3,64,1100,0
630.08,2400,1.79,23.5,16.1,25.5,65,1100,0
630.26,2400,1.79,23.42,15.7,27,65,1090,0
630.47,2440,1.53,23.25,15.7,26.3,65,1090,0
630.67,2440,1.79,23.81,15.7,26.3,66,1090,0
630.86,2440,1.79,23.69,16.1,26.3,66,1090,0
631.06,2480,1.79,23.19,16.1,26.3,66,1090,0
631.25,2480,1.79,24.33,16.1,27,66,1090,0
631.47,2480,1.53,24.28,16.1,27,67,1090,0
631.65,2480,1.53,24.25,16.1,27,67,1090,0
631.84,2520,1.79,24.11,16.5,26.3,67,1090,0
632.05,2520,1.79,25.11,16.5,27,68,1090,0
632.24,2520,1.79,26.28,16.9,26.3,68,1090,0
632.43,2560,1.53,24.39,16.5,26.3,69,1100,0
632.65,2560,1.53,23.33,15.7,27,69,1100,0
632.84,2560,1.53,20.11,14.1,27.8,69,1090,0
633.03,2600,1.28,18.44,13.3,28.5,70,1080,0
633.23,2600,1.02,15.94,12.2,30.8,70,1060,0
633.42,2600,1.02,15.33,11.8,31.5,70,1050,0
633.63,2600,1.02,15.89,11.8,32.3,70,1040,0
633.83,2640,1.02,16.61,11.8,33,71,1030,0
634.01,2640,1.02,15.75,11.8,33,71,1020,0
634.21,2640,0.77,11.11,10.6,33,71,1020,0
634.4,2640,0.51,10.47,8.6,36.8,71,1010,0
634.59,2640,0.77,11.39,9.4,36,72,1000,0
634.8,2640,0.77,11.22,9,36,72,990,0
634.98,2680,0.77,10.97,9,36.8,72,980,0
635.16,2680,0.77,11.14,9,36.8,72,970,0
635.37,2680,0.77,13,9.4,36.8,72,970,0
635.56,2680,1.02,13.94,10.6,35.3,72,970,0
635.76,2680,1.02,17.89,12.2,34.5,73,970,0
635.95,2720,1.28,19.42,13.3,32.3,73,980,0
636.14,2720,1.28,20.81,14.5,30.8,73,990,0
636.35,2760,1.28,24,14.9,30.8,74,1010,0
636.54,2760,1.53,25.25,16.5,29.3,74,1030,0
636.74,2800,1.53,24.78,16.5,28.5,75,1050,0
636.95,2800,1.02,17.56,14.9,27.8,75,1080,0
637.14,2800,0.77,13.97,12.2,33.8,76,1070,0
637.34,2800,0.77,12.5,9.8,36.8,76,1050,0
637.53,2840,0.77,11.28,9.8,38.3,76,1030,0
637.71,2840,0.77,10.47,9,39,76,1020,0
637.92,2840,0.51,10.75,8.6,36.8,77,1000,0
638.11,2840,0.77,10.53,8.6,38.3,77,990,0
638.3,2840,0.51,10.08,8.6,38.3,77,990,0
638.49,2840,0.51,10.06,8.2,38.3,77,980,0
638.68,2840,0.51,8.86,7.8,25.5,77,970,0
638.87,2840,0.51,8.83,7.8,27.8,77,970,0
639.08,2840,0.51,9.25,7.8,27.8,77,960,0
639.27,2840,0.51,9.47,7.8,27,77,960,0
639.47,2880,0.51,9.28,7.8,27,77,960,0
639.65,2840,0.51,9.31,7.8,27.8,78,960,0
639.84,2880,0.51,9.5,7.8,27,78,960,0
640.04,2840,0.51,9.39,7.8,27.8,78,950,0
640.23,2840,0.51,9.42,7.8,32.3,78,950,0
640.42,2840,0.51,9.83,7.8,38.3,78,950,0
640.62,2920,1.02,14.39,9.8,38.3,78,950,0
640.81,2880,1.02,17.47,13.3,36,78,950,0
640.99,2880,1.28,23.03,13.3,34.5,78,950,0
641.2,2880,1.53,29.31,16.5,30.8,78,980,0
641.41,2880,2.29,41.39,23.1,25.5,78,1010,0
641.62,2920,2.55,52.81,31,22.5,78,1090,0
641.81,2960,2.55,50.86,35.7,21,79,1180,0
642,3000,3.06,53.78,35.7,21,79,1250,0
642.2,3000,3.06,54.39,36.5,21.8,80,1320,0
642.39,3040,2.81,43.11,26.7,17.3,81,1380,0
642.57,3040,2.55,38.17,23.1,21,81,1270,0
642.78,3080,2.29,39.47,23.5,21.8,82,1170,0
642.96,3080,1.79,28.78,20.8,22.5,83,1110,0
643.18,3080,1.79,32.06,20,25.5,83,1080,0
643.37,3080,1.79,30.03,18.8,28.5,84,1060,0
643.56,3120,2.04,35.42,21.2,27,84,1040,0
643.76,3120,2.04,40.58,22,26.3,84,1110,0
643.95,3120,1.79,32.03,20.8,25.5,84,1150,0
644.14,3120,1.53,26.94,17.6,27,85,1150,0
644.34,3120,1.53,25.5,16.1,30,85,1130,0
644.52,3120,1.53,23.39,16.1,30.8,85,1110,0
644.71,3120,1.28,18.92,14.5,32.3,85,1110,0
644.92,3120,1.02,19.83,13.7,33.8,85,1080,0
645.11,3120,1.28,25.11,13.7,33.8,85,1060,0
645.31,3120,1.79,29.39,17.3,31.5,85,1070,0
645.49,3120,2.04,35.36,19.2,29.3,85,1080,0
645.68,3160,2.04,37.39,20,27,85,1120,0
645.89,3160,2.04,37.72,20.4,25.5,85,1140,0
646.07,3160,2.04,38.39,20.8,25.5,85,1140,0
646.26,3160,2.29,39.58,22.4,25.5,85,1140,0
646.47,3160,2.29,39.69,22.7,25.5,86,1150,0
646.65,3160,2.04,34.17,20,26.3,86,1150,0
646.84,3200,2.04,35,20,26.3,86,1140,0
647.05,3200,2.04,34.67,20,26.3,86,1140,0
647.23,3200,2.04,35.94,20.4,26.3,86,1140,0
647.43,3200,1.28,18.69,18,27.8,87,1150,0
647.62,3200,1.28,22.58,14.5,33,87,1060,0
647.81,3200,1.28,21.56,15.3,33,87,1040,0
648.01,3200,1.28,21.97,14.9,33.8,87,1020,0
648.22,3200,1.28,21.11,14.9,33.8,87,1020,0
648.4,3200,1.28,21.03,14.5,33.8,87,1010,0
648.62,3200,1.02,18.03,14.1,27.8,87,1010,0
648.81,3160,1.02,17.67,12.9,31.5,87,1000,0
649.01,3160,1.02,15.64,12.5,30,86,1000,0
649.19,3160,1.02,18.19,11.8,32.3,86,990,0
649.38,3160,1.28,23.86,16.5,34.5,86,970,0
649.59,3160,1.28,24.97,16.5,32.3,86,1030,0
649.78,3160,1.28,24.89,15.7,33,86,1060,0
649.97,3160,1.28,25.14,15.7,32.3,86,1070,0
650.17,3160,1.28,25.67,16.5,32.3,86,1090,0
650.36,3160,1.53,29.94,16.5,31.5,86,1100,0
650.56,3200,1.79,35.11,18.8,29.3,86,1110,0
650.74,3200,1.79,33.42,19.2,27,86,1140,0
650.93,3200,2.04,33.97,19.2,27,86,1150,0
651.14,3200,2.04,33.44,19.6,26.3,87,1140,0
651.33,3240,1.79,33.17,19.2,27,87,1140,0
651.51,3240,1.79,31.67,18,27.8,87,1140,0
651.72,3240,1.79,31.92,18.4,28.5,88,1130,0
651.9,3240,1.79,32.31,18.8,28.5,88,1130,0
652.09,3240,1.79,31.61,18.4,28.5,88,1130,0
652.29,3280,1.79,32.36,18.4,28.5,88,1130,0
652.48,3280,1.79,32.33,18.4,28.5,89,1130,0
652.69,3280,1.79,33.67,18.8,28.5,89,1130,0
652.88,3320,1.53,27.67,19.2,27.8,89,1140,0
653.07,3320,1.53,28.89,16.9,30.8,89,1120,0
653.28,3320,1.53,28.25,17.3,30.8,90,1120,0
653.48,3360,1.53,28,16.9,31.5,90,1120,0
653.67,3360,1.53,29,16.9,31.5,90,1110,0
653.88,3360,0.77,14.5,16.5,31.5,91,1130,0
654.08,3280,0.51,11.08,8.6,33.8,91,1080,0
654.28,3000,0.51,10.86,9.4,-2.3,91,1060,0
654.47,2800,0.77,10.28,8.6,-3.8,91,1040,0
654.65,2640,0.77,9.22,8.2,-4.5,91,1020,0
654.86,2640,0.51,8.69,7.8,0,91,1000,0
655.05,2640,0.77,9.44,7.8,2.3,91,990,0
655.23,2680,0.77,9.11,8.2,0,92,980,0
655.43,2680,0.51,9.25,7.8,-4.5,92,970,0
655.62,2680,0.51,9.44,7.8,-4.5,92,970,0
655.8,2680,0,9.53,7.8,-2.3,92,960,0
656.01,2680,0,9.47,7.8,9.8,92,960,0
656.2,2680,0,9.25,7.8,-1.5,92,960,0
656.4,2680,0,9.44,7.8,-2.3,92,960,0
656.59,2680,0,9.39,7.8,-2.3,92,960,0
656.78,2680,0,9.11,7.8,-2.3,92,960,0
656.98,2640,0,9.39,7.8,-2.3,92,960,0
657.16,2640,0,9.28,7.8,-2.3,92,960,0
657.35,2640,0,9.14,7.8,-4.5,91,960,0
657.56,2640,0,9.08,7.8,-4.5,91,960,0
657.75,2640,0,9.19,7.8,-4.5,91,960,0
657.93,2640,0,9.22,7.8,-4.5,91,960,0
658.13,2640,0,9.06,7.8,-4.5,91,960,0
658.32,2640,0,9.06,7.8,-4.5,91,960,0
658.53,2600,0,8.78,7.8,-4.5,90,960,0
658.72,2600,0.51,9.11,7.8,-4.5,90,960,0
658.9,2600,0.77,8.94,7.8,-4.5,90,960,0
659.12,2600,0.77,8.94,7.5,-4.5,90,950,0
659.31,2600,0.77,8.75,7.5,-3.8,90,950,0
659.5,2600,0.77,8.78,7.5,-3,90,950,0
659.7,2600,0.77,8.58,7.5,-3,89,950,0
659.89,2600,0.77,8.89,7.5,-3,89,940,0
660.07,2600,0.77,8.53,7.8,-2.3,89,940,0
660.28,2560,0,8.92,7.8,-2.3,89,940,0
660.47,2560,0.77,9,7.8,0.8,89,940,0
660.67,2560,0,8.92,7.8,1.5,89,940,0
660.86,2560,0,8.83,7.8,-2.3,89,940,0
661.04,2560,0,8.53,7.5,-2.3,88,950,0
661.24,2560,0,9,7.5,-2.3,88,950,0
661.43,2520,0,8.75,7.5,-2.3,88,950,0
661.62,2520,0,8.78,7.5,-2.3,88,950,0
661.82,2520,0,8.81,7.5,-2.3,88,950,0
662.01,2520,0,8.89,7.5,-4.5,87,950,0
662.21,2520,0,8.83,7.5,-4.5,87,950,0
662.42,2520,0,8.61,7.5,-4.5,87,950,0
662.6,2520,0,8.72,7.5,-4.5,87,950,0
662.81,2480,0,8.56,7.5,-4.5,86,950,0
662.99,2480,0,8.67,7.5,-4.5,86,950,0
663.18,2480,0,8.39,7.5,-4.5,86,950,0
663.39,2480,0,8.61,7.5,-4.5,86,950,0
663.57,2480,0,8.19,7.5,-5.3,85,950,0
663.76,2440,0.77,8.5,7.5,-5.3,85,950,0
663.96,2440,0.77,8.25,7.1,-4.5,85,950,0
664.15,2440,0.77,8.28,7.1,-1.5,84,950,0
664.34,2440,0.77,9.67,7.5,9,84,940,0
664.56,2440,1.28,13.14,9.8,15,84,940,0
664.75,2400,1.28,14.75,11,11.3,84,940,0
664.96,2440,1.53,15.94,12.5,15,83,950,0
665.15,2400,1.53,16.5,12.5,16.5,83,960,0
665.34,2400,1.53,16.14,12.2,20.3,83,970,0
665.54,2400,1.53,16.19,12.2,27.8,83,970,0
665.73,2400,1.53,16.17,12.2,28.5,83,980,0
665.92,2400,1.53,16.22,12.2,29.3,83,980,0
666.12,2400,1.28,15.56,11.8,29.3,83,990,0
666.3,2400,1.28,15.19,11.8,29.3,83,990,0
666.51,2400,1.02,11.53,11,29.3,83,990,0
666.7,2400,1.02,11.42,9.4,32.3,83,990,0
666.89,2400,1.02,11.08,9.4,32.3,83,980,0
667.09,2400,1.02,11.75,9.4,32.3,83,970,0
667.28,2400,1.02,11.64,9.4,32.3,82,970,0
667.47,2360,0.77,11.19,9.4,32.3,82,970,0
667.66,2360,0.77,11.33,9,32.3,82,960,0
667.87,2360,1.02,11.03,9,32.3,82,960,0
668.07,2360,1.02,10.89,9,32.3,82,960,0
668.26,2360,0.77,11.39,9,32.3,82,960,0
668.45,2360,0.77,11.03,9,32.3,81,960,0
668.65,2360,1.02,11.31,9.4,32.3,81,950,0
668.84,2360,1.02,11.33,9.4,32.3,81,950,0
669.03,2320,0.77,11,9.4,32.3,81,950,0
669.23,2320,0.77,8.39,8.6,32.3,81,960,0
669.42,2320,0.77,7.83,7.1,32.3,80,950,0
669.6,2320,0.51,7.67,7.1,27.8,80,950,0
669.82,2320,0.77,8.19,7.1,20.3,80,950,0
670.01,2320,0.77,7.67,7.1,18,80,940,0
670.22,2280,0.77,8.42,7.1,17.3,79,940,0
670.41,2320,1.02,11.97,8.2,17.3,79,940,0
670.6,2280,1.02,13.14,10.2,16.5,79,940,0
670.8,2280,1.02,12.92,10.6,15.8,79,940,0
671,2280,1.02,12.94,10.6,15.8,78,950,0
671.19,2240,1.02,11.22,10.6,15.8,78,950,0
671.38,2240,1.02,11.06,9,16.5,78,950,0
671.58,2240,0.77,8.83,7.5,16.5,78,950,0
671.78,2200,0.77,8.22,7.5,15.8,77,950,0
671.97,2200,0.51,6.75,6.7,6.8,77,950,0
672.16,2200,0.51,6.81,6.3,9.8,77,950,0
672.36,2200,0.51,6.78,6.3,6,76,950,0
672.55,2200,0.51,6.72,6.3,2.3,76,940,0
672.73,2160,0.51,6.94,6.3,6,76,940,0
672.94,2160,0.77,8.81,6.3,16.5,75,940,0
673.12,2240,1.28,15.28,9.8,16.5,75,930,0
673.3,2160,1.53,16.36,12.9,17.3,75,940,0
673.51,2160,1.53,16.72,12.5,22.5,74,950,0
673.7,2160,1.53,16.69,12.9,24,74,960,0
673.9,2160,1.28,16.25,12.5,24,74,970,0
674.09,2160,1.53,16.47,12.5,25.5,74,980,0
674.28,2160,1.53,18.22,12.9,24.8,74,990,0
674.48,2160,1.79,21.25,15.3,26.3,74,990,0
674.67,2160,1.79,21.22,15.7,27.8,74,1010,0
674.85,2160,1.79,22.83,16.1,28.5,74,1020,0
675.07,2160,1.79,22.17,16.1,28.5,74,1040,0
675.26,2160,1.79,21.72,16.1,29.3,74,1050,0
675.45,2160,1.79,22.47,15.7,29.3,74,1060,0
675.65,2200,1.79,22.64,15.7,29.3,75,1060,0
675.84,2200,1.79,21.78,15.7,29.3,75,1070,0
676.04,2200,1.53,16.19,14.1,28.5,75,1080,0
676.22,2200,1.28,13.5,11,31.5,75,1060,0
676.42,2200,1.02,13,10.2,32.3,75,1050,0
676.62,2200,1.02,11.81,10.2,33,75,1030,0
676.81,2200,1.02,11.83,9.4,30,75,1010,0
677,2200,1.02,12.44,9.8,24.8,76,1000,0
677.2,2200,0.77,9.39,9.4,18,76,1000,0
677.39,2200,0.77,9.69,8.2,16.5,76,990,0
677.58,2200,0.77,10.17,8.6,15.8,76,980,0
677.78,2200,1.02,13.03,8.6,15.8,76,970,0
677.96,2200,1.02,13.67,11,15,76,970,0
678.17,2200,1.02,13.58,10.6,15,76,970,0
678.35,2200,1.28,14.31,11.4,15,76,970,0
678.54,2240,1.28,14.61,11.4,14.3,76,970,0
678.75,2240,1.02,10.67,10.6,14.3,76,980,0
678.93,2240,1.02,12.44,8.6,15.8,77,980,0
679.12,2240,1.28,13.92,10.6,15.8,77,970,0
679.32,2240,1.28,16.47,11.8,15,77,970,0
679.53,2240,1.28,16.97,12.5,14.3,77,980,0
679.73,2280,1.28,17.72,13.3,13.5,77,990,0
679.92,2280,1.53,18.69,13.3,13.5,78,1000,0
680.11,2280,1.53,18.31,13.3,13.5,78,1000,0
680.35,2320,1.28,18.08,13.3,13.5,78,1010,0
680.54,2320,1.28,17.83,13.3,13.5,79,1020,0
680.73,2320,1.28,14.14,11.4,13.5,79,1020,0
680.94,2320,1.28,13.81,11.4,14.3,80,1010,0
681.12,2360,1.02,11.61,9.8,15,80,1010,0
681.32,2360,1.02,12.44,9.4,15.8,80,1000,0
681.51,2360,1.02,12.33,9.8,15.8,81,990,0
681.7,2360,0.77,10.67,9.4,15.8,81,990,0
681.9,2360,0.77,10.58,9,16.5,81,980,0
682.09,2360,1.02,14.11,11,16.5,81,970,0
682.28,2400,1.28,16.81,11,15,82,970,0
682.48,2400,1.53,19.42,13.7,14.3,82,980,0
682.67,2400,1.53,23.47,16.1,15.8,82,990,0
682.86,2400,1.79,24.86,16.5,19.5,82,1010,0
683.06,2440,1.79,24.81,16.9,23.3,83,1030,0
683.25,2440,1.79,25.78,16.9,24.8,83,1050,0
683.45,2440,1.53,20.22,16.1,24.8,84,1080,0
683.64,2440,1.28,14.56,12.2,27.8,84,1080,0
683.83,2440,1.28,14.22,10.6,31.5,84,1060,0
684.03,2440,1.02,10.97,11,32.3,84,1040,0
684.22,2440,0.77,8.75,8.2,33,84,1020,0
684.4,2440,0.77,9.28,8.2,30.8,84,1010,0
684.61,2440,0.77,9.42,8.2,23.3,84,990,0
684.79,2440,0.77,8.94,7.8,19.5,84,980,0
684.98,2440,0.77,8.83,7.5,18,84,970,0
685.19,2440,0.77,8.83,7.5,17.3,84,970,0
685.37,2440,0.77,9.14,7.8,17.3,84,960,0
685.59,2440,0.77,9.28,7.8,17.3,84,960,0
685.77,2400,0.77,9.25,7.8,17.3,83,950,0
685.96,2400,0.51,8.03,7.8,17.3,83,950,0
686.17,2360,0.51,7.03,6.7,11.3,83,950,0
686.35,2400,0.51,7.67,6.3,6,83,950,0
686.54,2360,0.51,7.97,7.1,-0.8,83,940,0
686.74,2360,0.51,7.78,7.1,-5.3,82,940,0
686.93,2360,0,7.94,7.1,-4.5,82,940,0
687.12,2320,0.51,7.75,7.1,9.8,82,940,0
687.33,2320,0,7.69,7.1,-3,81,940,0
687.51,2320,0,7.69,6.7,-5.3,81,940,0
687.72,2280,0,7.72,6.7,-5.3,80,940,0
687.9,2280,0,7.61,6.7,-5.3,80,940,0
688.09,2240,0,7.86,6.7,-5.3,79,950,0
688.3,2200,0,7.56,6.7,-5.3,78,950,0
688.47,2160,0,7.5,6.7,-5.3,77,950,0
688.67,2160,0,7.17,6.3,-5.3,76,950,0
688.88,2080,0,6.89,6.3,-5.3,75,950,0
689.06,2040,0,6.69,5.9,-5.3,74,950,0
689.25,2000,0,6.17,5.9,-5.3,72,950,0
689.45,1960,0,6.44,5.9,-4.5,71,950,0
689.64,1920,0,6.36,5.5,-5.3,69,950,0
689.86,1880,0,5.83,5.5,-5.3,68,950,0
690.05,1880,0,5.75,5.5,-6,67,950,0
690.23,1840,0,5.97,5.5,-6,66,950,0
690.43,1840,0,5.69,5.5,-6.8,65,950,0
690.62,1800,0,5.86,5.1,-6.8,64,950,0
690.81,1800,0,5.61,5.1,-6.8,63,950,0
691.03,1760,0,5.5,5.1,-7.5,62,950,0
691.22,1760,0,5.44,5.1,-7.5,62,950,0
691.4,1720,0,5.44,5.1,-7.5,61,950,0
691.61,1720,0,5.39,5.1,-7.5,60,940,0
691.79,1680,0,5.31,5.1,-7.5,60,940,0
692,1680,0,5.42,5.1,-7.5,59,940,0
692.19,1680,0,4.97,5.1,-7.5,59,940,0
692.37,1640,0,5.08,5.1,-7.5,58,940,0
692.58,1640,0,5.25,4.7,-7.5,57,940,0
692.76,1600,0,5.25,5.1,-7.5,57,940,0
692.95,1600,0,5.28,4.7,-7.5,56,940,0
693.16,1560,0,5.25,4.7,-6.8,56,940,0
693.36,1480,0,4.83,4.7,-6.8,54,940,0
693.54,1440,0,4.61,4.3,-6.8,53,940,0
693.75,1320,0,4.11,4.3,-6.8,51,940,0
693.93,1040,1.02,3.94,3.9,-7.5,49,930,0
694.13,1040,1.28,6.06,5.5,18.8,46,930,0
694.32,1040,1.28,5.03,5.1,-1.5,44,930,0
694.52,1000,1.02,4.42,4.3,-7.5,42,930,0
694.72,960,1.02,4.5,4.3,3,40,930,0
694.92,920,1.02,4.11,4.3,2.3,39,920,0
695.11,920,1.02,4.31,4.3,2.3,37,920,0
695.31,880,1.02,4.17,3.9,0.8,36,920,0
695.49,880,1.02,3.78,3.9,-0.8,34,920,0
695.68,840,1.02,3.64,3.9,3.8,33,920,0
695.9,800,1.02,3.67,3.9,6.8,32,920,0
696.09,800,1.02,3.97,3.9,9,31,920,0
696.31,800,1.28,3.97,3.9,7.5,30,920,0
696.51,800,1.28,4.08,3.9,5.3,30,920,0
696.69,800,1.28,3.89,3.9,5.3,29,920,0
696.9,800,1.28,4.17,3.9,6,28,920,0
697.09,800,1.28,3.92,3.9,5.3,28,920,0
697.28,800,1.28,4.14,3.9,6,28,920,0
697.48,800,1.53,4.19,3.9,3.8,27,910,0
697.67,800,1.28,4.08,3.9,3.8,27,910,0
697.87,800,1.28,4.08,3.9,4.5,26,910,0
698.06,800,1.28,4.11,3.9,3.8,25,910,0
698.25,800,1.28,4.03,3.9,3,24,910,0
698.44,800,1.28,4.14,3.9,3.8,24,910,0
698.64,800,1.28,4.08,3.9,3.8,23,910,0
698.82,800,1.28,4.22,3.9,4.5,22,910,0
699.03,800,1.28,4.08,3.9,3.8,20,910,0
699.21,800,1.28,4.08,3.9,4.5,19,910,0
699.4,800,1.28,4.31,3.9,5.3,19,910,0
699.61,800,1.28,4.31,3.9,4.5,18,910,0
699.79,800,1.28,4.14,3.9,4.5,18,910,0
699.99,800,1.28,4.08,3.9,5.3,17,910,0
700.19,800,1.28,4.11,3.9,6,17,910,0
700.37,800,1.28,4.28,3.9,5.3,17,910,0
700.57,840,1.28,4.14,3.9,4.5,17,910,0
700.76,840,1.28,4.31,3.9,3.8,17,910,0
700.95,840,1.28,4.31,3.9,3.8,16,910,0
701.16,840,1.28,4.22,3.9,2.3,16,910,0
701.34,840,2.29,9.06,3.9,6.8,16,910,0
701.53,1080,2.81,12.11,15.3,1.5,16,910,0
701.74,1240,1.53,9.17,4.3,-19.5,16,920,0
701.93,1400,1.28,8.33,7.1,10.5,16,920,0
702.13,1360,1.28,7.69,7.1,9,16,920,0
702.32,1240,1.28,7.5,7.1,13.5,16,920,0
702.51,1120,1.28,6.92,6.3,16.5,16,920,0
702.71,1120,1.28,6.44,5.9,21.8,16,920,0
702.92,1160,1.53,8.06,6.3,22.5,16,920,0
703.11,1160,1.79,9.44,8.2,23.3,16,920,0
703.31,1160,1.79,9.39,8.2,23.3,16,920,0
703.5,1200,1.79,8.94,8.6,23.3,16,930,0
703.69,1200,1.79,9.17,8.6,23.3,16,930,0
703.88,1240,1.79,9.17,8.6,23.3,17,930,0
704.08,1240,1.79,9.64,8.6,22.5,17,930,0
704.28,1280,1.79,9.64,8.6,23.3,17,930,0
704.46,1280,1.79,10.06,8.6,23.3,18,930,0
704.65,1320,1.79,10.06,8.6,23.3,18,940,0
704.85,1320,1.79,9.81,8.6,24,18,940,0
705.04,1360,1.53,10.06,9,24,18,940,0
705.23,1360,1.28,7.19,7.5,24.8,19,940,0
705.43,1360,1.28,6.5,6.3,24,19,940,0
705.62,1400,1.53,9.61,7.5,24,19,940,0
705.83,1400,1.53,10.89,9,24,19,930,0
706.01,1440,1.79,11.67,9.8,23.3,20,940,0
706.19,1440,1.79,11.89,10.2,23.3,20,940,0
706.4,1480,1.79,12.25,10.6,24.8,20,940,0
706.59,1520,2.04,13.81,11.4,24.8,20,950,0
706.78,1520,2.04,14.33,12.2,24,21,950,0
707,1600,2.04,15.31,12.5,24.8,21,960,0
707.18,1640,2.29,16.78,13.7,23.3,22,970,0
707.37,1640,2.29,18.19,15.3,23.3,22,980,0
707.57,1720,2.29,19.94,16.1,22.5,23,990,0
707.76,1760,2.04,19.81,16.5,21.8,24,1000,0
707.96,1840,2.29,19.53,16.1,24.8,24,1020,0
708.15,1880,2.04,19.58,16.1,26.3,25,1030,0
708.34,1920,2.04,18.69,15.3,27,26,1040,0
708.54,1960,1.79,18.69,14.5,28.5,27,1040,0
708.73,2000,1.79,17.72,13.7,29.3,27,1040,0
708.92,2040,1.79,18.08,13.7,30,28,1040,0
709.12,2080,1.79,19.58,13.7,30,28,1040,0
709.31,2120,1.79,20.19,14.5,30,29,1040,0
709.5,2160,1.79,20.5,14.5,30,30,1040,0
709.7,2200,1.79,20.36,14.5,30,30,1050,0
709.89,2240,1.79,20.83,14.9,30,31,1050,0
710.09,2280,1.79,21.69,14.9,29.3,31,1050,0
710.28,2360,1.79,23.5,16.1,28.5,32,1060,0
710.46,2400,1.79,24.39,16.1,27.8,32,1060,0
710.67,2440,1.79,25.61,17.3,26.3,33,1070,0
710.86,2480,2.04,28.06,17.6,25.5,34,1080,0
711.06,2560,2.04,30.5,18.8,24.8,35,1100,0
711.25,2640,2.04,30.25,19.6,24,35,1110,0
711.45,2680,2.04,31.61,19.6,24,36,1120,0
711.65,2720,2.04,32.25,20,23.3,37,1120,0
711.85,2800,2.04,32.86,20,23.3,38,1120,0
712.05,2840,1.79,26.28,18.4,24,39,1130,0
712.25,2880,1.53,24.64,16.1,27.8,40,1120,0
712.47,2920,1.53,22.39,16.1,30,40,1100,0
712.65,2920,1.02,14,12.2,33,41,1100,0
712.85,2960,1.02,15.67,11.4,36.8,41,1060,0
713.05,2960,0.77,13.58,11.4,36.8,42,1050,0
713.23,2960,0.77,13.67,10.6,37.5,42,1030,0
713.44,2960,0.77,14.25,10.6,38.3,42,1020,0
713.62,2960,0.77,11.86,10.6,38.3,42,1010,0
713.84,2960,0.77,10.97,9.4,36.8,42,1000,0
714.03,2960,0.51,9.33,8.6,29.3,42,1000,0
714.21,2920,0.51,9.5,8.2,25.5,42,990,0
714.42,2960,0.51,9.56,8.2,18.8,42,980,0
714.6,2880,0.51,9.86,8.2,10.5,42,970,0
714.79,2880,0.51,10.47,8.6,0,42,970,0
714.99,2840,0.51,9.81,8.6,-4.5,41,970,0
715.18,2800,0,9.5,8.2,-4.5,41,970,0
715.37,2800,0,9.97,8.2,4.5,40,960,0
715.57,2760,0,9.61,8.2,-4.5,40,960,0
715.76,2720,0,9.69,8.2,-4.5,40,960,0
715.96,2680,0,9.39,8.2,-4.5,39,960,0
716.15,2640,0,9.19,7.8,-4.5,39,960,0
716.34,2560,0,9,7.8,-4.5,38,960,0
716.54,2480,0,8.78,7.5,-4.5,37,960,0
716.73,2440,0,8.44,7.5,-4.5,36,960,0
716.92,2360,0,8.36,7.5,-5.3,36,960,0
717.12,2320,0,7.89,7.1,-5.3,35,950,0
717.31,2280,0,7.64,6.7,-5.3,34,950,0
717.5,2200,0,7.33,6.7,-5.3,33,950,0
717.72,2160,0,7.36,6.7,-5.3,32,950,0
717.9,2120,0,7.03,6.3,-5.3,31,950,0
718.11,2080,0,6.81,6.3,-5.3,31,950,0
718.3,2000,0,6.56,5.9,-5.3,30,950,0
718.5,1960,0,6.42,5.5,-4.5,29,950,0
718.71,1920,0,6.42,5.5,-5.3,29,950,0
718.9,1880,0,5.81,5.5,-6,28,950,0
719.09,1840,0,5.83,5.5,-6,27,950,0
719.29,1720,0,5.64,5.1,-6.8,26,950,0
719.48,1680,0,5.25,5.1,-7.5,26,950,0
719.68,1640,0,5.19,4.7,-7.5,25,950,0
719.86,1600,0,4.58,4.7,-7.5,24,950,0
720.06,1560,0,4.83,4.7,-7.5,23,940,0
720.26,1520,0,4.61,4.7,-6.8,23,940,0
720.45,1280,0.77,4.61,4.3,-6.8,22,940,0
720.65,1160,1.02,5.42,4.3,15.8,22,930,0
720.85,1120,1.02,4.97,5.5,0.8,21,930,0
721.04,1080,1.02,4.75,4.3,-0.8,21,930,0
721.23,1040,1.02,4.58,4.3,1.5,21,930,0
721.43,1000,1.02,4.5,4.3,3,21,930,0
721.62,960,1.02,4.53,4.3,3,20,920,0
721.84,920,1.02,4.36,4.3,0.8,20,920,0
722.03,880,1.02,4.08,3.9,1.5,20,920,0
722.21,840,1.02,3.83,3.9,1.5,19,920,0
722.43,800,1.02,3.86,3.9,4.5,19,920,0
722.62,800,1.02,3.89,3.9,7.5,18,920,0
722.81,800,1.02,3.94,3.9,9.8,18,920,0
723.03,760,1.28,4.22,3.9,15.8,17,920,0
723.21,800,1.28,4.06,3.9,12,16,920,0
723.42,800,1.28,4.39,3.9,6.8,15,920,0
723.61,800,1.28,4.28,3.9,2.3,14,920,0
723.81,800,1.28,4.28,3.9,2.3,13,920,0
724.03,800,1.28,4.11,3.9,1.5,12,910,0
724.21,800,1.28,3.89,3.9,3,11,910,0
724.4,800,1.28,4.17,3.9,7.5,10,910,0
724.61,800,1.28,4.03,3.9,9,9,910,0
724.8,800,1.28,4.28,3.9,9,8,910,0
724.98,800,1.53,4.39,4.3,5.3,7,910,0
725.18,800,1.28,4.36,3.9,3.8,5,910,0
725.37,800,1.28,4.33,3.9,3,4,910,0
725.58,800,1.28,4.31,3.9,3,3,910,0
725.76,800,1.28,4.28,3.9,3.8,2,910,0
725.95,800,1.28,4.28,3.9,3.8,2,910,0
726.15,800,1.53,4.31,3.9,4.5,1,910,0
726.35,800,1.28,4.22,3.9,4.5,0,910,0
726.54,800,1.02,3.86,3.9,4.5,0,910,0
726.74,800,1.02,4.06,3.9,6.8,0,910,0
726.93,800,1.28,4.33,3.9,6.8,0,910,0
727.15,800,1.28,4.44,4.3,5.3,0,910,0
727.34,840,1.28,4.06,3.9,2.3,0,910,0
727.53,840,1.28,4.19,3.9,3.8,0,910,0
727.75,800,1.28,4.22,3.9,5.3,0,910,0
727.94,800,1.28,4.31,3.9,5.3,0,910,0
728.12,800,1.28,4.22,3.9,4.5,0,910,0
728.34,800,1.28,4.31,4.3,3.8,0,910,0
728.53,800,1.28,4.25,3.9,3,0,910,0
728.71,800,1.28,4.22,3.9,4.5,0,910,0
728.92,800,1.28,4.06,4.3,3.8,0,910,0
729.1,800,1.28,4.31,4.3,4.5,0,910,0
729.3,800,1.28,4.33,3.9,3.8,0,910,0
729.49,800,1.28,4.08,3.9,3,0,910,0
729.69,800,1.28,4.39,3.9,3.8,0,910,0
729.89,800,1.28,4.19,3.9,3,0,910,0
730.08,800,1.28,4.17,3.9,3.8,0,910,0
730.26,800,1.28,4.28,3.9,4.5,0,910,0
730.47,800,1.02,4.03,3.9,4.5,0,910,0
730.65,800,1.28,4.31,3.9,4.5,0,910,0
730.84,800,1.28,4.33,3.9,4.5,0,910,0
731.04,800,1.28,3.97,3.9,4.5,0,910,0
731.23,800,1.28,4.22,3.9,4.5,0,910,0
731.43,800,1.28,4.06,3.9,4.5,0,910,0
731.62,800,1.28,4.25,3.9,5.3,0,910,0
731.81,800,1.28,4.22,3.9,4.5,0,910,0
732.01,800,1.28,4.11,3.9,5.3,0,910,0
732.2,800,1.28,4.31,4.3,5.3,0,910,0
732.39,800,1.28,4.22,4.3,4.5,0,910,0
732.59,800,1.28,4.33,4.3,4.5,0,910,0
732.78,800,1.28,4.33,4.3,4.5,0,910,0
732.96,800,1.28,4.33,4.3,4.5,0,910,0
733.17,800,1.28,4.25,4.3,5.3,0,910,0
733.36,840,1.28,4.28,4.3,4.5,0,910,0
733.59,800,1.28,4.33,4.3,4.5,0,910,0
733.78,840,1.28,4.22,3.9,5.3,0,910,0
733.96,800,1.02,4.25,4.3,4.5,0,910,0
734.17,840,1.28,4.33,4.3,4.5,0,910,0
734.36,800,1.28,4.33,4.3,4.5,0,910,0
734.55,800,1.28,4.39,4.3,4.5,0,910,0
734.74,800,1.28,4.25,4.3,4.5,0,910,0
734.93,800,1.28,4.25,4.3,3.8,0,910,0
735.12,840,1.28,4.28,4.3,4.5,0,910,0
735.34,840,1.28,4.28,4.3,4.5,0,910,0
735.53,840,1.28,4.42,4.3,5.3,0,910,0
735.73,840,1.28,4.22,4.3,3.8,0,910,0
735.92,840,1.28,4.28,4.3,3,0,910,0
736.11,840,1.28,4.22,4.3,3.8,0,910,0
736.31,840,1.28,4.39,4.3,3.8,0,910,0
736.5,840,1.28,4.31,4.3,3,0,910,0
736.69,800,1.28,4.25,3.9,3.8,0,910,0
736.92,840,1.28,4.33,4.3,3.8,0,910,0
737.11,840,1.28,4.31,4.3,2.3,0,910,0
737.3,840,1.28,4.33,3.9,3,0,910,0
737.49,840,1.28,4.42,3.9,3,0,910,0
737.68,840,1.28,4.17,3.9,2.3,0,910,0
737.89,840,1.28,4.31,3.9,3,0,910,0
738.08,840,1.28,4.25,3.9,2.3,0,910,0
738.26,800,1.28,4.14,3.9,2.3,0,910,0
738.47,800,1.28,4.31,3.9,3.8,0,910,0
738.65,840,1.28,4.22,3.9,3,0,910,0
738.84,840,1.28,4.25,3.9,3,0,910,0
739.05,840,1.28,4.06,3.9,2.3,0,910,0
739.24,840,1.28,4.31,3.9,3,0,910,0
739.43,840,1.28,4.31,3.9,3,0,910,0
739.63,840,1.28,4.25,3.9,1.5,0,910,0
739.82,840,1.28,4.03,3.9,1.5,0,910,0
740.04,840,1.28,4.11,3.9,3,0,910,0
740.22,840,1.02,4,3.9,2.3,0,910,0
740.42,840,1.02,4.03,3.9,3.8,0,910,0
740.62,840,1.28,4.19,3.9,3,0,910,0
740.81,840,1.28,4.14,3.9,-0.8,0,910,0
741,840,1.28,4.17,3.9,0.8,0,910,0
741.2,840,1.28,4.19,3.9,0,0,910,0
741.39,840,1.28,4.17,3.9,0,0,910,0
741.57,840,1.28,3.92,3.9,0,0,910,0
741.78,840,1.02,3.78,3.9,1.5,0,910,0
741.97,840,1.02,3.83,3.5,3,0,910,0
742.17,840,1.02,3.89,3.5,1.5,0,910,0
742.36,840,1.02,3.78,3.5,1.5,0,910,0
742.55,840,1.02,3.81,3.5,3,0,910,0
742.74,840,1.02,3.89,3.5,3.8,0,910,0
742.93,800,1.02,3.72,3.5,2.3,0,910,0
743.12,800,1.02,3.64,3.5,3,0,910,0
743.32,800,1.02,3.86,3.5,5.3,0,910,0
743.51,800,1.02,3.78,3.5,4.5,0,910,0
743.7,800,1.02,3.69,3.5,3,0,910,0
743.9,760,1.28,3.75,3.5,9.8,0,910,0
744.09,720,1.28,4.5,3.9,19.5,0,910,0
744.32,760,1.53,5.36,5.1,18,0,910,0
744.51,840,1.53,5,5.1,0,0,910,0
744.7,840,1.28,4.19,3.9,-5.3,0,910,0
744.9,840,1.28,4.36,4.3,-0.8,0,910,0
745.09,840,1.02,4.31,4.3,3,0,910,0
745.28,840,1.28,4.78,4.3,5.3,0,910,0
745.48,840,1.28,4.39,4.3,2.3,0,910,0
745.67,840,1.28,4.36,4.3,3.8,0,910,0
745.87,840,1.28,4.31,4.3,4.5,0,910,0
746.06,840,1.02,4.14,4.3,4.5,0,910,0
746.24,840,1.28,4.31,4.3,5.3,0,910,0
746.45,840,1.28,4.31,4.3,6,0,910,0
746.64,840,1.28,4.39,4.3,5.3,0,910,0
746.82,840,1.28,4.31,4.3,6,0,910,0
747.03,840,1.28,4.39,4.3,4.5,0,910,0
747.22,840,1.28,4.67,4.3,3,0,910,0
747.4,840,1.28,4.39,4.3,2.3,0,910,0
747.6,840,1.28,4.53,4.3,0.8,0,910,0
747.79,840,1.28,4.44,4.3,1.5,0,910,0
747.99,840,1.28,4.33,4.3,2.3,0,910,0
748.18,840,1.28,4.42,4.3,3.8,0,910,0
748.37,840,1.28,4.31,4.3,3.8,0,910,0
748.57,840,1.28,4.36,4.3,4.5,0,910,0
748.76,800,1.28,4.5,4.3,3,0,910,0
748.95,800,1.28,4.36,4.3,4.5,0,910,0
749.15,800,1.28,4.42,4.3,4.5,0,910,0
749.34,800,1.28,4.31,4.3,4.5,0,910,0
749.52,800,1.28,4.39,4.3,4.5,0,910,0
749.74,800,1.28,4.31,4.3,3.8,0,910,0
749.94,800,1.28,4.31,4.3,3.8,0,910,0
750.13,800,1.28,4.08,4.3,3.8,0,910,0
750.32,800,1.28,4.31,3.9,4.5,0,910,0
750.51,800,1.28,4.17,3.9,5.3,0,910,0
750.72,800,1.28,4.28,3.9,8.3,0,910,0
750.9,800,1.28,4.61,4.3,6.8,0,910,0
751.09,800,1.28,4.28,4.3,3.8,0,910,0
751.3,840,1.28,4.36,4.3,5.3,0,910,0
751.5,840,1.28,4.47,4.3,4.5,0,910,0
751.68,800,1.28,4.39,4.3,5.3,0,910,0
751.88,840,1.28,4.47,4.3,4.5,0,910,0
752.08,800,1.28,4.47,4.3,4.5,0,910,0
752.28,800,1.28,4.53,4.3,4.5,0,910,0
752.47,800,1.28,4.53,4.3,3,0,910,0
752.67,800,1.28,4.25,4.3,2.3,0,910,0
752.88,800,1.28,4.19,4.3,3.8,0,910,0
753.07,800,1.28,4.17,4.3,4.5,0,910,0
753.3,800,1.28,4.42,4.3,6.8,0,910,0
753.48,800,1.28,4.42,4.3,4.5,0,910,0
753.67,840,1.28,4.33,4.3,4.5,0,910,0
753.87,840,1.28,4.42,4.3,5.3,0,910,0
754.06,840,1.28,4.42,4.3,4.5,0,910,0
754.24,800,1.28,4.56,4.3,4.5,0,910,0
754.45,800,1.28,4.47,4.3,3,0,910,0
754.64,800,1.28,4.44,4.3,3.8,0,910,0
754.84,800,1.28,4.42,4.3,4.5,0,910,0
755.06,800,1.28,4.44,4.3,3,0,910,0
755.25,800,1.28,4.33,4.3,3.8,0,910,0
755.45,800,1.28,4.25,4.3,4.5,0,910,0
755.63,800,1.28,4.36,4.3,6,0,910,0
755.82,800,1.28,4.42,4.3,5.3,0,910,0
756.03,800,1.28,4.47,4.3,6,0,910,0
756.22,800,1.28,4.44,4.3,4.5,0,910,0
756.42,840,1.28,4.28,4.3,4.5,0,910,0
756.62,840,1.28,4.61,4.3,5.3,0,910,0
756.81,840,1.28,4.31,4.3,3,0,910,0
757,800,1.28,4.39,4.3,5.3,0,910,0
757.2,840,1.28,4.53,4.3,5.3,0,910,0
757.39,840,1.28,4.31,4.3,3.8,0,910,0
757.59,840,1.28,4.42,4.3,4.5,0,910,0
757.78,840,1.28,4.44,4.3,3.8,0,910,0
757.96,800,1.28,4.44,4.3,3.8,0,910,0
758.17,840,1.28,4.47,4.3,3.8,0,910,0
758.36,840,1.28,4.5,4.3,3.8,0,910,0
758.54,800,1.28,4.5,4.3,4.5,0,910,0
758.75,840,1.28,4.47,4.3,4.5,0,910,0
758.94,840,1.28,4.39,4.3,3.8,0,910,0
759.12,840,1.28,4.28,4.3,4.5,0,910,0
759.33,840,1.28,4.53,4.3,4.5,0,910,0
759.51,840,1.28,4.42,4.3,4.5,0,910,0
759.71,840,1.28,4.47,4.3,4.5,0,910,0
759.9,840,1.28,4.44,4.3,4.5,0,910,0
760.09,840,1.28,4.39,4.3,3.8,0,910,0
760.3,840,1.28,4.44,4.3,4.5,0,910,0
760.49,840,1.28,4.42,4.3,4.5,0,910,0
760.68,840,1.28,4.56,4.3,5.3,0,910,0
760.88,840,1.28,4.31,4.3,3.8,0,910,0
761.09,800,1.28,4.5,4.3,5.3,0,910,0
761.28,840,1.28,4.25,4.3,4.5,0,910,0
761.48,840,1.28,4.36,4.3,5.3,0,910,0
761.67,840,1.28,4.64,4.3,4.5,0,910,0
761.88,800,1.28,4.5,4.3,2.3,0,910,0
762.09,800,1.28,4.56,4.3,3.8,0,910,0
762.3,800,1.28,4.31,4.3,3.8,0,910,0
762.5,800,1.28,4.56,4.3,4.5,0,910,0
762.68,800,1.28,4.53,4.3,4.5,0,910,0
762.87,840,1.28,4.53,4.3,4.5,0,910,0
763.07,840,1.28,4.39,4.3,4.5,0,910,0
763.26,800,1.28,4.39,4.3,4.5,0,910,0
763.47,800,1.28,4.47,4.3,5.3,0,910,0
763.65,800,1.28,4.44,4.3,5.3,0,910,0
763.84,800,1.28,4.53,4.3,4.5,0,910,0
764.04,840,1.28,4.5,4.3,3.8,0,910,0
764.23,800,1.28,4.44,4.3,4.5,0,910,0
764.41,800,1.28,4.5,4.3,3.8,0,910,0
764.62,840,1.28,4.44,4.3,4.5,0,910,0
764.81,800,1.28,4.39,4.3,4.5,0,910,0
765,800,1.28,4.36,4.3,5.3,0,910,0
765.2,800,1.28,4.47,4.3,6,0,910,0
765.39,800,1.28,4.5,4.3,6,0,910,0
765.59,840,1.28,4.31,4.3,4.5,0,910,0
765.78,840,1.28,4.42,4.3,4.5,0,910,0
765.98,840,1.28,4.39,4.3,5.3,0,910,0
766.18,840,1.28,4.61,4.3,5.3,0,910,0
766.37,840,1.28,4.47,4.3,3.8,0,910,0
766.56,840,1.28,4.42,4.3,3.8,0,910,0
766.77,840,1.28,4.69,4.3,3,0,910,0
766.95,840,1.28,4.58,4.3,4.5,0,910,0
767.15,840,1.28,4.58,4.3,2.3,0,910,0
767.34,840,1.28,4.39,4.3,2.3,0,910,0
767.53,800,1.28,4.42,4.3,4.5,0,910,0
767.74,840,1.28,4.19,4.3,4.5,0,910,0
767.93,840,1.28,4.33,4.3,4.5,0,910,0
768.12,840,1.28,4.31,4.3,5.3,0,910,0
768.32,840,1.28,4.5,4.3,6,0,910,0
768.51,800,1.28,4.47,4.3,5.3,0,910,0
768.7,840,1.28,4.44,4.3,4.5,0,910,0
768.9,840,1.28,4.5,4.3,4.5,0,910,0
769.09,840,1.28,4.58,4.3,4.5,0,910,0
769.3,840,1.28,4.47,4.3,3,0,910,0
769.48,840,1.28,4.47,4.3,3.8,0,910,0
769.67,840,1.28,4.44,4.3,4.5,0,910,0
769.87,840,1.28,4.31,4.3,3,0,910,0
770.06,840,1.28,4.42,4.3,5.3,0,910,0
770.25,840,1.28,4.28,4.3,4.5,0,910,0
770.44,840,1.28,4.5,4.3,4.5,0,910,0
770.64,840,1.28,4.47,4.3,3,0,910,0
770.83,840,1.28,4.64,4.3,4.5,0,910,0
771.04,840,1.28,4.44,4.3,3,0,910,0
771.23,840,1.28,4.56,4.3,4.5,0,910,0
771.43,840,1.28,4.5,4.3,3,0,910,0
771.62,800,1.28,4.61,4.3,3,0,910,0
771.81,800,1.28,4.47,4.3,3,0,910,0
772.01,800,1.28,4.5,4.3,2.3,0,910,0
772.2,800,1.28,4.42,4.3,3,0,910,0
772.39,800,1.28,4.56,4.3,4.5,0,910,0
772.61,800,1.28,4.42,4.3,3.8,0,910,0
772.82,800,1.28,4.47,4.3,5.3,0,910,0
773.03,800,1.28,4.36,4.3,4.5,0,910,0
773.21,800,1.28,4.44,4.3,6.8,0,910,0
773.4,800,1.28,4.53,4.3,6,0,910,0
773.61,800,1.28,4.42,4.3,3.8,0,910,0
773.8,800,1.28,4.5,4.3,5.3,0,910,0
773.98,800,1.28,4.36,4.3,3.8,0,910,0
774.19,800,1.28,4.39,4.3,6,0,910,0
774.39,800,1.28,4.47,4.3,6,0,910,0
774.6,840,1.28,4.58,4.3,5.3,0,910,0
774.8,800,1.28,4.28,4.3,6,0,910,0
774.98,800,1.28,4.31,4.3,6.8,0,910,0
775.19,840,1.28,4.64,4.3,6.8,0,910,0
775.37,840,1.28,4.64,4.3,3.8,0,910,0
775.56,840,1.28,4.61,4.3,2.3,0,910,0
775.76,800,1.28,4.5,4.3,2.3,0,910,0
775.95,800,1.28,4.5,4.3,4.5,0,910,0
776.16,840,1.28,4.53,4.3,5.3,0,910,0
776.35,840,1.28,4.44,4.3,4.5,0,910,0
776.55,800,1.28,4.42,4.3,5.3,0,910,0
776.75,840,1.28,4.61,4.3,5.3,0,910,0
776.93,800,1.28,4.47,4.3,4.5,0,910,0
777.12,800,1.28,4.5,4.3,4.5,0,910,0
777.32,800,1.28,4.56,4.3,3.8,0,910,0
777.51,800,1.28,4.67,4.3,4.5,0,910,0
777.7,840,1.28,4.31,4.3,3,0,910,0
777.9,840,1.28,4.61,4.3,4.5,0,910,0
778.09,840,1.28,4.44,4.3,3.8,0,910,0
778.3,840,1.28,4.47,4.3,4.5,0,910,0
778.48,840,1.28,4.22,4.3,4.5,0,910,0
778.67,840,1.28,4.67,4.3,4.5,0,910,0
778.88,840,1.28,4.67,4.3,2.3,0,910,0
779.08,840,1.28,4.47,4.3,3,0,910,0
779.26,840,1.28,4.44,4.3,4.5,0,910,0
779.46,840,1.28,4.33,4.3,3,0,910,0
779.65,840,1.28,4.36,4.3,4.5,0,910,0
779.84,840,1.28,4.56,4.3,3.8,0,910,0
780.05,840,1.28,4.42,4.3,3.8,0,910,0
780.24,840,1.28,4.33,4.3,4.5,0,910,0
780.45,840,1.28,4.44,4.3,4.5,0,910,0
780.63,800,1.28,4.58,4.3,5.3,0,910,0
780.82,840,1.28,4.44,4.3,3.8,0,910,0
781.03,840,1.28,4.5,4.3,4.5,0,910,0
781.22,800,1.28,4.42,4.3,5.3,0,910,0
781.44,800,1.28,4.56,4.3,6,0,910,0
781.63,800,1.28,4.58,4.3,3.8,0,910,0
781.82,840,1.28,4.5,4.3,3,0,910,0
782.03,800,1.28,4.36,4.3,3,0,910,0
782.22,800,1.28,4.44,4.3,5.3,0,910,0
782.41,840,1.28,4.47,4.3,3,0,910,0
782.61,840,1.28,4.5,4.3,3.8,0,910,0
782.8,840,1.28,4.42,4.3,4.5,0,910,0
783,800,1.28,4.56,4.3,5.3,0,910,0
783.2,800,1.28,4.5,4.3,4.5,0,910,0
783.4,840,1.28,4.5,4.3,3,0,910,0
783.61,800,1.28,4.61,4.3,3.8,0,910,0
783.8,800,1.28,4.53,4.3,3.8,0,910,0
783.98,800,1.28,4.5,4.3,3.8,0,910,0
784.19,800,1.28,4.78,4.3,3.8,0,910,0
784.39,840,1.28,4.86,4.7,1.5,0,910,0
784.59,840,1.28,4.53,4.7,0,0,910,0
784.78,840,1.28,4.67,4.7,0.8,0,910,0
784.97,840,1.28,4.75,4.7,-0.8,0,910,0
785.18,840,1.28,4.89,4.7,-2.3,0,910,0
785.37,840,1.28,4.78,4.7,-3,0,910,0
785.56,840,1.28,4.81,4.7,-1.5,0,910,0
785.76,840,1.28,4.78,4.3,-1.5,0,910,0
785.95,840,1.28,4.61,4.3,-1.5,0,910,0
786.15,800,1.28,4.42,4.3,0,0,910,0
786.34,840,1.28,4.61,4.3,0.8,0,910,0
786.53,840,1.28,4.61,4.3,0,0,910,0
786.75,840,1.28,4.56,4.3,0,0,910,0
786.93,840,1.79,4.64,4.3,6,0,910,0
787.12,1040,2.81,11.69,12.9,4.5,0,910,0
787.34,1440,2.29,12.44,11.4,4.5,0,910,0
787.52,1640,2.04,15.11,12.9,17.3,0,910,0
787.71,1720,1.79,14.78,12.9,11.3,0,920,0
787.92,1600,1.28,9.39,11.8,0,0,940,0
788.11,1400,1.28,8.5,7.5,10.5,0,940,0
788.31,1240,1.53,8.92,7.8,19.5,0,930,0
788.49,1160,1.79,9.5,8.2,15.8,1,940,0
788.68,1080,2.04,8.56,7.8,10.5,2,940,0
788.88,1080,2.29,10.5,8.2,21,2,940,0
789.07,1120,2.04,10.28,9.8,12,3,940,0
789.26,1120,2.04,9.81,8.6,1.5,4,940,0
789.48,1120,2.04,9.58,8.2,10.5,4,940,0
789.66,1120,2.04,9.33,8.6,14.3,5,940,0
789.87,1120,1.79,8.25,7.8,9.8,6,940,0
790.05,1080,1.79,8.5,7.8,21.8,7,940,0
790.25,1000,2.04,9.28,8.2,22.5,7,940,0
790.45,1080,2.29,8.64,7.8,9.8,8,940,0
790.63,1080,1.79,8.39,7.8,1.5,8,940,0
790.82,1160,1.79,8.61,7.5,19.5,9,940,0
791.03,1200,2.04,11.86,9,21.8,9,940,0
791.21,1280,2.04,12.44,10.6,20.3,10,940,0
791.4,1360,2.04,12.69,11.4,21.8,10,940,0
791.61,1440,2.04,13.81,11.8,22.5,11,950,0
791.79,1520,2.04,14.64,12.2,22.5,12,950,0
792.01,1640,2.29,17.11,13.3,24,12,960,0
792.2,1720,2.29,19.31,16.1,23.3,13,970,0
792.39,1840,2.29,20.81,16.9,24,14,980,0
792.59,1960,2.04,21.72,16.9,26.3,15,1000,0
792.78,2080,2.04,22.17,16.9,29.3,16,1020,0
792.96,2200,1.79,21.67,16.9,29.3,17,1030,0
793.18,2280,1.79,22.69,15.7,29.3,18,1040,0
793.37,2400,1.79,22.86,16.1,27.8,19,1050,0
793.56,2480,1.79,23.5,16.1,27,20,1050,0
793.76,2600,1.79,23.67,16.1,27,21,1060,0
793.95,2680,1.53,23.89,16.1,27,22,1060,0
794.15,2720,1.02,16.17,15.3,27.8,23,1080,0
794.34,2800,1.02,15.61,11.8,34.5,23,1060,0
794.53,2800,1.02,16.78,12.2,35.3,24,1040,0
794.74,2840,1.02,15.97,12.2,36,24,1030,0
794.93,2880,1.02,16,11.8,36.8,25,1020,0
795.12,2920,1.02,16.08,12.2,36.8,25,1010,0
795.32,2920,1.02,15.86,11.8,31.5,25,1010,0
795.51,2920,1.02,14.83,11.4,26.3,25,1010,0
795.72,2960,1.02,14.86,11.4,22.5,26,1000,0
795.9,2920,0.77,11.17,10.2,23.3,26,1000,0
796.09,2920,0.77,10.14,9,28.5,26,990,0
796.29,2880,0.51,9.33,8.2,26.3,26,990,0
796.48,2920,0.51,9.58,8.2,24.8,26,980,0
796.67,2840,0.51,9.83,8.2,24,25,970,0
796.87,2840,0.51,9.42,8.2,22.5,25,970,0
797.06,2800,0.51,9.31,8.2,24,25,960,0
797.25,2760,0.51,9.31,8.2,27,25,960,0
797.47,2760,0.51,8.94,7.8,26.3,25,960,0
797.66,2720,0.51,9.08,7.8,24.8,24,950,0
797.87,2680,0.51,9.06,7.8,22.5,24,950,0
798.06,2680,0.51,9,7.8,22.5,24,950,0
798.25,2640,0.51,8.56,7.8,22.5,24,950,0
798.45,2600,0.51,8.69,7.5,23.3,23,950,0
798.64,2600,0.51,8.64,7.5,24.8,23,940,0
798.82,2560,0.51,8.5,7.5,26.3,23,940,0
799.03,2520,1.02,13.64,8.2,31.5,23,930,0
799.21,2560,1.02,15.11,11.4,12,22,940,0
799.42,2480,1.02,15.69,12.5,26.3,22,940,0
799.61,2520,1.02,16.72,11.8,24.8,22,950,0
799.79,2520,1.28,16.97,12.9,20.3,22,960,0
799.99,2560,1.28,17.17,12.9,23.3,22,970,0
800.18,2600,1.28,18.5,13.7,27.8,22,980,0
800.37,2640,1.28,18.5,13.7,30,22,990,0
800.57,2720,1.28,19.86,13.7,30.8,23,1000,0
800.76,2800,1.53,23.08,14.1,30.8,23,1000,0
800.95,2840,1.53,28.22,16.5,30,24,1010,0
801.15,2960,1.53,30.42,18.8,27,24,1040,0
801.34,3040,1.79,32.08,19.6,26.3,25,1080,0
801.54,3160,2.04,36.61,20,25.5,26,1110,0
801.73,3280,2.04,36.67,20.4,24.8,27,1130,0
801.93,3400,2.04,37.86,20.8,25.5,28,1140,0
802.14,3560,2.04,40.28,21.2,25.5,29,1130,0
802.32,3680,2.29,43.5,22,25.5,30,1120,0
802.51,3800,2.29,48.81,25.5,24.8,31,1110,0
802.73,4000,2.29,51.06,27.5,24.8,32,1120,0
802.92,4160,2.29,53.47,28.2,24,34,1120,0
803.12,4280,2.29,53.42,28.6,24.8,35,1120,0
803.3,4440,2.29,55.39,29,25.5,36,1120,0
803.49,4560,2.29,57.94,30.6,25.5,38,1110,0
803.7,4520,0,22.03,24.3,21.8,39,1140,0
803.89,4160,0,12.36,10.6,-0.8,40,1080,0
804.08,3800,0,13.86,11.4,-1.5,40,1030,0
804.28,3440,0.51,13.5,11.4,-3,41,1000,0
804.46,3160,0.51,12.25,10.6,8.3,41,990,0
804.65,2920,1.28,23,11,24.8,41,960,0
804.86,2960,2.29,40.67,21.2,21,41,940,0
805.05,3040,2.29,45.89,26.3,19.5,42,1020,0
805.25,3120,2.55,55.78,32.5,21,42,1080,0
805.43,3200,2.55,52.72,37.6,21,43,1160,0
805.62,3320,2.81,52.19,36.9,21,44,1170,0
805.83,3400,2.81,62.19,36.9,21.8,45,1190,0
806.01,3480,2.81,60.97,36.5,21,47,1270,0
806.2,3600,2.81,60.75,33.3,21.8,48,1280,0
806.4,3680,2.81,60.22,33.7,21,50,1250,0
806.59,3760,2.81,60,35.7,21.8,51,1220,0
806.78,3840,2.55,58.72,37.3,21.8,52,1180,0
806.98,3920,2.55,58.33,38,22.5,53,1150,0
807.17,4000,2.55,59.44,39.6,22.5,55,1130,0
807.37,4080,2.55,59.5,39.2,24,56,1130,0
807.56,4160,1.79,35.72,39.6,24,57,1170,0
807.75,3840,0,10.06,15.7,26.3,58,1130,0
807.97,3480,0,11.83,10.2,-2.3,58,1050,0
808.17,3120,0,11.69,10.2,-3.8,58,1010,0
808.36,2880,0.77,11.19,9.8,0.8,58,990,0
808.56,2960,2.55,38.25,16.1,19.5,58,950,0
808.75,2920,2.81,48.11,30.2,9.8,58,1000,0
808.94,2960,2.81,50.42,35.7,17.3,58,1110,0
809.13,3000,3.06,51.56,35.3,17.3,59,1180,0
809.32,3040,2.81,51.58,35.7,19.5,60,1230,0
809.53,3120,3.06,55.5,34.9,19.5,60,1230,0
809.71,3120,2.81,58.47,38,18.8,62,1290,0
809.9,3160,3.06,57.97,32.9,18,62,1320,0
810.1,3200,3.06,54.17,32.5,18.8,63,1300,0
810.29,3240,3.06,54.58,33.3,18,64,1260,0
810.48,3280,2.81,51.22,34.1,19.5,65,1200,0
810.68,3320,2.81,50.28,35.7,21,66,1160,0
810.87,3360,2.55,48.64,36.5,21,67,1160,0
811.07,3400,2.29,44.03,26.7,19.5,67,1160,0
811.26,3400,2.29,42.08,23.9,23.3,68,1150,0
811.45,3440,2.29,43.69,23.9,25.5,69,1140,0
811.67,3480,2.29,43.67,23.9,25.5,69,1130,0
811.86,3440,1.28,22.83,23.1,25.5,70,1130,0
812.05,3280,0.51,10.42,13.7,-3.8,70,1100,0
812.25,3000,0.51,9.81,9,-1.5,70,1050,0
812.43,2800,0.77,10.17,9,-4.5,70,1010,0
812.64,2600,0.77,9.08,8.6,-4.5,69,990,0
812.82,2440,0.77,8.64,8.2,2.3,69,970,0
813.01,2520,0.51,8.86,7.8,5.3,68,960,0
813.22,2440,0.51,8.69,7.8,12,68,950,0
813.42,2440,0.51,9.36,7.8,17.3,67,940,0
813.61,2440,0.77,9.39,8.2,17.3,67,940,0
813.8,2400,0.77,8.72,7.8,9.8,66,930,0
813.99,2400,0.77,9.47,7.8,8.3,66,930,0
814.18,2360,0.77,8.83,7.5,3,66,940,0
814.38,2360,0.77,8.58,7.5,-5.3,65,940,0
814.57,2320,0.51,8.06,7.5,-5.3,64,940,0
814.78,2320,0.51,8.25,7.5,7.5,64,930,0
814.96,2280,0,8.25,7.1,-5.3,63,940,0
815.15,2280,0,7.72,7.1,-5.3,63,940,0
815.37,2240,0,7.81,6.7,-5.3,62,940,0
815.56,2200,0,7.78,6.7,-5.3,61,940,0
815.75,2200,0,7.42,6.7,-5.3,61,940,0
815.95,2160,0.77,7,6.3,-5.3,60,940,0
816.14,2160,0.77,7.06,6.3,-0.8,59,940,0
816.33,2120,0.77,7.06,6.3,2.3,59,940,0
816.53,2120,0.77,6.67,6.3,8.3,58,940,0
816.72,2120,0.77,6.58,6.3,9.8,58,940,0
816.92,2080,0.77,6.64,6.3,12.8,57,940,0
817.11,2080,0.77,6.86,6.3,15.8,57,930,0
817.29,2040,0.77,6.97,6.3,16.5,57,930,0
817.5,2040,0.77,7.17,6.3,16.5,56,930,0
817.68,2040,0.77,7.53,6.7,16.5,56,930,0
817.87,2040,0.77,7.58,7.1,16.5,56,930,0
818.07,2000,1.02,8.14,7.1,16.5,55,930,0
818.26,2040,1.02,10.03,7.5,16.5,55,930,0
818.49,2000,1.53,13.14,10.2,15.8,55,930,0
818.68,2000,1.53,13.11,10.6,15,55,930,0
818.87,2000,1.53,13.56,11,15,54,940,0
819.07,2000,1.53,13.94,11,14.3,54,940,0
819.26,2000,1.28,14.08,11.4,14.3,54,950,0
819.47,2000,1.79,19.33,12.2,17.3,54,950,0
819.67,2000,2.29,23.97,16.9,21,54,950,0
819.86,2000,2.29,27.53,22,23.3,54,980,0
820.04,2040,2.55,30.58,23.5,21.8,55,1010,0
820.24,2040,2.55,31.56,24.3,20.3,55,1050,0
820.43,2080,2.55,30.75,24.3,19.5,55,1080,0
820.64,2080,2.55,31.08,23.9,21,56,1100,0
820.83,2120,2.55,30.28,23.1,21,56,1110,0
821.01,2120,2.55,29.89,23.5,21,57,1120,0
821.22,2160,2.81,32.11,23.9,20.3,57,1120,0
821.4,2200,2.81,32.67,25.1,21,58,1120,0
821.59,2200,2.81,33.22,25.9,21,59,1130,0
821.79,2240,2.81,34.97,26.3,20.3,59,1130,0
821.98,2280,2.81,35.03,26.7,18.8,60,1130,0
822.17,2280,2.81,34.61,26.7,21,61,1140,0
822.37,2320,2.81,34.14,25.1,21,61,1140,0
822.56,2320,2.55,32.03,23.9,21,62,1140,0
822.76,2360,2.29,30,22.4,22.5,63,1130,0
822.95,2360,2.55,31.19,22,22.5,63,1120,0
823.14,2400,2.55,32.86,22,22.5,64,1120,0
823.34,2440,2.29,32.33,22.4,22.5,65,1120,0
823.53,2440,2.29,32.53,22.4,22.5,65,1120,0
823.71,2480,2.29,31.47,21.2,22.5,66,1120,0
823.93,2480,2.29,31.89,21.2,23.3,66,1120,0
824.12,2520,2.04,30.17,20.8,23.3,67,1120,0
824.34,2520,1.79,24.56,19.2,23.3,68,1120,0
824.53,2560,1.79,22.69,16.1,25.5,68,1110,0
824.72,2560,1.79,22.19,15.3,26.3,69,1090,0
824.93,2560,1.28,15.58,13.3,27,69,1080,0
825.12,2560,0.77,10.03,9.4,30.8,69,1060,0
825.31,2560,0.51,9.72,7.5,30.8,70,1020,0
825.52,2560,0.51,4.72,7.1,28.5,70,1020,0
825.71,2560,0.51,8.75,7.1,14.3,70,990,0
825.9,2560,0.51,8,7.1,18,70,980,0
826.1,2560,0.51,8.33,7.5,6,70,970,0
826.29,2560,0.51,8.56,7.5,0,70,960,0
826.49,2560,0.51,8.81,7.5,-3,70,960,0
826.68,2560,0.51,8.86,7.5,16.5,70,960,0
826.87,2560,0.77,8.72,7.5,-4.5,70,960,0
827.09,2560,0.77,8.89,7.5,-0.8,69,950,0
827.28,2560,0.77,8.56,7.5,4.5,69,950,0
827.46,2560,0.77,8.72,7.5,9,69,950,0
827.67,2560,0.77,8.53,7.5,9.8,69,940,0
827.86,2520,0.77,8.44,7.5,10.5,69,940,0
828.06,2520,0.77,8.58,7.5,11.3,69,940,0
828.26,2520,0.77,8.75,7.5,11.3,69,940,0
828.46,2520,0.77,8.53,7.5,12,69,940,0
828.67,2520,0.77,8.78,7.5,9.8,69,940,0
828.85,2520,0.77,8.64,7.5,0.8,68,930,0
829.05,2480,0.77,8.67,7.5,-1.5,68,930,0
829.26,2480,0.77,8.33,7.5,-4.5,68,930,0
829.45,2480,0.77,8.47,7.5,13.5,68,930,0
829.66,2440,0,8.22,7.5,-2.3,68,940,0
829.85,2440,0,8.47,7.5,-5.3,67,940,0
830.05,2440,0,8.47,7.5,-5.3,67,940,0
830.24,2400,0,8.28,7.5,-5.3,66,940,0
830.43,2400,0,8.28,7.5,-5.3,66,940,0
830.62,2360,0,7.86,7.1,-5.3,65,940,0
830.83,2320,0,8.06,7.1,-5.3,65,940,0
831.01,2320,0,7.11,7.1,-5.3,64,940,0
831.21,2280,0,7.5,6.7,-5.3,64,940,0
831.4,2240,0,7.72,6.7,-5.3,63,940,0
831.59,2200,0,7.39,6.7,-5.3,62,950,0
831.8,2160,0,7.22,6.7,-5.3,61,950,0
831.98,2120,0,7,6.3,-5.3,60,950,0
832.16,2080,0,6.78,6.3,-5.3,59,950,0
832.37,2040,0,6.5,5.9,-5.3,58,950,0
832.56,2040,0,6.58,5.9,-4.5,57,950,0
832.75,2000,0,6.31,5.9,-4.5,56,950,0
832.95,1960,0,6.31,5.9,-4.5,55,950,0
833.13,1960,0,6.11,5.5,-5.3,54,950,0
833.34,1960,0,6.19,5.5,-5.3,54,950,0
833.53,1920,0,6.06,5.5,-5.3,53,950,0
833.71,1920,0,6,5.5,-5.3,53,950,0
833.92,1880,0.51,5.69,5.5,-6,52,950,0
834.1,1880,0.77,5.75,5.5,-4.5,52,950,0
834.29,1880,0.77,5.67,5.5,-3,52,940,0
834.49,1840,0.77,5.61,5.5,0,51,940,0
834.68,1840,0.77,5.78,5.5,4.5,51,940,0
834.86,1840,0.77,5.61,5.5,8.3,51,930,0
835.08,1840,0.77,5.89,5.5,14.3,50,930,0
835.26,1840,0.77,6.42,5.5,15.8,50,930,0
835.46,1840,1.28,9.5,7.1,15.8,50,930,0
835.65,1800,1.53,11.89,9.8,15,50,920,0
835.84,1800,1.28,10.69,9.8,15,49,930,0
836.05,1800,1.28,11.06,9.4,15,49,930,0
836.23,1800,1.28,9.75,9,15,49,930,0
836.42,1800,1.28,9.39,8.2,15,49,930,0
836.62,1800,1.28,9.78,8.2,15,49,940,0
836.81,1800,1.53,11.5,8.2,15,49,930,0
837,1800,1.79,14.47,11.4,15,49,930,0
837.2,1840,1.79,17.17,12.2,13.5,49,930,0
837.39,1840,2.29,21.14,16.9,15.8,49,940,0
837.59,1840,2.55,26.44,22.7,15,49,960,0
837.78,1840,2.55,28.22,27.5,17.3,49,1000,0
837.96,1880,2.55,28.97,28.2,18,50,1050,0
838.17,1920,2.81,30.14,28.2,18,50,1090,0
838.36,1920,2.81,30.92,28.2,18,51,1120,0
838.56,1960,2.81,31.56,29,18,52,1150,0
838.76,1960,2.81,32.36,27.1,18,52,1180,0
838.95,2000,2.81,33.31,26.7,18,53,1200,0
839.14,2040,3.06,34.86,27.1,18,54,1230,0
839.35,2040,3.06,35.39,26.7,15.8,54,1250,0
839.54,2080,2.81,34.78,26.3,15.8,55,1270,0
839.75,2120,2.81,32.69,23.9,15.8,56,1270,0
839.97,2160,3.06,32.22,23.5,16.5,57,1230,0
840.15,2160,3.06,32.28,24.7,19.5,57,1170,0
840.37,2200,2.81,33.5,26.7,18.8,58,1150,0
840.56,2240,2.81,33.31,27.1,18.8,59,1140,0
840.75,2240,2.81,30.39,24.7,18,60,1140,0
840.95,2280,2.55,29.53,22,22.5,60,1130,0
841.14,2280,2.29,30.06,21.6,23.3,61,1120,0
841.34,2320,2.29,28.31,21.2,21.8,62,1120,0
841.53,2320,2.29,27.19,18.8,24.8,62,1120,0
841.72,2320,1.79,18.64,17.3,24.8,63,1130,0
841.92,2320,1.53,18.33,13.3,29.3,63,1100,0
842.11,2360,1.28,15.94,13.3,30,63,1080,0
842.3,2360,1.28,14.58,11.8,31.5,64,1060,0
842.5,2360,1.28,14.61,11,33.8,64,1040,0
842.68,2360,1.28,14.72,11.4,33.8,64,1020,0
842.87,2360,1.28,15.44,11.4,33,64,1010,0
843.07,2360,1.28,14.81,11.4,32.3,64,1010,0
843.26,2360,1.02,14.47,11,32.3,64,1000,0
843.47,2360,0.77,8.39,8.2,34.5,64,1000,0
843.65,2320,0.77,8.17,7.5,31.5,64,990,0
843.84,2320,0.77,7.19,7.1,18.8,64,980,0
844.04,2320,0.77,7.89,7.1,8.3,64,970,0
844.23,2320,0.51,8.08,7.1,2.3,64,960,0
844.42,2320,0.77,8.5,7.5,-1.5,63,960,0
844.62,2320,0.77,8.14,7.5,-5.3,63,950,0
844.81,2320,0.77,8.33,7.5,-5.3,63,950,0
845,2280,0.77,8.33,7.1,1.5,63,950,0
845.22,2280,0,7.69,7.1,-5.3,62,950,0
845.4,2280,0,7.67,7.1,-5.3,62,950,0
845.6,2240,0,7.67,6.7,-5.3,62,950,0
845.8,2240,0,7.56,6.7,-5.3,61,950,0
845.99,2200,0,7.42,6.7,-5.3,61,950,0
846.2,2200,0,7.25,6.7,-5.3,60,950,0
846.38,2200,0,7.22,6.7,-5.3,60,950,0
846.58,2160,0,7.33,6.3,-5.3,60,950,0
846.77,2160,0,7,6.3,-5.3,59,950,0
846.96,2120,0,6.97,6.3,-5.3,59,950,0
847.16,2120,0,6.81,6.3,-5.3,58,950,0
847.36,2120,0,6.97,6.3,-5.3,58,950,0
847.54,2080,0,6.67,6.3,-5.3,58,950,0
847.74,2080,0,6.31,6.3,-5.3,57,950,0
847.94,2080,0,6.17,6.3,-4.5,57,950,0
848.15,2040,0,6.67,5.9,-4.5,56,950,0
848.36,2040,0,6.78,5.9,-5.3,56,950,0
848.55,2000,0,6.5,5.9,-5.3,56,950,0
848.75,2000,0,6.5,5.9,-4.5,55,950,0
848.93,2000,0,6.22,5.9,-4.5,55,950,0
849.12,1960,0,6.64,5.9,-4.5,54,950,0
849.33,1960,0,6.28,5.9,-5.3,54,950,0
849.51,1960,0,5.89,5.5,-5.3,54,950,0
849.7,1920,0,6.08,5.5,-5.3,53,950,0
849.9,1920,0,6.17,5.5,-5.3,53,950,0
850.09,1920,0,5.97,5.5,-6,52,950,0
850.28,1880,0,6.14,5.5,-6,52,950,0
850.49,1880,0,5.97,5.5,-6,52,950,0
850.68,1840,0,5.86,5.5,-6,51,950,0
850.89,1840,0,6.17,5.5,-6.8,51,950,0
851.07,1840,0,5.86,5.5,-6.8,50,950,0
851.26,1800,0,5.78,5.5,-6.8,50,950,0
851.47,1800,0,5.97,5.5,-6.8,50,950,0
851.65,1800,0.77,5.94,5.5,-7.5,49,940,0
851.84,1800,0.77,6.5,5.9,3,49,940,0
852.04,1760,0.77,6.28,5.9,7.5,49,940,0
852.23,1760,0.77,6.25,5.9,12.8,48,930,0
852.44,1760,0.77,6.14,5.9,11.3,48,930,0
852.62,1760,1.02,7.81,6.7,15.8,48,930,0
852.81,1760,1.28,9.08,7.5,15.8,48,930,0
853.01,1760,1.28,9.75,8.6,15,48,930,0
853.21,1720,1.02,7.14,7.8,9,48,930,0
853.42,1720,1.02,6,6.3,6,47,930,0
853.62,1720,0.77,5.89,5.9,13.5,47,930,0
853.81,1720,0.77,6.86,5.5,15,47,930,0
854.01,1720,0.77,6.17,6.3,1.5,47,930,0
854.2,1720,0.77,5.64,5.5,-3,47,930,0
854.38,1720,0.77,5.25,5.1,-3,47,930,0
854.59,1680,0,5.17,5.1,-0.8,46,920,0
854.77,1680,0,5.36,5.1,-3.8,46,920,0
854.97,1680,0,5.61,5.1,-3.8,46,920,0
855.17,1640,0,5.33,5.1,-7.5,45,920,0
855.35,1600,0,5.25,5.1,-7.5,45,930,0
855.54,1560,0,5.08,4.7,-6.8,44,930,0
855.76,1520,0,4.97,4.7,-6.8,43,930,0
855.95,1480,0,4.75,4.7,-6.8,42,930,0
856.17,1200,0.77,4.08,4.3,-6.8,42,930,0
856.36,1160,1.28,6.28,5.5,15.8,40,930,0
856.54,1120,1.28,5.19,5.1,-4.5,40,920,0
856.75,1080,1.28,4.81,4.7,-2.3,39,920,0
856.93,1040,1.28,4.64,4.7,-2.3,38,920,0
857.12,1000,1.28,4.61,4.7,3,37,920,0
857.34,960,1.28,4.31,4.3,2.3,36,920,0
857.53,920,1.28,4.33,4.3,1.5,35,920,0
857.72,880,1.28,4.28,4.3,0.8,34,920,0
857.92,840,1.28,4.11,3.9,2.3,33,920,0
858.1,840,1.28,3.92,3.9,3,32,920,0
858.31,800,1.28,3.86,3.9,5.3,31,920,0
858.5,800,1.28,3.81,3.9,8.3,30,920,0
858.68,800,1.28,4,3.9,9.8,29,910,0
858.89,800,1.28,4.17,3.9,8.3,28,910,0
859.07,800,1.53,4.31,3.9,6.8,27,910,0
859.26,800,1.53,4.31,3.9,5.3,26,910,0
859.47,800,1.28,4.25,3.9,4.5,25,910,0
859.65,800,1.28,4.19,3.9,5.3,25,910,0
859.84,800,1.53,4.31,3.9,4.5,24,910,0
860.05,800,1.28,4.31,3.9,3.8,23,910,0
860.23,800,1.53,4.36,3.9,4.5,22,910,0
860.43,800,1.53,4.22,3.9,3,22,910,0
860.62,800,1.28,4.08,3.9,4.5,21,910,0
860.8,800,1.28,4.11,3.9,5.3,20,910,0
861.03,800,1.28,4.25,3.9,6.8,19,910,0
861.22,800,1.28,4.28,3.9,5.3,18,910,0
861.42,800,1.28,4.22,4.3,4.5,17,910,0
861.62,800,1.28,4.28,4.3,4.5,17,910,0
861.81,800,1.28,4.33,4.3,3.8,16,910,0
862.01,800,1.53,4.33,3.9,3.8,15,910,0
862.2,800,1.28,4.19,4.3,3.8,14,910,0
862.39,840,1.28,4.28,4.3,5.3,13,910,0
862.59,840,1.28,4.31,4.3,4.5,13,910,0
862.78,800,1.28,4.22,3.9,3,12,910,0
862.96,800,1.28,4.33,3.9,3.8,11,910,0
863.17,800,1.28,4.33,3.9,4.5,10,910,0
863.36,800,1.28,4.28,4.3,4.5,10,910,0
863.57,800,1.28,4.33,3.9,4.5,9,910,0
863.76,800,1.28,4.31,4.3,4.5,9,910,0
863.95,800,1.28,4.22,3.9,4.5,9,910,0
864.15,800,1.28,4.31,3.9,5.3,8,910,0
864.34,800,1.28,4.33,3.9,4.5,8,910,0
864.53,840,1.28,4.31,4.3,5.3,8,910,0
864.73,800,1.28,4.44,4.3,4.5,7,910,0
864.92,840,1.28,4.44,4.3,3.8,7,910,0
865.12,800,1.28,4.36,4.3,3,7,910,0
865.33,840,1.28,4.42,4.3,3.8,6,910,0
865.51,840,1.28,4.31,4.3,3,6,910,0
865.72,800,1.28,4.36,3.9,2.3,6,910,0
865.9,800,1.28,4.28,3.9,3,5,910,0
866.09,800,1.28,4.31,3.9,3,5,910,0
866.31,800,1.28,4.28,3.9,4.5,4,910,0
866.49,800,1.28,4.17,3.9,4.5,4,910,0
866.68,800,1.02,4,3.9,6,3,910,0
866.88,800,1.28,4.31,4.3,9,3,910,0
867.07,800,1.28,4.28,4.3,6,2,910,0
867.26,800,1.28,4.44,4.3,5.3,2,910,0
867.47,800,1.28,4.31,4.3,4.5,1,910,0
867.68,800,1.28,4.31,4.3,4.5,1,910,0
867.89,800,1.28,4.03,4.3,4.5,0,910,0
868.09,800,1.28,4.33,4.3,6.8,0,910,0
868.3,840,1.28,4.25,4.3,4.5,0,910,0
868.49,800,1.28,4.31,4.3,5.3,0,910,0
868.7,800,1.28,4.03,4.3,5.3,0,910,0
868.9,800,1.28,4.31,3.9,5.3,0,910,0
869.09,840,1.28,4.31,4.3,6,0,910,0
869.27,840,1.28,4.22,4.3,4.5,0,910,0
869.48,800,1.28,4.36,4.3,4.5,0,910,0
869.67,800,1.28,4.31,4.3,5.3,0,910,0
869.85,800,1.28,4.39,4.3,3.8,0,910,0
870.06,800,1.28,4.42,4.3,3.8,0,910,0
870.25,800,1.28,4.31,4.3,3,0,910,0
870.43,800,1.28,4.14,4.3,3.8,0,910,0
870.64,840,1.28,4.31,4.3,4.5,0,910,0
870.82,840,1.28,4.19,4.3,4.5,0,910,0
871.03,840,1.28,4.17,4.3,4.5,0,910,0
871.21,840,1.28,4.39,4.3,6,0,910,0
871.4,840,1.28,4.47,4.3,3,0,910,0
871.61,840,1.28,4.31,4.3,2.3,0,910,0
871.79,840,1.28,4.39,4.3,3,0,910,0
871.98,840,1.28,4.31,4.3,2.3,0,910,0
872.18,840,1.28,4.42,4.3,2.3,0,910,0
872.37,840,1.28,4.44,4.3,3,0,910,0
872.56,840,1.28,4.22,4.3,3,0,910,0
872.76,840,1.28,4.31,4.3,5.3,0,910,0
872.95,840,1.28,4.31,4.3,3.8,0,910,0
873.15,800,1.28,4.22,4.3,3,0,910,0
873.34,800,1.28,4.11,4.3,6,0,910,0
873.54,800,1.28,4.5,4.3,6,0,910,0
873.75,840,1.28,4.39,4.3,4.5,0,910,0
873.93,840,1.28,4.53,4.3,3,0,910,0
874.12,840,1.28,4.33,4.3,2.3,0,910,0
874.33,800,1.28,4.33,4.3,3.8,0,910,0
874.51,800,1.28,4.31,4.3,5.3,0,910,0
874.71,800,1.28,4.28,4.3,3.8,0,910,0
874.9,800,1.28,4.19,3.9,3.8,0,910,0
875.09,800,1.28,4.11,3.9,5.3,0,910,0
875.29,800,1.28,4.47,3.9,6,0,910,0
875.49,800,1.28,4.39,4.3,4.5,0,910,0
875.68,800,1.28,4.22,4.3,4.5,0,910,0
875.88,800,1.28,4.31,4.3,5.3,0,910,0
876.07,800,1.28,4.25,4.3,6.8,0,910,0
876.26,800,1.28,4.22,4.3,5.3,0,910,0
876.46,800,1.28,4.17,4.3,4.5,0,910,0
876.66,800,1.28,4.31,4.3,6,0,910,0
876.87,800,1.28,4.11,4.3,5.3,0,910,0
877.05,840,1.28,4.31,4.3,5.3,0,910,0
877.24,800,1.28,4.47,4.3,5.3,0,910,0
877.45,840,1.28,4.31,4.3,4.5,0,910,0
877.64,800,1.28,4.47,4.3,4.5,0,910,0
877.82,840,1.28,4.44,4.3,3.8,0,910,0
878.03,800,1.28,4.25,4.3,3,0,910,0
878.21,800,1.28,4.44,4.3,4.5,0,910,0
878.4,840,1.28,4.42,4.3,4.5,0,910,0
878.61,840,1.28,4.31,4.3,3,0,910,0
878.8,800,1.28,4.31,4.3,4.5,0,910,0
879,800,1.28,4.39,4.3,4.5,0,910,0
879.18,800,1.28,4.42,4.3,3.8,0,910,0
879.37,800,1.28,4.31,4.3,3.8,0,910,0
879.57,840,1.28,4.28,4.3,4.5,0,910,0
879.76,840,1.28,4.25,4.3,5.3,0,910,0
879.95,800,1.28,4.31,4.3,5.3,0,910,0
880.15,840,1.28,4.44,4.3,5.3,0,910,0
880.34,800,1.28,4.42,4.3,4.5,0,910,0
880.52,840,1.28,4.31,4.3,4.5,0,910,0
880.73,840,1.28,4.33,4.3,3.8,0,910,0
880.91,800,1.28,4.39,4.3,4.5,0,910,0
881.12,840,1.28,4.31,4.3,4.5,0,910,0
881.31,840,1.28,4.42,4.3,3.8,0,910,0
881.5,800,1.28,4.36,4.3,3.8,0,910,0
881.7,800,1.28,4.36,4.3,3.8,0,910,0
881.89,800,1.28,4.33,4.3,3.8,0,910,0
882.08,800,1.28,4.39,4.3,3.8,0,910,0
882.29,800,1.28,4.36,4.3,5.3,0,910,0
882.48,800,1.28,4.39,4.3,4.5,0,910,0
882.69,800,1.28,4.28,4.3,5.3,0,910,0
882.87,800,1.28,4.28,4.3,5.3,0,910,0
883.06,800,1.28,4.25,4.3,6,0,910,0
883.26,800,1.28,4.47,4.3,5.3,0,910,0
883.45,800,1.28,4.42,4.3,3.8,0,910,0
883.64,800,1.28,4.31,4.3,4.5,0,910,0
883.84,800,1.28,4.33,4.3,5.3,0,910,0
884.03,800,1.28,4.33,4.3,5.3,0,910,0
884.21,800,1.28,4.42,4.3,6,0,910,0
884.42,800,1.28,4.31,4.3,5.3,0,910,0
884.6,800,1.28,4.28,4.3,6,0,910,0
884.81,800,1.28,4.31,4.3,5.3,0,910,0
885,800,1.28,4.19,4.3,6.8,0,910,0
885.18,840,1.28,4.42,4.3,6,0,910,0
885.39,800,1.28,4.39,4.3,5.3,0,910,0
885.57,800,1.28,4.31,4.3,4.5,0,910,0
885.76,840,1.28,4.36,4.3,5.3,0,910,0
885.98,840,1.28,4,4.3,4.5,0,910,0
886.17,840,1.28,4.39,4.3,6,0,910,0
886.36,840,1.28,4.39,4.3,4.5,0,910,0
886.56,840,1.28,4.47,4.3,4.5,0,910,0
886.74,840,1.28,4.56,4.3,1.5,0,910,0
886.95,840,1.28,4.56,4.3,2.3,0,910,0
887.14,840,1.28,4.5,4.3,3,0,910,0
887.32,840,1.28,4.44,4.3,2.3,0,910,0
887.54,840,1.28,4.31,4.3,2.3,0,910,0
887.73,840,1.28,4.31,4.3,3,0,910,0
887.92,840,1.28,4.31,4.3,3.8,0,910,0
888.12,840,1.28,4.42,4.3,5.3,0,910,0
888.31,840,1.28,4.47,4.3,4.5,0,910,0
888.51,800,1.28,4.22,4.3,3,0,910,0
888.72,800,1.28,4.36,4.3,4.5,0,910,0
888.9,800,1.28,4.28,4.3,4.5,0,910,0
889.1,840,1.28,4.28,4.3,4.5,0,910,0
889.3,840,1.28,4.36,4.3,4.5,0,910,0
889.48,800,1.28,4.33,4.3,3.8,0,910,0
889.69,800,1.28,4.31,4.3,5.3,0,910,0
889.87,800,1.28,4.25,4.3,4.5,0,910,0
890.08,800,1.28,4.39,4.3,4.5,0,910,0
890.26,800,1.28,4.19,4.3,5.3,0,910,0
890.45,800,1.28,4.36,4.3,5.3,0,910,0
890.66,800,1.28,4.39,4.3,4.5,0,910,0
890.85,800,1.28,4.31,4.3,4.5,0,910,0
891.04,800,1.28,4.33,4.3,5.3,0,910,0
891.25,800,1.28,4.36,4.3,5.3,0,910,0
891.43,800,1.28,4.19,4.3,4.5,0,910,0
891.64,840,1.28,4.28,4.3,5.3,0,910,0
891.82,800,1.28,4.39,4.3,5.3,0,910,0
892.01,840,1.28,4.19,4.3,4.5,0,910,0
892.22,840,1.28,4.22,4.3,5.3,0,910,0
892.4,840,1.28,4.44,4.3,6,0,910,0
892.59,840,1.28,4.53,4.3,5.3,0,910,0
892.79,840,1.28,4.61,4.3,3.8,0,910,0
892.98,840,1.28,4.67,4.3,3,0,910,0
893.17,840,1.28,4.36,4.3,2.3,0,910,0
893.37,800,1.28,4.53,4.3,3.8,0,910,0
893.56,840,1.28,4.44,4.3,3,0,910,0
893.76,800,1.28,4.47,4.3,3,0,910,0
893.95,800,1.28,4.31,4.3,2.3,0,910,0
894.14,800,1.28,4.42,3.9,4.5,0,910,0
894.34,800,1.28,4.31,3.9,5.3,0,910,0
894.53,800,1.28,4.28,4.3,6,0,910,0
894.71,800,1.28,4.36,4.3,6.8,0,910,0
894.92,800,1.28,4.39,4.3,4.5,0,910,0
895.1,800,1.28,4.31,4.3,4.5,0,910,0
895.29,800,1.28,4.36,4.3,6,0,910,0
895.49,800,1.28,4.44,4.3,5.3,0,910,0
895.68,800,1.28,4.31,4.3,4.5,0,910,0
895.89,840,1.28,4.47,4.3,4.5,0,910,0
896.07,800,1.28,4.36,4.3,3.8,0,910,0
896.25,800,1.28,4.25,4.3,4.5,0,910,0
896.46,840,1.28,4.47,4.3,4.5,0,910,0
896.65,800,1.28,4.42,4.3,4.5,0,910,0
896.84,800,1.28,4.36,4.3,6,0,910,0
897.05,840,1.28,4.31,4.3,5.3,0,910,0
897.24,800,1.28,4.47,4.3,5.3,0,910,0
897.42,840,1.28,4.42,4.3,5.3,0,910,0
897.64,840,1.28,4.42,4.3,3.8,0,910,0
897.83,840,1.28,4.36,4.3,3.8,0,910,0
898.04,840,1.28,4.36,4.3,3.8,0,910,0
898.23,800,1.28,4.47,4.3,3.8,0,910,0
898.42,800,1.28,4.5,4.3,5.3,0,910,0
898.64,800,1.28,4.5,4.3,3.8,0,910,0
898.83,800,1.28,4.44,4.3,4.5,0,910,0
899.01,840,1.28,4.28,4.3,4.5,0,910,0
899.22,800,1.28,4.44,4.3,3.8,0,910,0
899.42,840,1.28,4.39,4.3,4.5,0,910,0
899.62,840,1.28,4.36,4.3,4.5,0,910,0
899.82,840,1.28,4.36,4.3,3.8,0,910,0
900.01,840,1.28,4.33,4.3,3.8,0,910,0
900.21,840,1.28,4.58,4.3,3.8,0,910,0
900.42,840,1.28,4.53,4.3,3,0,910,0
900.6,840,1.28,4.58,4.3,3,0,910,0
900.81,800,1.28,4.53,4.3,2.3,0,910,0
900.99,800,1.28,4.42,4.3,3,0,910,0
901.18,800,1.28,4.25,4.3,3,0,910,0
901.38,800,1.28,4.25,3.9,4.5,0,910,0
901.57,800,1.28,4.22,3.9,6.8,0,910,0
901.79,800,1.28,4.47,4.3,6.8,0,910,0
902,800,1.28,4.31,4.3,5.3,0,910,0
902.19,800,1.28,4.39,4.3,4.5,0,910,0
902.39,800,1.28,4.53,4.3,4.5,0,910,0
902.57,800,1.28,4.28,4.3,4.5,0,910,0
902.76,840,1.28,4.33,4.3,4.5,0,910,0
902.96,800,1.28,4.39,4.3,6,0,910,0
903.15,800,1.28,4.31,4.3,6.8,0,910,0
903.36,800,1.28,4.31,4.3,6,0,910,0
903.56,800,1.28,4.42,4.3,6,0,910,0
903.75,840,1.28,4.33,4.3,4.5,0,910,0
903.95,840,1.28,4.47,4.3,4.5,0,910,0
904.14,840,1.28,4.14,4.3,3.8,0,910,0
904.32,840,1.28,4.31,4.3,4.5,0,910,0
904.53,840,1.28,4.33,4.3,3.8,0,910,0
904.71,840,1.28,4.31,4.3,4.5,0,910,0
904.9,840,1.28,4.31,4.3,3.8,0,910,0
905.1,840,1.28,4.47,4.3,3.8,0,910,0
905.29,840,1.28,4.36,4.3,3,0,910,0
905.49,840,1.28,4.44,4.3,3,0,910,0
905.68,840,1.28,4.25,4.3,4.5,0,910,0
905.87,840,1.28,4.56,4.3,3.8,0,910,0
906.07,800,1.28,4.31,4.3,3,0,910,0
906.26,840,1.28,4.17,4.3,4.5,0,910,0
906.45,840,1.28,4.42,4.3,4.5,0,910,0
906.65,840,1.28,4.39,4.3,3.8,0,910,0
906.84,840,1.28,4.33,4.3,4.5,0,910,0
907.03,840,1.28,4.44,4.3,4.5,0,910,0
907.23,800,1.28,4.39,4.3,3.8,0,910,0
907.42,840,1.28,4.53,4.3,4.5,0,910,0
907.62,840,1.28,4.36,4.3,3,0,910,0
907.81,800,1.28,4.5,4.3,3.8,0,910,0
908.01,840,1.28,4.42,4.3,3.8,0,910,0
908.21,840,1.28,4.44,4.3,3.8,0,910,0
908.4,800,1.28,4.25,4.3,3.8,0,910,0
908.59,800,1.28,4.28,4.3,4.5,0,910,0
908.81,840,1.28,4.22,4.3,5.3,0,910,0
909.03,840,1.28,4.31,3.9,6,0,910,0
909.23,800,1.28,4.31,4.3,6,0,910,0
909.42,800,1.28,4.31,4.3,4.5,0,910,0
909.6,800,1.28,4.39,4.3,5.3,0,910,0
909.81,800,1.28,4.31,4.3,4.5,0,910,0
910,800,1.28,4.39,4.3,4.5,0,910,0
910.18,800,1.28,4.33,4.3,4.5,0,910,0
910.39,800,1.28,4.33,4.3,5.3,0,910,0
910.58,840,1.28,4.39,4.3,4.5,0,910,0
910.78,840,1.28,4.33,4.3,4.5,0,910,0
910.97,840,1.28,4.28,4.3,4.5,0,910,0
911.15,840,1.28,4.22,4.3,3.8,0,910,0
911.36,800,1.28,4.31,4.3,5.3,0,910,0
911.55,840,1.28,4.39,4.3,5.3,0,910,0
911.73,840,1.28,4.36,4.3,3,0,910,0
911.93,800,1.28,4.39,4.3,3.8,0,910,0
912.12,840,1.28,4.33,4.3,4.5,0,910,0
912.31,840,1.28,4.42,4.3,3.8,0,910,0
912.51,840,1.28,4.36,4.3,3.8,0,910,0
912.7,840,1.28,4.22,3.9,3.8,0,910,0
912.9,800,1.28,4.36,3.9,3.8,0,910,0
913.09,800,1.28,4.28,3.9,4.5,0,910,0
913.28,800,1.28,4.39,4.3,4.5,0,910,0
913.48,800,1.28,4.31,3.9,4.5,0,910,0
913.67,800,1.28,4.33,4.3,4.5,0,910,0
913.85,840,1.02,4.25,4.3,3.8,0,910,0
914.07,800,1.28,4.33,3.9,4.5,0,910,0
914.27,800,1.28,4.17,3.9,4.5,0,910,0
914.47,800,1.28,4.31,3.9,4.5,0,910,0
914.65,800,1.28,4.31,3.9,4.5,0,910,0
914.84,800,1.28,4.31,3.9,5.3,0,910,0
915.04,800,1.28,4.36,3.9,3.8,0,910,0
915.23,800,1.28,4.31,3.9,4.5,0,910,0
915.42,800,1.28,4.22,3.9,5.3,0,910,0
915.62,800,1.02,3.94,3.9,5.3,0,910,0
915.81,800,1.28,4.36,3.9,6.8,0,910,0
915.99,800,1.28,4.14,3.9,5.3,0,910,0
916.2,800,1.28,4.31,3.9,4.5,0,910,0
916.38,800,1.02,4.22,3.9,6,0,910,0
916.6,840,1.02,4.19,3.9,6,0,910,0
916.79,840,1.28,4.33,4.3,6.8,0,910,0
916.98,840,1.28,4.33,4.3,4.5,0,910,0
917.18,840,1.28,4.39,4.3,3.8,0,910,0
917.37,800,1.28,4.33,4.3,3,0,910,0
917.56,840,1.28,4.42,4.3,4.5,0,910,0
917.76,840,1.28,4.06,4.3,3,0,910,0
917.97,840,1.28,4.36,4.3,3.8,0,910,0
918.18,840,1.28,4.28,4.3,3.8,0,910,0
918.37,840,1.28,4.39,3.9,3.8,0,910,0
918.57,840,1.28,4.36,4.3,3,0,910,0
918.78,800,1.28,4.28,3.9,2.3,0,910,0
918.96,800,1.02,4.06,3.9,4.5,0,910,0
919.15,840,1.28,4.17,3.9,5.3,0,910,0
919.35,840,1.28,4.28,3.9,5.3,0,910,0
919.54,800,1.28,4.33,3.9,5.3,0,910,0
919.76,800,1.02,4.31,4.3,4.5,0,910,0
919.95,800,1.28,4.11,3.9,4.5,0,910,0
920.13,840,1.28,4.14,3.9,4.5,0,910,0
920.34,840,1.02,4.06,3.9,3.8,0,910,0
920.53,800,1.02,4.17,3.9,4.5,0,910,0
920.71,800,1.28,4.25,3.9,4.5,0,910,0
920.93,800,1.28,4.25,3.9,4.5,0,910,0
921.12,840,1.28,4.14,3.9,5.3,0,910,0
921.31,840,1.02,4.31,3.9,4.5,0,910,0
921.51,800,1.28,4.25,3.9,4.5,0,910,0
921.71,840,1.28,4.25,3.9,4.5,0,910,0
921.92,800,1.02,4.25,3.9,3,0,910,0
922.11,840,1.28,4.36,3.9,4.5,0,910,0
922.3,840,1.28,4.17,3.9,3,0,910,0
922.49,800,1.28,4.06,3.9,4.5,0,910,0
922.68,840,1.02,4.22,3.9,6,0,910,0
922.87,840,1.02,4.17,3.9,4.5,0,910,0
923.08,840,1.28,4.19,3.9,3.8,0,910,0
923.26,840,1.28,4.28,3.9,4.5,0,910,0
923.47,840,1.28,4.39,3.9,3,0,910,0
923.65,800,1.28,4.31,3.9,3,0,910,0
923.84,840,1.28,4.31,3.9,3,0,910,0
924.06,840,1.28,4.33,3.9,3,0,910,0
924.24,800,1.28,4.17,3.9,2.3,0,910,0
924.43,840,1.02,4.03,3.9,4.5,0,910,0
924.65,800,1.02,3.89,3.9,5.3,0,910,0
924.84,800,1.28,4.33,3.9,7.5,0,910,0
925.05,800,1.28,4.31,3.9,4.5,0,910,0
925.23,800,1.02,4.25,3.9,4.5,0,910,0
925.42,800,1.02,4.22,3.9,3.8,0,910,0
925.62,800,1.28,4.08,3.9,3,0,910,0
925.8,800,1.28,4.31,3.9,4.5,0,910,0
926,800,1.28,4.56,4.3,4.5,0,910,0
926.2,840,1.28,4.5,4.3,1.5,0,910,0
926.38,840,1.28,4.53,4.3,0.8,0,910,0
926.58,840,1.28,4.36,4.3,0,0,910,0
926.78,840,1.28,4.5,4.3,-0.8,0,910,0
926.97,840,1.28,4.53,4.3,-0.8,0,910,0
927.17,840,1.28,4.58,4.3,-1.5,0,910,0
927.37,840,1.28,4.44,4.3,-1.5,0,910,0
927.56,840,1.28,4.36,4.3,-1.5,0,910,0
927.76,840,1.28,4.33,4.3,0,0,910,0
927.95,840,1.28,4.33,4.3,0,0,910,0
928.13,840,1.28,4.19,3.9,1.5,0,910,0
928.34,840,1.28,4.31,4.3,0,0,910,0
928.54,840,1.28,4.25,4.3,0,0,910,0
928.76,800,1.28,4.42,4.3,0,0,910,0
928.95,840,1.28,4.25,4.3,-0.8,0,910,0
929.14,840,1.28,4.36,4.3,-0.8,0,910,0
929.36,800,1.28,4.31,3.9,-0.8,0,910,0
929.55,800,1.28,4.44,3.9,0,0,910,0
929.73,800,1.28,4.44,3.9,0,0,910,0
929.93,800,1.28,4.28,3.9,-0.8,0,910,0
930.12,800,1.02,4.33,3.9,-0.8,0,910,0
930.31,800,1.28,4.25,3.9,0,0,910,0
930.51,800,1.28,4.33,3.9,0.8,0,910,0
930.72,800,1.02,4.28,3.9,0,0,910,0
930.93,800,1.02,4.22,3.9,0.8,0,910,0
931.12,800,1.28,4.19,3.9,0.8,0,910,0
931.31,800,1.28,4.31,3.9,1.5,0,910,0
931.53,800,1.02,4.28,3.9,1.5,0,910,0
931.71,800,1.02,4.31,3.9,0,0,910,0
931.92,800,1.28,4.03,3.9,0.8,0,910,0
932.1,800,1.02,4.19,3.9,1.5,0,910,0
932.3,800,1.02,4.31,3.9,0.8,0,910,0
932.49,800,1.02,4.19,3.9,0,0,910,0
932.68,800,1.28,4.25,3.9,1.5,0,910,0
932.87,800,1.28,4.31,3.9,0.8,0,910,0
933.07,800,1.28,4.31,3.9,0.8,0,910,0
933.26,800,1.28,4.28,3.9,0,0,910,0
933.45,800,1.02,4.31,3.9,0,0,910,0
933.65,800,1.28,4.28,3.9,0.8,0,910,0
933.84,800,1.28,4.19,3.9,0,0,910,0
934.04,800,1.28,4.33,3.9,-0.8,0,910,0
934.22,800,1.28,4.25,3.9,0,0,910,0
934.42,800,1.28,4.17,3.9,0.8,0,910,0
934.62,800,1.28,4.14,3.9,0.8,0,910,0
934.8,800,1.02,3.89,3.9,0.8,0,910,0
935,800,1.02,3.92,3.9,3,0,910,0
935.23,840,1.02,4.33,3.9,3,0,910,0
935.42,840,1.28,4.36,3.9,1.5,0,910,0
935.62,960,2.04,10.11,7.1,6,0,910,0
935.81,1320,2.04,11.11,11.4,15.8,0,910,0
936,1640,2.04,15.42,12.5,18.8,0,910,0
936.21,1840,2.04,16.61,13.7,14.3,0,920,0
936.4,1920,1.79,17.11,13.7,17.3,0,940,0
936.59,1880,1.79,17.03,13.7,18,0,950,0
936.81,1800,1.79,15.75,13.3,17.3,1,970,0
937.01,1720,1.79,15.33,12.9,18.8,2,970,0
937.2,1640,2.04,15.56,12.9,18,2,980,0
937.4,1560,2.04,15.06,12.5,18,4,980,0
937.59,1520,2.04,14.92,12.5,17.3,5,990,0
937.8,1440,2.04,13.97,11.8,17.3,6,990,0
937.98,1360,2.04,13.75,12.2,20.3,7,990,0
938.17,1280,2.04,12.92,12.5,19.5,8,990,0
938.37,1320,2.29,12.92,12.2,17.3,9,980,0
938.56,1480,2.29,16.25,13.7,18.8,11,980,0
938.75,1560,2.04,16.86,14.5,18.8,12,990,0
938.95,1680,2.29,18.75,15.7,21,13,1000,0
939.14,1800,2.29,21.08,16.5,21.8,14,1000,0
939.33,1960,2.29,23,17.3,24,15,1020,0
939.53,2080,2.29,24.86,18,24.8,16,1030,0
939.72,2200,2.04,26.42,19.2,26.3,17,1050,0
939.91,2360,2.29,28.31,19.6,26.3,18,1070,0
940.1,2520,2.29,30.94,20.4,24,19,1080,0
940.29,2640,2.29,33.53,21.2,23.3,21,1090,0
940.51,2840,2.29,38.56,22.7,23.3,22,1100,0
940.7,3000,2.29,40.58,25.1,22.5,23,1110,0
940.88,3160,2.55,46.08,26.3,22.5,25,1120,0
941.09,3400,2.55,47.89,27.5,23.3,26,1120,0
941.28,3560,2.29,48.94,28.2,23.3,28,1120,0
941.48,3720,2.29,51.19,28.6,24,29,1120,0
941.67,3920,2.29,53.08,29.8,24,31,1110,0
941.85,4040,2.04,47.06,30.6,24,32,1140,0
942.06,3800,0,11.56,18.4,27.8,34,1130,0
942.24,3480,0,11.67,10.2,-3,35,1060,0
942.43,3160,0,12.03,10.6,-3.8,35,1010,0
942.64,2880,0.77,11.44,9.8,-3.8,36,990,0
942.82,2680,0.77,10.14,9,7.5,36,980,0
943.02,2560,1.79,22.5,11,18.8,36,940,0
943.21,2600,2.55,36.61,23.9,16.5,36,940,0
943.4,2720,2.81,42.78,28.6,18,36,1000,0
943.61,2760,3.06,45.81,34.1,17.3,37,1080,0
943.79,2840,2.81,47.14,34.9,18,38,1130,0
943.98,2920,2.81,46.5,34.9,18.8,39,1150,0
944.18,3040,2.81,51.61,36.9,21,40,1180,0
944.37,3120,2.81,52.86,38,21.8,42,1200,0
944.55,3200,2.81,54.56,38.8,21.8,43,1210,0
944.76,3320,2.81,56.89,39.2,21,44,1230,0
944.95,3400,2.81,58.08,40,21,46,1240,0
945.13,3520,2.81,59.86,40,21.8,47,1240,0
945.34,3600,2.81,64.17,42,21,48,1240,0
945.53,3720,2.81,62,42.4,21,50,1250,0
945.75,3840,2.81,62.47,41.6,21.8,51,1240,0
945.95,3920,2.81,65.78,40.4,21.8,53,1240,0
946.14,4000,2.81,66.19,39.2,21.8,54,1250,0
946.36,4080,2.55,60.28,37.3,21.8,55,1250,0
946.55,4160,2.55,57.81,34.1,24,57,1200,0
946.74,4200,1.79,42.47,27.1,21.8,58,1190,0
946.95,4240,1.79,39.69,22,24.8,59,1150,0
947.14,4280,1.53,39.17,21.2,28.5,60,1130,0
947.34,4280,1.53,37.17,20.8,29.3,60,1130,0
947.53,4320,1.53,36.5,20.4,30,60,1130,0
947.73,4320,1.53,35.36,20,30.8,61,1130,0
947.94,4360,1.53,35.72,19.6,30,61,1120,0
948.12,4360,1.53,35.64,19.2,30,61,1120,0
948.31,4360,1.28,35.33,19.2,30,62,1120,0
948.51,4400,1.28,33.28,19.2,30.8,62,1120,0
948.72,4400,1.28,33.47,18.8,30.8,62,1120,0
948.93,4440,1.28,33.72,18.8,30.8,62,1120,0
949.12,4440,1.28,33.28,18.8,30.8,63,1120,0
949.31,4240,0,12.06,10.6,31.5,63,1080,0
949.51,3920,0,15.08,12.2,-0.8,63,1030,0
949.7,3560,0,14.58,11.8,-2.3,63,1000,0
949.89,3240,0.77,13.03,11,-3.8,63,990,0
950.09,3040,0.77,12.03,10.2,8.3,62,980,0
950.28,3200,2.04,30.19,14.9,24.8,62,930,0
950.48,3120,2.55,42.28,24.3,18.8,62,980,0
950.67,3160,2.81,51.08,29.8,18.8,63,1060,0
950.86,3200,2.81,48.67,32.2,20.3,63,1120,0
951.07,3240,2.29,43.97,28.2,21,64,1150,0
951.26,3280,2.55,45.19,25.5,22.5,65,1140,0
951.45,3320,2.29,43.83,25.5,23.3,65,1140,0
951.65,3320,2.29,45.25,24.7,23.3,66,1140,0
951.84,3360,2.29,42.61,24.7,23.3,67,1140,0
952.03,3400,2.29,42.72,23.5,23.3,67,1140,0
952.23,3440,2.29,40.53,23.1,24,68,1140,0
952.42,3440,2.04,40.78,22.4,25.5,69,1140,0
952.62,3480,2.04,39.14,22,25.5,69,1130,0
952.81,3520,2.29,41.58,22.7,25.5,70,1130,0
952.99,3520,2.29,48.39,24.3,24.8,70,1120,0
953.19,3560,2.29,48.39,27.5,24,71,1120,0
953.39,3600,2.29,50.28,27.8,24,72,1120,0
953.57,3640,2.29,50.19,28.2,24,72,1120,0
953.78,3680,2.29,50.31,28.6,24,73,1120,0
953.97,3720,2.29,50.78,29.4,24,74,1120,0
954.15,3760,2.29,48.81,28.6,24,75,1130,0
954.36,3800,2.29,49.69,28.6,24,75,1130,0
954.55,3840,2.29,49.53,27.5,24,76,1130,0
954.74,3880,2.29,49.78,26.7,24,77,1140,0
954.93,3880,2.29,48.5,25.9,24.8,78,1130,0
955.12,3920,2.29,50.53,26.7,26.3,78,1120,0
955.32,3960,2.29,55.03,30.2,25.5,79,1120,0
955.51,4000,2.29,56.92,31.4,25.5,80,1110,0
955.7,4040,2.29,57.67,36.5,25.5,80,1110,0
955.9,4080,2.55,59,37.3,25.5,81,1120,0
956.09,4120,2.55,60.06,38.4,25.5,82,1120,0
956.28,4160,2.55,65.42,42.4,25.5,83,1110,0
956.49,4240,2.81,71.89,46.7,25.5,84,1210,0
956.69,4280,3.06,81.28,45.5,25.5,85,1290,0
956.89,4360,3.57,98.94,46.3,22.5,85,1390,0
957.07,4440,4.08,113.78,98,18,87,1600,0
957.26,4520,4.59,124.14,98.8,11.3,88,1760,0
957.47,4600,4.84,129.14,98,9,89,1870,0
957.65,4680,5.1,133.61,97.3,6.8,91,1910,0
957.84,4720,5.36,136.06,96.5,6,93,1940,0
958.06,4840,5.36,139.86,96.1,6.8,94,1930,0
958.25,4920,5.61,140,96.1,6,96,1940,0
958.49,5040,5.61,140.25,96.5,5.3,98,1920,0
958.68,5080,5.61,141.25,98,8.3,100,1900,0
958.87,5160,5.36,142.69,96.9,6.8,101,1870,0
959.07,5240,5.61,145.06,98,9,103,1850,0
959.26,5280,4.34,95.36,98,8.3,105,1830,0
959.45,5040,0,3.83,22.4,6.8,106,1600,0
959.66,4680,0,7.19,9,4.5,106,1250,0
959.85,4320,0,13.17,11.8,0.8,106,1110,0
960.05,3920,0.51,15.72,12.2,-0.8,106,1050,0
960.24,3920,0.51,14.72,11.8,3,106,1020,0
960.43,3840,0.51,15.06,11.4,12,106,1000,0
960.63,3880,0.51,15.81,11.8,11.3,106,990,0
960.83,3880,0.51,15.75,12.2,9,105,980,0
961.03,3840,0.51,15.39,11.8,8.3,105,970,0
961.24,3840,0.51,16.08,12.2,8.3,105,970,0
961.45,3800,0.77,16.39,12.2,2.3,104,970,0
961.64,3840,0.51,15.75,11.8,15,104,990,0
961.86,3760,0.51,15.03,11.4,17.3,104,990,0
962.05,3760,0.51,15.11,11,0.8,103,990,0
962.25,3760,0.51,15,11,2.3,103,990,0
962.44,3760,0.51,14.06,11,2.3,103,990,0
962.62,3760,0.51,14.39,10.6,3,102,990,0
962.82,3720,0.51,13.86,10.6,3,102,990,0
963.01,3720,0.51,13.89,10.6,0,102,990,0
963.2,3720,0.51,14.19,10.6,-3.8,101,990,0
963.4,3680,0.51,13.69,10.6,-3.8,101,990,0
963.59,3680,0,13.72,10.6,9,101,990,0
963.79,3680,0,13.47,10.2,-0.8,100,990,0
963.98,3640,0,13.39,10.2,-3.8,100,980,0
964.16,3640,0,12.92,10.2,-3,99,980,0
964.37,3600,0,12.83,10.2,-3,99,980,0
964.56,3600,0,12.72,10.2,-3,98,980,0
964.75,3560,0,12.83,10.2,-3,98,980,0
964.95,3560,0,12.28,10.2,-3,98,980,0
965.13,3520,0,12.64,10.2,-3,97,970,0
965.33,3520,0,12.75,10.2,-3,97,970,0
965.53,3520,0,12.47,9.8,-3,96,970,0
965.71,3480,0,12.94,9.8,-3,96,970,0
965.92,3480,0,12.08,9.8,-3,95,970,0
966.12,3440,0,12.39,9.8,-3.8,95,970,0
966.31,3440,0,12.17,9.8,-3.8,94,970,0
966.51,3400,0,11.89,9.8,-3.8,94,960,0
966.7,3400,0,12.28,9.8,-3.8,93,960,0
966.89,3400,0,11.72,9.8,-3.8,93,960,0
967.1,3360,0,11.81,9.8,-3.8,92,960,0
967.29,3360,0,11.86,9.4,-3.8,92,960,0
967.5,3320,0,11.39,9.4,-3.8,91,960,0
967.68,3320,0,11.81,9.4,-3.8,91,960,0
967.87,3280,0,11.44,9.4,-3.8,90,960,0
968.08,3280,0,11.33,9.4,-3.8,90,960,0
968.28,3240,0,11.39,9.4,-3.8,89,960,0
968.46,3240,0,11.36,9.4,-3.8,89,960,0
968.67,3200,0,11.39,9.4,-3.8,88,960,0
968.85,3200,0,11.28,9.4,-3.8,88,960,0
969.05,3200,0,11.08,9,-3.8,87,960,0
969.24,3160,0,11.44,9,-3.8,87,960,0
969.43,3160,0,11.25,9,-3.8,86,960,0
969.63,3120,0,11.28,9,-3.8,86,960,0
969.82,3120,0,11.19,9,-3.8,85,960,0
970.01,3080,0,10.78,9,-3.8,85,960,0
970.21,3080,0,10.64,9,-3.8,84,960,0
970.42,3040,0,10.67,9,-3.8,84,960,0
970.61,3040,0,10.58,9,-3.8,83,960,0
970.81,3000,0,10.36,8.6,-3.8,83,960,0
971,3000,0,10.44,8.6,-3.8,82,960,0
971.2,3000,0.51,11.19,8.6,-3.8,82,960,0
971.38,2960,0.51,10.25,8.6,-2.3,81,960,0
971.57,2960,0.51,10,8.6,1.5,81,960,0
971.78,2960,0.77,13.25,9,12,81,960,0
971.96,3000,1.02,15.22,11.4,12,80,960,0
972.15,2960,1.28,22.31,13.3,25.5,80,950,0
972.37,2920,1.53,24.42,16.5,19.5,80,970,0
972.56,2920,1.53,24.11,16.1,25.5,80,1000,0
972.76,2920,1.53,24.11,15.7,28.5,80,1030,0
972.95,2920,1.28,23.75,15.7,30.8,80,1040,0
973.14,2920,1.28,23.75,15.7,31.5,80,1050,0
973.34,2920,1.28,22.78,15.3,31.5,80,1060,0
973.53,2920,1.28,22.86,15.3,32.3,80,1060,0
973.72,2920,1.28,23.56,15.3,32.3,80,1060,0
973.92,2920,1.53,26.19,16.1,30,80,1060,0
974.11,2920,1.53,27.39,16.9,29.3,80,1070,0
974.3,2920,1.53,27.69,17.3,28.5,80,1080,0
974.5,2960,1.79,30.06,18.4,27,80,1100,0
974.69,2960,1.79,28.97,18,26.3,80,1110,0
974.89,2960,1.79,28.56,18,26.3,80,1110,0
975.08,2960,1.79,30,18,26.3,80,1110,0
975.26,2960,1.79,29.81,18.4,26.3,80,1110,0
975.46,3000,1.79,30.75,18.4,26.3,80,1110,0
975.65,3000,1.79,30.5,18.4,25.5,81,1110,0
975.84,3000,1.79,30.33,18.4,26.3,81,1110,0
976.04,3000,1.79,29.58,18.4,26.3,81,1110,0
976.23,3000,1.79,30.42,18.4,26.3,81,1110,0
976.42,3000,1.79,30.22,18.8,26.3,81,1110,0
976.62,3040,1.79,30.89,18.4,26.3,82,1110,0
976.81,3040,1.79,30.14,18,26.3,82,1110,0
977.03,3040,1.53,27.14,18,27,82,1110,0
977.22,3040,1.53,25.47,16.9,28.5,82,1110,0
977.4,3040,1.53,24.39,16.5,30,83,1100,0
977.62,3040,1.28,24.97,15.7,31.5,83,1090,0
977.81,3080,1.28,23.06,15.7,31.5,83,1090,0
977.99,3080,1.28,21.94,14.5,33,83,1080,0
978.2,3080,1.28,22.44,14.5,33.8,83,1070,0
978.39,3080,1.28,22.33,14.9,33,83,1070,0
978.59,3080,1.28,23.06,14.9,33,83,1070,0
978.78,3080,1.28,22.81,14.9,33,83,1070,0
978.96,3080,1.28,23,14.9,33,84,1070,0
979.18,3080,1.28,22.53,14.9,33,84,1070,0
979.37,3080,1.28,22.06,14.5,33,84,1070,0
979.56,3080,1.28,21.97,14.5,33.8,84,1070,0
979.76,3120,1.02,20.47,14.1,33.8,84,1070,0
979.94,3120,1.02,20.25,14.1,33.8,84,1060,0
980.13,3120,1.02,18.72,13.7,33.8,84,1060,0
980.36,3120,1.02,18.94,13.3,34.5,84,1050,0
980.54,3120,0.77,17.5,12.5,34.5,84,1040,0
980.75,3120,0.77,15.78,12.5,34.5,84,1040,0
980.93,3120,0.77,15.75,11.8,36,84,1030,0
981.12,3120,0.77,16.06,11.4,36,84,1020,0
981.32,3080,0.77,15.72,11.4,36,84,1010,0
981.51,3080,0.77,15.75,11.4,36,84,1010,0
981.69,3080,1.02,17.94,11.8,36,84,1000,0
981.9,3080,1.02,18.61,13.3,34.5,84,1010,0
982.09,3080,1.02,19.58,13.3,34.5,84,1010,0
982.3,3080,1.02,20.28,13.7,34.5,84,1020,0
982.48,3080,1.02,20.86,14.1,34.5,84,1030,0
982.67,3080,1.28,23.17,14.9,33.8,84,1040,0
982.89,3080,1.28,26.25,15.7,33,84,1050,0
983.07,3080,1.53,28.22,16.9,30.8,84,1070,0
983.26,3120,1.53,28.36,16.9,30,84,1090,0
983.46,3120,1.53,29.08,17.3,29.3,84,1100,0
983.65,3120,1.53,28.61,17.3,28.5,84,1110,0
983.84,3120,1.53,27.61,17.3,28.5,84,1110,0
984.04,3120,1.53,28.75,17.3,28.5,84,1110,0
984.23,3120,1.53,27.75,17.3,28.5,85,1110,0
984.43,3120,1.79,28.36,17.3,28.5,85,1110,0
984.61,3120,1.28,22.67,16.9,28.5,85,1110,0
984.81,3040,0.51,9.72,9.4,36,85,1060,0
985.01,2840,0.51,9.92,8.6,5.3,85,1030,0
985.2,2600,0.77,9.69,8.6,-4.5,85,1000,0
985.39,2440,0.77,8.75,8.2,-4.5,85,980,0
985.61,2440,0.51,8.36,7.8,4.5,84,960,0
985.8,2440,0.77,8.33,7.5,12,84,950,0
985.98,2440,1.02,12.22,7.8,17.3,84,940,0
986.18,2400,1.02,14,11,16.5,84,930,0
986.37,2440,1.02,11.92,11,15.8,84,950,0
986.58,2440,0.77,9.58,8.6,12.8,84,950,0
986.78,2400,0.77,9.19,7.8,14.3,83,950,0
986.96,2400,0.51,8.25,7.8,12,83,950,0
987.17,2400,0.51,8.5,7.5,13.5,83,940,0
987.36,2400,0.77,8.22,7.5,9.8,83,940,0
987.55,2400,0.51,8.25,7.1,7.5,83,940,0
987.75,2360,0.51,8.08,7.1,6.8,82,940,0
987.93,2360,0.51,8.17,7.1,5.3,82,940,0
988.15,2360,0.51,8.19,7.1,4.5,82,930,0
988.34,2360,0.51,7.69,7.1,5.3,82,930,0
988.53,2360,0.51,7.89,7.1,6.8,82,930,0
988.73,2360,0.51,7.67,7.1,9,81,930,0
988.92,2360,0.77,7.72,7.1,10.5,81,930,0
989.11,2360,0.77,8,7.1,9.8,81,930,0
989.31,2320,0.51,7.83,7.1,9,81,930,0
989.5,2320,0.51,7.44,7.1,10.5,81,930,0
989.68,2320,0.77,7.64,7.1,10.5,80,930,0
989.89,2320,0.77,7.69,7.1,10.5,80,930,0
990.07,2320,0.77,7.22,7.1,7.5,80,930,0
990.28,2280,0.51,7.83,6.7,-2.3,80,930,0
990.46,2280,0.51,7.47,6.7,-3,79,930,0
990.65,2280,0.51,7.47,7.1,-5.3,79,930,0
990.87,2280,0,7.97,7.1,3,79,930,0
991.06,2240,0,7.69,6.7,-5.3,78,930,0
991.24,2240,0,7.47,6.7,-5.3,78,930,0
991.45,2200,0,7.64,6.7,-5.3,77,930,0
991.64,2200,0,7.28,6.7,-5.3,77,940,0
991.82,2160,0,7.36,6.7,-5.3,76,940,0
992.03,2120,0,6.97,6.3,-5.3,75,940,0
992.23,2080,0,6.86,6.3,-4.5,74,940,0
992.43,2040,0,6.58,6.3,-5.3,73,940,0
992.62,2040,0,6.56,5.9,-5.3,72,940,0
992.81,2000,0,6.06,5.9,-5.3,71,940,0
993.01,1960,0,6.03,5.5,-4.5,70,940,0
993.2,1960,0,6.28,5.5,-5.3,69,940,0
993.38,1920,0,6.11,5.5,-5.3,68,940,0
993.61,1920,0,6.17,5.5,-5.3,67,940,0
993.8,1920,0,6.03,5.5,-5.3,67,940,0
994,1920,0,6.17,5.5,-6,66,940,0
994.18,1880,0,6.17,5.5,-6,66,940,0
994.38,1880,0,6,5.5,-6,66,940,0
994.58,1840,0.77,5.89,5.5,-6,65,940,0
994.77,1840,0.77,5.83,5.5,0,65,940,0
994.95,1840,1.02,7.19,5.5,6.8,64,940,0
995.15,1880,1.28,8.78,7.1,12,64,930,0
995.34,1840,1.53,11.72,9,15,64,930,0
995.53,1840,1.53,11.78,9.8,15,63,930,0
995.73,1800,1.53,12.83,10.2,15,63,930,0
995.92,1840,1.53,13.53,11,15.8,63,940,0
996.12,1840,1.79,15.78,11.4,21,63,940,0
996.31,1840,2.04,17.36,13.3,26.3,63,950,0
996.49,1840,2.29,19.06,14.9,26.3,63,960,0
996.7,1840,2.29,18.94,15.3,27,63,970,0
996.89,1840,2.29,21.44,16.9,25.5,63,980,0
997.07,1840,2.04,21.53,17.6,24.8,63,1000,0
997.28,1840,2.29,23.17,17.6,24.8,63,1020,0
997.47,1840,2.29,22.72,18,23.3,63,1030,0
997.65,1840,2.29,23.61,18.4,22.5,63,1050,0
997.86,1840,2.55,23.92,18.4,21.8,64,1060,0
998.05,1880,2.55,24.69,18.4,21.8,64,1070,0
998.25,1880,2.29,23.25,18.4,21.8,64,1080,0
998.43,1880,2.55,24.47,18,22.5,64,1080,0
998.62,1880,2.55,24.94,18.8,21.8,65,1090,0
998.84,1880,2.29,24.78,19.2,21.8,65,1090,0
999.03,1920,2.55,25.19,19.2,21,65,1090,0
999.22,1920,2.55,26.03,19.6,21,65,1100,0
999.42,1920,2.55,25.94,19.6,20.3,66,1100,0
999.61,1920,2.29,25.33,19.6,21,66,1100,0
999.81,1920,2.29,25.5,19.6,21,66,1100,0
1000,1960,2.55,25.83,20,21,66,1100,0
1000.18,1960,2.55,26.33,20,21,67,1100,0
1000.39,1960,2.55,26.31,20,21,67,1100,0
1000.57,1960,2.55,25.92,20.4,21,67,1100,0
1000.76,2000,1.53,12.47,16.9,23.3,68,1080,0
1000.97,1960,1.28,10.58,10.6,31.5,68,1050,0
1001.16,1960,0.77,8.19,8.2,33,68,1020,0
1001.35,1960,0.77,7.44,7.5,30.8,68,990,0
1001.56,1960,0.51,6.75,6.7,6,68,970,0
1001.74,1960,0.51,6,5.9,2.3,68,960,0
1001.95,1960,0.51,6.22,5.9,1.5,68,950,0
1002.13,1960,0.51,6.31,5.9,-1.5,67,940,0
1002.32,1960,0,6.72,5.9,-4.5,67,940,0
1002.54,1920,0,6.64,5.9,4.5,67,930,0
1002.73,1920,0,6.36,5.9,-5.3,67,930,0
1002.91,1920,0,8.08,5.9,-6,66,930,0
1003.12,1880,0,6.58,5.9,-6,66,940,0
1003.31,1880,0,6.44,5.5,-6,66,940,0
1003.5,1840,0,5.86,5.5,-6,65,940,0
1003.7,1800,0,5.86,5.5,-6.8,64,940,0
1003.9,1760,0,5.44,5.1,-7.5,63,940,0
1004.12,1680,0,5.47,5.1,-7.5,61,940,0
1004.31,1600,0,5.33,5.1,-7.5,59,940,0
1004.49,1560,0,4.97,4.7,-7.5,58,940,0
1004.7,1480,0,4.72,4.7,-6.8,56,940,0
1004.89,1440,0,4.58,4.3,-6.8,54,930,0
1005.08,1400,0,4.5,4.3,-6.8,52,930,0
1005.28,1320,0,3.97,3.9,-6.8,50,930,0
1005.47,1240,0,4.14,3.9,-8.3,48,930,0
1005.65,1200,0,3.75,3.9,-8.3,46,930,0
1005.85,1160,0.77,3.69,3.5,-8.3,43,930,0
1006.04,1080,1.02,4.81,3.9,-2.3,41,920,0
1006.26,1040,1.02,4.72,4.7,-3.8,39,920,0
1006.45,960,1.02,4.86,4.7,-3.8,37,920,0
1006.63,920,1.02,4.58,4.3,-3.8,36,920,0
1006.84,880,1.02,4.31,4.3,-2.3,34,920,0
1007.03,840,1.02,4.03,4.3,1.5,32,920,0
1007.22,840,1.02,4.17,3.9,5.3,30,920,0
1007.42,840,1.02,3.92,3.9,6.8,28,920,0
1007.61,840,1.53,5.81,3.9,9.8,27,910,0
1007.81,960,2.04,9.44,7.5,9,26,910,0
1007.99,1120,1.53,4.89,9,-12.8,24,920,0
1008.18,1040,1.02,3.89,4.3,-7.5,23,920,0
1008.39,920,1.02,3.47,2.7,-9.8,22,920,0
1008.57,840,1.02,3.69,3.9,8.3,21,920,0
1008.76,800,1.28,3.89,3.9,12.8,19,910,0
1008.96,760,1.28,4.36,3.9,19.5,17,910,0
1009.15,760,1.28,4.67,4.3,18.8,16,910,0
1009.34,840,1.53,4.92,4.7,12.8,14,910,0
1009.56,840,1.53,4.25,4.3,-1.5,12,910,0
1009.74,840,1.28,4.25,3.9,0.8,10,910,0
1009.95,840,1.28,4.36,3.9,2.3,9,910,0
1010.14,840,1.28,4.31,3.9,5.3,7,910,0
1010.33,840,1.28,4.19,3.9,6,6,910,0
1010.52,840,1.28,4.31,4.3,4.5,5,910,0
1010.71,840,1.53,4.39,4.3,3.8,4,910,0
1010.9,840,1.53,4.81,4.7,3.8,3,910,0
1011.1,840,1.53,4.64,4.7,0,3,910,0
1011.3,840,1.53,4.53,4.3,-1.5,2,910,0
1011.5,840,1.53,4.61,4.3,-2.3,2,910,0
1011.68,840,1.53,4.61,4.3,-2.3,2,910,0
1011.87,840,1.28,4.31,4.3,-1.5,1,910,0
1012.08,840,1.28,4.39,4.3,-1.5,1,910,0
1012.27,840,1.28,4.31,4.3,0,1,910,0
1012.46,840,1.28,4.31,4.3,0,1,910,0
1012.67,800,1.28,4.31,4.3,1.5,0,910,0
1012.85,800,1.28,4.42,4.3,0.8,0,910,0
1013.06,800,1.28,4.39,4.3,-0.8,0,910,0
1013.25,800,1.28,4.44,4.3,0,0,910,0
1013.43,800,1.28,4.25,4.3,0,0,910,0
1013.64,800,1.28,4.39,4.3,0,0,910,0
1013.84,800,1.28,4.19,4.3,0.8,0,910,0
1014.03,800,1.28,4.31,4.3,0.8,0,910,0
1014.23,800,1.28,4.28,4.3,0.8,0,910,0
1014.42,800,1.28,4.39,4.3,0.8,0,910,0
1014.66,800,1.28,4.28,4.3,0,0,910,0
1014.84,800,1.28,4.14,4.3,1.5,0,910,0
1015.03,800,1.28,4.31,4.3,0.8,0,910,0
1015.23,840,1.28,4.36,4.3,0.8,0,910,0
1015.42,840,1.28,4.36,4.3,0,0,910,0
1015.62,840,1.53,4.22,4.3,0,0,910,0
1015.83,880,2.04,8.22,8.2,6,0,910,0
1016.01,1120,1.79,7.39,7.8,3.8,0,910,0
1016.21,1280,1.28,6.64,6.3,-1.5,0,910,0
1016.4,1320,1.02,6.19,6.3,3.8,0,910,0
1016.59,1280,1.02,6.81,6.3,11.3,0,910,0
1016.79,1280,1.02,6.5,6.3,12.8,0,910,0
1016.98,1240,1.02,6.42,6.3,12,0,920,0
1017.17,1200,1.28,6.44,6.3,9.8,0,920,0
1017.37,1160,1.28,6.08,5.9,9.8,0,920,0
1017.56,1160,1.28,6.25,5.9,16.5,0,920,0
1017.75,1160,1.28,6.69,6.3,17.3,0,920,0
1017.94,1160,1.28,6.64,6.3,12.8,0,920,0
1018.13,1160,1.28,6.72,6.3,12,0,920,0
1018.34,1200,1.28,5.72,6.3,12,0,920,0
1018.52,1200,1.28,5.06,4.7,10.5,0,920,0
1018.71,1120,1.02,4.44,5.1,-0.8,0,920,0
1018.92,1000,1.02,4.17,3.5,-9,0,920,0
1019.1,960,1.02,4.33,4.3,3.8,0,920,0
1019.3,920,1.28,4.39,4.3,-0.8,0,920,0
1019.5,960,1.79,8.14,6.3,8.3,0,910,0
1019.69,1160,1.53,8.28,8.2,10.5,0,910,0
1019.87,1280,1.53,7.86,7.1,6,0,920,0
1020.09,1320,1.53,8.64,7.5,16.5,0,920,0
1020.27,1320,1.79,11.81,9.4,23.3,0,920,0
1020.48,1360,2.04,12.86,11,21.8,0,920,0
1020.67,1480,2.29,14.89,13.3,21.8,1,920,0
1020.85,1520,2.55,16.47,15.3,22.5,1,930,0
1021.06,1600,2.55,18.72,17.3,21,2,940,0
1021.24,1680,2.55,20.67,18.8,19.5,3,960,0
1021.43,1720,2.55,21.33,18,15,5,990,0
1021.64,1720,2.29,18.75,16.5,11.3,6,1020,0
1021.82,1680,2.29,18.17,15.3,23.3,7,1020,0
1022.02,1600,2.29,18.17,14.9,23.3,8,1030,0
1022.21,1520,2.55,17.53,15.3,20.3,10,1030,0
1022.4,1680,2.55,18.42,15.3,18.8,12,1030,0
1022.6,1800,2.29,21.39,17.3,21,13,1030,0
1022.8,1960,2.29,22.86,18,21.8,14,1050,0
1022.99,2080,2.29,24.5,18,26.3,16,1060,0
1023.2,2240,2.04,25.17,18,27,17,1070,0
1023.39,2400,2.04,27.61,18.8,26.3,18,1080,0
1023.59,2520,2.04,29,19.2,24,19,1090,0
1023.78,2680,2.04,30.06,19.6,24,21,1100,0
1023.97,2800,2.04,31.28,19.6,24,22,1110,0
1024.17,2960,2.04,32.67,20,24,23,1110,0
1024.35,3080,2.04,33.28,20.4,24,24,1120,0
1024.55,3200,2.04,36.75,20.4,24,26,1130,0
1024.76,3360,2.04,35.64,20.4,25.5,27,1130,0
1024.95,3320,0.77,14.25,15.3,28.5,28,1100,0
1025.16,3080,0.51,9.39,8.2,2.3,29,1060,0
1025.35,2800,0.51,10.5,9.4,-2.3,30,1010,0
1025.54,2600,0.77,9.64,8.6,-4.5,30,990,0
1025.74,2480,0.77,9.83,8.2,1.5,30,970,0
1025.94,2240,1.53,16.64,12.2,18.8,30,950,0
1026.12,2200,2.29,24.53,16.5,15,30,950,0
1026.32,2280,2.55,31.69,22.7,18,31,970,0
1026.51,2360,2.55,37.22,28.6,19.5,31,1020,0
1026.71,2440,2.55,38.33,31.8,20.3,32,1080,0
1026.9,2520,2.81,40.14,30.2,21,33,1120,0
1027.12,2600,2.81,42.36,29.8,19.5,34,1150,0
1027.32,2720,2.81,41.58,28.6,20.3,36,1180,0
1027.5,2800,2.55,40.17,27.5,21,37,1150,0
1027.7,2880,2.55,42.75,27.5,21.8,38,1140,0
1027.9,2960,2.55,41.56,26.3,21,40,1140,0
1028.09,3040,2.29,39.22,25.1,21.8,41,1140,0
1028.29,3120,2.29,39.58,22.7,23.3,42,1140,0
1028.48,3160,2.04,37.03,21.6,23.3,43,1140,0
1028.67,3120,0.77,9.97,20.8,24.8,44,1130,0
1028.87,3000,0.51,7.89,8.2,3,45,1070,0
1029.06,2760,0.51,9.75,8.6,-2.3,45,1020,0
1029.24,2560,0.51,9.22,8.6,-4.5,45,1000,0
1029.45,2400,0.77,8.5,7.8,-4.5,45,980,0
1029.63,2240,1.53,17.33,10.2,18,45,950,0
1029.82,2240,1.79,19.06,13.7,12,45,960,0
1030.03,2280,1.79,23.94,16.1,15,45,970,0
1030.21,2280,2.29,28.44,19.6,18.8,45,990,0
1030.42,2320,2.29,32.67,23.1,21.8,46,1020,0
1030.62,2360,2.55,34.83,24.3,21.8,46,1070,0
1030.8,2400,2.55,34,24.3,21.8,47,1100,0
1031.01,2400,2.55,34.19,23.9,21.8,48,1110,0
1031.2,2440,2.55,34.53,23.5,22.5,48,1120,0
1031.39,2520,2.55,35.78,23.5,22.5,49,1120,0
1031.59,2520,2.55,35.56,24.3,21.8,50,1120,0
1031.78,2560,2.55,36,24.3,21,51,1120,0
1031.98,2600,2.55,36.36,24.3,22.5,51,1120,0
1032.17,2640,2.55,36.64,24.3,22.5,52,1120,0
1032.36,2680,2.55,35.81,24.7,22.5,53,1120,0
1032.56,2720,2.55,37.11,25.1,22.5,53,1120,0
1032.74,2760,2.55,37.67,24.7,22.5,54,1130,0
1032.94,2800,2.29,36.72,23.5,22.5,55,1130,0
1033.15,2840,2.29,37.56,23.1,21.8,56,1130,0
1033.34,2880,2.29,37.08,23.1,22.5,57,1130,0
1033.53,2880,2.29,37,23.1,22.5,57,1130,0
1033.73,2920,2.29,37.47,23.1,22.5,58,1130,0
1033.92,2960,2.29,36.97,23.1,22.5,59,1130,0
1034.12,3000,2.29,39.39,23.1,24,59,1130,0
1034.31,3000,2.29,38.56,23.1,24,60,1130,0
1034.5,3040,2.29,39.5,23.1,24,61,1130,0
1034.69,3080,2.29,40.22,23.1,24,61,1130,0
1034.89,3120,2.29,40.44,23.1,24,62,1140,0
1035.07,3160,2.29,39.5,23.1,24,63,1140,0
1035.28,3200,2.29,40.81,23.1,24.8,63,1140,0
1035.46,3240,2.29,40.81,23.1,24.8,64,1140,0
1035.66,3240,2.29,40.64,23.1,25.5,65,1140,0
1035.87,3280,2.29,41.22,23.1,25.5,65,1140,0
1036.07,3320,2.29,42.06,23.5,24.8,66,1140,0
1036.28,3360,2.29,42.47,23.1,25.5,67,1140,0
1036.46,3400,2.29,41.64,23.1,26.3,67,1130,0
1036.65,3440,2.29,40.72,23.1,26.3,68,1130,0
1036.85,3440,2.29,43.06,23.5,26.3,69,1130,0
1037.05,3480,2.29,43.72,23.5,26.3,69,1130,0
1037.23,3520,2.29,43.69,23.9,26.3,70,1130,0
1037.43,3560,2.29,44.42,23.9,26.3,71,1130,0
1037.62,3560,2.29,44.42,24.3,26.3,71,1130,0
1037.82,3640,2.55,54.64,27.1,26.3,72,1100,0
1038.01,3680,2.55,57.42,36.9,24.8,73,1130,0
1038.2,3720,2.55,55.97,37.6,24,73,1130,0
1038.4,3760,2.55,64.44,41.2,24,74,1150,0
1038.59,3800,2.81,67.11,44.3,24.8,75,1220,0
1038.78,3840,2.81,72.14,43.5,24.8,76,1300,0
1038.98,3880,2.04,46.28,40,24,77,1420,0
1039.17,3720,0,4.94,14.9,24.8,78,1250,0
1039.35,3400,0,8.03,8.2,-3,78,1110,0
1039.55,3080,0,10.94,9.8,-3.8,78,1040,0
1039.74,2800,0.77,10.61,9.4,-3.8,78,1010,0
1039.94,2880,0.51,9.81,8.6,3.8,78,990,0
1040.14,2880,1.02,15.58,9.4,18.8,78,970,0
1040.33,2880,1.53,24.22,16.5,19.5,78,950,0
1040.52,2880,1.53,23.75,16.9,22.5,78,1000,0
1040.72,2880,1.28,18.61,15.7,28.5,78,1030,0
1040.9,2880,0.77,11.08,10.6,33.8,78,1040,0
1041.12,2840,0.77,9.44,7.8,36.8,78,1020,0
1041.3,2880,0.51,9.36,8.2,29.3,78,1000,0
1041.49,2840,0.77,9.97,8.2,20.3,78,990,0
1041.7,2840,0.77,9.72,8.2,6.8,78,980,0
1041.88,2840,0.77,10.19,8.2,0,77,970,0
1042.09,2800,0.51,9.58,8.2,-4.5,77,970,0
1042.28,2800,0.51,9.78,8.2,-4.5,77,960,0
1042.48,2800,0,10.19,8.2,1.5,77,960,0
1042.68,2760,0,9.78,8.2,-4.5,76,960,0
1042.87,2760,0,9.75,8.2,-4.5,76,960,0
1043.06,2760,0,9.61,8.2,-4.5,75,960,0
1043.28,2720,0,9.58,8.2,-4.5,75,960,0
1043.47,2720,0,9.89,7.8,-4.5,74,960,0
1043.67,2680,0,9.61,7.8,-4.5,74,960,0
1043.86,2680,0,9.17,7.8,-4.5,74,960,0
1044.04,2640,0.51,8.78,7.8,-4.5,73,960,0
1044.25,2640,0.77,9.06,7.8,-2.3,73,960,0
1044.44,2640,1.02,11.31,7.8,2.3,72,950,0
1044.62,2720,1.53,18.53,11.4,12.8,72,940,0
1044.82,2640,1.79,24.69,15.7,20.3,72,950,0
1045.01,2640,2.04,28.61,19.2,21.8,72,970,0
1045.22,2680,2.04,28.94,19.6,24,72,1010,0
1045.4,2680,2.29,30.19,19.2,25.5,72,1050,0
1045.59,2680,2.29,29,18.8,24.8,72,1080,0
1045.79,2680,2.04,29.36,18.8,25.5,73,1100,0
1045.98,2720,2.29,33.08,18.8,24.8,73,1100,0
1046.17,2720,2.29,37.78,22,23.3,73,1100,0
1046.38,2800,2.81,43.5,24.7,21.8,74,1110,0
1046.58,2760,2.55,43.64,29.8,20.3,74,1120,0
1046.76,2800,2.55,42.22,31.4,21,75,1140,0
1046.96,2840,2.55,43.61,31.8,21,75,1140,0
1047.15,2840,2.81,44.64,32.9,21,76,1140,0
1047.36,2880,2.81,43.31,31,21,77,1160,0
1047.55,2880,2.55,40.97,28.6,21,77,1150,0
1047.73,2920,2.29,37.94,24.7,21.8,78,1150,0
1047.93,2920,2.29,36.25,23.1,22.5,78,1150,0
1048.13,2920,2.04,33.94,21.2,23.3,79,1140,0
1048.31,2960,2.04,32.56,20.4,24,79,1130,0
1048.52,2960,1.79,30.33,20,24,80,1130,0
1048.7,2960,1.79,27,18,25.5,80,1130,0
1048.88,2960,1.53,25.64,16.5,27.8,80,1110,0
1049.09,2960,1.53,24.83,15.7,30,80,1100,0
1049.28,2960,1.28,21.36,15.7,30.8,81,1090,0
1049.48,2960,1.28,20.53,14.5,32.3,81,1080,0
1049.67,3000,1.28,20.22,14.1,33,81,1070,0
1049.86,2960,1.02,17.42,13.3,33.8,81,1060,0
1050.06,2960,1.02,17.61,12.5,35.3,81,1050,0
1050.24,3000,1.02,17.31,12.5,35.3,81,1040,0
1050.43,2960,1.02,17.14,12.5,35.3,81,1030,0
1050.64,2960,1.02,17.06,12.5,35.3,81,1020,0
1050.83,2960,1.02,17.33,12.5,35.3,81,1020,0
1051.01,2960,1.02,17.44,12.5,35.3,81,1020,0
1051.21,2960,1.02,16.81,12.2,35.3,81,1020,0
1051.42,2960,1.02,16.67,12.2,36,81,1020,0
1051.64,2960,0.77,16.86,12.2,36,81,1010,0
1051.83,2960,1.02,17.36,12.2,35.3,81,1010,0
1052.04,2960,1.02,17,12.2,35.3,80,1010,0
1052.25,2960,0.77,16.78,12.2,36,80,1010,0
1052.44,2960,0.77,16.28,12.2,36,80,1010,0
1052.64,2960,1.02,16.19,12.2,36,80,1010,0
1052.82,2960,1.02,16.42,12.2,36,80,1010,0
1053.01,2960,1.02,16.56,12.2,36,80,1010,0
1053.21,2920,1.02,16.58,12.2,36,80,1010,0
1053.4,2920,1.02,19.22,12.9,36,80,1000,0
1053.59,2920,1.02,19.28,13.7,34.5,80,1010,0
1053.8,2920,1.28,20.53,13.7,34.5,80,1020,0
1053.98,2920,1.28,22.19,14.9,33,80,1030,0
1054.17,2920,1.28,23.75,15.3,32.3,80,1040,0
1054.37,2920,1.28,22.86,15.3,31.5,80,1050,0
1054.56,2960,1.28,23,15.3,31.5,80,1060,0
1054.76,2960,1.28,23.06,15.3,31.5,80,1070,0
1054.95,2960,1.28,22.56,15.3,31.5,80,1070,0
1055.14,2960,1.28,22.86,15.3,31.5,80,1070,0
1055.34,2960,1.28,24.25,14.9,31.5,80,1080,0
1055.53,2960,1.28,23.94,15.7,30.8,80,1080,0
1055.71,2960,1.28,25.39,16.1,30.8,80,1080,0
1055.92,2960,1.53,25.67,16.1,30,80,1090,0
1056.11,2960,1.53,25.75,16.1,29.3,81,1090,0
1056.3,2960,1.28,24.94,16.1,30,81,1090,0
1056.5,2960,1.53,24.47,16.1,30,81,1090,0
1056.68,3000,1.53,24.47,16.1,30.8,81,1090,0
1056.9,3000,1.53,25.11,16.1,30.8,81,1090,0
1057.09,3000,1.53,25.58,16.1,30,81,1090,0
1057.27,3000,1.53,24.47,16.1,30,81,1090,0
1057.48,3000,1.53,25.5,16.1,30.8,81,1090,0
1057.66,3000,1.53,25.72,16.1,30.8,81,1090,0
1057.85,3000,1.53,25.19,16.1,30.8,82,1090,0
1058.06,3000,1.53,27.33,16.5,30,82,1090,0
1058.24,3040,1.79,28.81,17.3,28.5,82,1100,0
1058.43,3040,1.79,29.86,17.3,28.5,82,1110,0
1058.64,3040,1.79,33.61,19.2,27,82,1110,0
1058.82,3040,1.79,34.14,19.6,24.8,82,1130,0
1059.03,3040,0.77,9.72,14.1,20.3,83,1100,0
1059.22,2840,0.51,8.08,8.2,2.3,83,1050,0
1059.4,2600,0.77,9.33,8.6,-4.5,83,1010,0
1059.61,2400,0.77,8.94,8.2,-5.3,83,990,0
1059.8,2320,0.77,8.19,7.5,-5.3,82,970,0
1059.98,2240,1.02,9.89,7.5,16.5,82,960,0
1060.18,2080,1.53,15.58,11.4,15.8,82,940,0
1060.37,2000,1.79,17.89,12.5,14.3,82,950,0
1060.56,2000,1.79,19.78,13.7,16.5,82,960,0
1060.77,2000,1.79,19.83,14.5,21.8,82,980,0
1060.95,2000,1.79,19.56,14.5,27,82,990,0
1061.16,2000,1.79,19.33,14.5,28.5,82,1000,0
1061.35,2000,1.79,20.03,14.9,29.3,82,1010,0
1061.55,2000,1.79,20.17,14.9,29.3,82,1020,0
1061.76,2000,1.28,13.64,11.4,30,82,1030,0
1061.95,2000,1.28,12.92,10.2,33,82,1020,0
1062.14,2000,1.28,14.31,10.6,32.3,82,1000,0
1062.36,2000,1.53,15.42,11.4,32.3,82,1000,0
1062.56,2000,1.53,16.14,12.2,32.3,82,990,0
1062.76,2000,1.79,16.5,12.5,32.3,82,990,0
1062.94,2000,1.79,16.53,12.5,31.5,82,1000,0
1063.14,2000,1.79,16.14,12.5,31.5,82,1000,0
1063.34,2000,1.53,16.56,12.5,31.5,82,1000,0
1063.53,2000,1.53,15.78,11.8,31.5,82,1000,0
1063.72,2000,1.53,15.58,12.2,32.3,82,1000,0
1063.92,2000,1.53,15.33,11.8,31.5,82,1000,0
1064.1,2000,1.53,15.94,12.2,31.5,82,1000,0
1064.31,2000,1.53,16.06,12.2,31.5,82,1000,0
1064.5,2000,1.53,15.19,12.2,31.5,82,990,0
1064.69,2000,1.53,15.47,11.8,31.5,82,990,0
1064.89,2000,1.53,15.14,11.8,31.5,82,990,0
1065.08,2000,1.53,15.33,11.8,31.5,82,990,0
1065.26,2000,1.53,15.31,11.8,31.5,82,990,0
1065.46,2000,1.79,20.64,12.5,31.5,82,990,0
1065.65,2000,2.04,22.47,16.9,29.3,82,990,0
1065.84,2000,2.04,23.72,17.3,28.5,82,1010,0
1066.04,2000,2.29,25.69,18.8,27,82,1030,0
1066.23,2000,2.29,26.31,20.4,24.8,83,1050,0
1066.43,2040,2.55,28.44,20.4,24,83,1070,0
1066.62,2040,2.55,27.92,20.4,22.5,83,1090,0
1066.81,2040,2.29,28.56,20.4,21.8,83,1100,0
1067.01,2040,2.29,27.89,20.4,21.8,84,1100,0
1067.2,2040,2.55,27.06,20.4,21.8,84,1110,0
1067.39,2040,2.29,25.81,19.6,22.5,84,1110,0
1067.62,2080,2.04,23.86,18,24,84,1110,0
1067.81,2080,2.04,21.89,16.9,26.3,85,1110,0
1068.01,2080,2.04,21.25,15.3,28.5,85,1100,0
1068.2,2080,2.04,21.42,15.3,28.5,85,1090,0
1068.38,2080,1.79,21.17,15.3,29.3,85,1080,0
1068.59,2080,1.79,21.31,15.3,29.3,85,1070,0
1068.78,2080,2.04,21.83,15.3,29.3,86,1070,0
1068.98,2080,2.04,24.08,16.5,28.5,86,1060,0
1069.19,2080,2.04,23.78,17.3,27,86,1070,0
1069.37,2080,2.04,24.19,17.6,27,86,1080,0
1069.56,2080,2.04,23.08,17.3,26.3,86,1090,0
1069.76,2080,1.79,18.75,14.5,27.8,86,1090,0
1069.95,2080,1.79,19.14,13.7,29.3,86,1070,0
1070.15,2080,1.53,17.28,13.3,29.3,86,1060,0
1070.34,2080,1.53,15.69,11.8,30,86,1050,0
1070.53,2080,1.53,15.86,11.8,31.5,86,1040,0
1070.73,2080,1.53,15.83,11.8,31.5,86,1030,0
1070.92,2080,1.28,15.19,11.8,31.5,86,1020,0
1071.12,2080,1.28,14.92,11.4,31.5,85,1020,0
1071.33,2080,1.28,15.11,11.4,31.5,85,1010,0
1071.53,2080,1.28,13.72,11,31.5,85,1010,0
1071.73,2040,0.77,9.39,9.8,32.3,85,1010,0
1071.92,2040,1.02,11,8.6,31.5,85,990,0
1072.11,2040,1.02,11.08,9,26.3,85,980,0
1072.31,2040,0.77,10.03,8.6,19.5,84,980,0
1072.5,2040,0.77,8.56,7.5,17.3,84,970,0
1072.68,2040,0.77,8.14,7.1,11.3,84,970,0
1072.9,2000,0.77,7.39,7.1,6.8,84,960,0
1073.09,2000,0.77,6.94,6.3,7.5,84,960,0
1073.29,2000,0.51,6.06,5.9,9,83,950,0
1073.48,2000,0.51,6.39,5.9,14.3,83,950,0
1073.67,2000,0.51,6,5.9,16.5,83,940,0
1073.88,2000,0.51,6.14,5.5,16.5,83,940,0
1074.07,2000,0.51,6,5.5,16.5,82,940,0
1074.26,1960,0.51,5.94,5.5,16.5,82,940,0
1074.46,2000,0.77,7.75,6.3,15.8,82,930,0
1074.65,2000,1.02,10.53,7.5,16.5,82,930,0
1074.84,1960,1.28,12.08,9.8,15,81,930,0
1075.04,1960,1.28,13.33,10.6,15,81,930,0
1075.23,1960,1.28,13.22,10.6,14.3,81,940,0
1075.44,1960,1.28,13.33,11,14.3,81,940,0
1075.62,1960,1.28,12.89,10.6,14.3,81,950,0
1075.8,1960,1.28,13.58,10.6,14.3,81,950,0
1076.01,1960,1.28,13.14,10.6,14.3,81,960,0
1076.22,1960,1.28,13.5,10.6,14.3,81,960,0
1076.4,1960,1.28,13.31,10.6,14.3,81,960,0
1076.61,1960,1.28,12.92,10.2,14.3,81,960,0
1076.79,1960,1.28,12.83,10.2,14.3,81,960,0
1076.99,1960,1.28,11.89,9.8,14.3,81,970,0
1077.18,1960,1.02,12,9.8,14.3,81,960,0
1077.37,1960,1.02,10.97,9,15,81,960,0
1077.58,1960,1.02,11,9,15,81,960,0
1077.76,1960,1.02,11.06,9,15,81,960,0
1077.94,1960,1.02,11,9,15,81,960,0
1078.17,1960,1.02,11.08,9,15,80,960,0
1078.36,1920,1.02,12.08,9,15,80,950,0
1078.56,1920,1.28,13.78,11,14.3,80,950,0
1078.74,1920,1.53,16.67,11,14.3,80,960,0
1078.93,1920,1.53,16.83,13.3,18,80,960,0
1079.14,1920,1.53,17.22,13.3,22.5,80,970,0
1079.32,1920,1.79,17.25,13.3,27,80,980,0
1079.51,1920,1.53,14.78,13.3,28.5,80,990,0
1079.71,1920,1.28,12.22,10.2,30.8,80,1000,0
1079.9,1920,1.28,11.86,9.4,31.5,80,990,0
1080.09,1920,1.28,11.81,9.4,32.3,79,990,0
1080.3,1920,1.02,10.58,9,32.3,79,980,0
1080.48,1920,1.02,9.53,8.2,33,79,980,0
1080.68,1920,0.77,8.53,7.8,32.3,79,970,0
1080.87,1920,0.77,7.28,7.1,28.5,79,960,0
1081.06,1880,0.51,5.75,5.5,21,79,960,0
1081.26,1880,0.51,6.03,5.1,18,79,950,0
1081.45,1880,0.51,5.17,5.1,16.5,78,950,0
1081.64,1880,0.51,4.83,4.7,15.8,78,950,0
1081.84,1880,0.51,5.17,4.7,13.5,78,940,0
1082.03,1880,0.51,5.28,4.7,2.3,77,940,0
1082.23,1840,0.51,5.67,5.1,-1.5,77,930,0
1082.43,1840,0.51,5.81,5.5,-1.5,77,930,0
1082.62,1840,0.51,6.14,5.5,-1.5,77,930,0
1082.82,1840,0.77,7.67,6.3,8.3,76,930,0
1083.01,1880,1.53,17.5,8.6,15.8,76,910,0
1083.2,1840,2.04,20.83,15.3,7.5,76,920,0
1083.42,1840,2.29,24.11,18.8,18.8,76,940,0
1083.62,1840,2.29,25.03,21.2,20.3,76,970,0
1083.81,1840,2.29,27,21.6,21,76,1000,0
1084.01,1840,2.55,25.03,20,20.3,76,1040,0
1084.21,1880,2.55,24.89,19.6,19.5,76,1060,0
1084.42,1880,2.29,24.47,18.8,21.8,77,1070,0
1084.61,1880,2.55,24.47,18.8,21.8,77,1080,0
1084.8,1880,2.55,25.69,19.2,20.3,77,1090,0
1085,1880,2.55,25.83,19.2,20.3,77,1100,0
1085.19,1880,2.55,24.94,19.2,20.3,78,1100,0
1085.37,1920,2.55,25,18.8,21,78,1100,0
1085.58,1920,2.55,26.72,18.8,21,78,1100,0
1085.76,1920,2.55,28.36,22.4,18.8,79,1100,0
1085.95,1920,2.55,27.67,23.5,18,79,1110,0
1086.15,1920,2.55,28.61,23.5,18,79,1110,0
1086.35,1960,2.81,28.36,23.9,18.8,79,1110,0
1086.56,1960,2.81,28.06,23.9,18.8,80,1120,0
1086.74,1960,2.55,27.28,22,18.8,80,1120,0
1086.93,1960,2.04,17.89,19.2,18,81,1070,0
1087.13,1960,1.53,13.97,14.1,27,81,1060,0
1087.32,1960,1.28,13.36,11,31.5,81,1030,0
1087.51,1960,1.02,11.03,11,32.3,81,1010,0
1087.71,1960,1.02,9.67,8.6,33,81,990,0
1087.9,1960,1.02,9.69,8.6,33.8,81,970,0
1088.09,1960,1.02,10.17,8.6,33.8,81,960,0
1088.3,1960,1.02,10.31,9,32.3,81,950,0
1088.48,1960,1.02,10.33,9,27.8,81,940,0
1088.69,1960,1.28,13.33,9.4,20.3,81,940,0
1088.88,1960,1.53,16.11,11.4,15.8,81,950,0
1089.08,1960,1.79,17.81,13.7,15.8,81,950,0
1089.29,1960,1.79,18.78,14.5,20.3,81,970,0
1089.48,1960,1.79,18.31,14.5,26.3,81,980,0
1089.67,1960,1.79,17.97,14.1,28.5,81,990,0
1089.87,1960,1.79,18.33,13.7,29.3,81,1000,0
1090.05,1960,1.79,18.03,13.7,29.3,81,1010,0
1090.26,1960,1.28,12.06,12.5,30,81,1020,0
1090.45,1960,1.02,9.61,9,32.3,81,1010,0
1090.63,1960,1.02,9.61,8.2,31.5,81,1000,0
1090.84,1960,1.02,10.06,8.2,27,81,990,0
1091.03,1960,1.02,11.28,8.6,20.3,81,980,0
1091.21,1960,1.28,12.22,9.4,16.5,81,970,0
1091.42,1960,1.28,12,9.8,15,81,970,0
1091.61,1960,1.02,9.69,9,14.3,81,970,0
1091.81,1960,0.77,8.19,7.8,15,81,970,0
1092.01,1960,0.77,6.86,7.1,15,81,960,0
1092.21,1920,0.77,6.36,5.9,15,80,960,0
1092.41,1920,0.51,6.61,5.9,15.8,80,950,0
1092.61,1960,0.51,6.11,5.9,15.8,80,950,0
1092.79,1920,0.51,5.89,5.5,15.8,80,940,0
1093,1920,0.51,5.67,5.5,15.8,80,940,0
1093.19,1920,0.51,5.42,5.1,10.5,79,940,0
1093.37,1920,0.51,5.64,5.1,-0.8,79,930,0
1093.59,1880,0.51,6.03,5.5,0.8,79,930,0
1093.78,1880,0.51,6.11,5.5,15,78,930,0
1093.96,1880,0.51,5.97,5.5,-3,78,930,0
1094.18,1880,0,6.11,5.5,-6,78,930,0
1094.37,1840,0,6.14,5.5,-6,77,930,0
1094.57,1840,0,6.06,5.5,-6.8,77,930,0
1094.77,1840,0,6.08,5.5,-6.8,77,930,0
1094.97,1840,0,5.83,5.5,-6.8,76,930,0
1095.18,1800,0,5.67,5.5,-6.8,76,940,0
1095.37,1800,0,5.72,5.1,-6.8,75,940,0
1095.56,1800,0,5.86,5.1,-6.8,75,940,0
1095.76,1800,0,5.64,5.1,-7.5,74,940,0
1095.95,1760,0,5.78,5.1,-7.5,74,940,0
1096.15,1760,0,5.53,5.1,-7.5,74,940,0
1096.34,1760,0,5.53,5.1,-7.5,73,940,0
1096.53,1720,0,5.61,5.1,-7.5,73,940,0
1096.73,1720,0,5.44,5.1,-7.5,72,940,0
1096.92,1720,0,5.56,5.1,-7.5,72,940,0
1097.11,1720,0,5.53,5.1,-7.5,71,940,0
1097.31,1680,0,5.36,5.1,-7.5,71,940,0
1097.5,1680,0,5.25,5.1,-7.5,70,940,0
1097.68,1680,1.02,6,4.7,-7.5,70,930,0
1097.89,1760,2.55,18.83,9.4,15,70,920,0
1098.07,1680,2.81,20.39,16.5,12,70,920,0
1098.27,1680,2.81,21.47,18.4,11.3,69,940,0
1098.46,1680,2.55,22.14,19.2,18.8,69,970,0
1098.65,1680,2.81,22,18.4,18.8,69,1000,0
1098.85,1680,2.81,21.94,18.4,19.5,70,1020,0
1099.05,1680,2.81,21.25,18,19.5,70,1030,0
1099.23,1680,2.81,21.31,17.6,20.3,70,1040,0
1099.45,1720,2.55,21.81,17.3,19.5,70,1050,0
1099.64,1680,2.55,22.97,17.3,18.8,70,1060,0
1099.82,1720,2.81,25.86,20,18,70,1060,0
1100.03,1720,2.81,25.94,22,17.3,71,1080,0
1100.21,1720,2.81,23.5,22.4,16.5,71,1090,0
1100.41,1720,2.55,13.94,19.2,17.3,71,1100,0
1100.6,1720,1.53,11.22,13.3,20.3,71,1060,0
1100.8,1720,1.02,7.56,8.6,28.5,71,1030,0
1100.99,1720,0.77,7.5,7.5,31.5,71,1000,0
1101.18,1720,1.02,8.56,7.5,27,71,980,0
1101.37,1720,1.02,9.36,8.2,21,71,960,0
1101.57,1720,1.02,9.5,8.2,17.3,71,950,0
1101.76,1720,1.28,9.94,8.2,15.8,71,950,0
1101.96,1720,1.53,12.33,9.4,15,71,950,0
1102.17,1720,1.53,12.39,10.2,15,71,950,0
1102.35,1720,1.53,13.14,10.6,18,70,950,0
1102.56,1720,1.53,13.72,11,21.8,70,950,0
1102.76,1720,1.79,14.08,11,27,70,960,0
1102.94,1720,2.04,17.72,12.9,27.8,70,960,0
1103.15,1720,2.04,19.83,15.3,24,70,970,0
1103.34,1720,2.29,21.22,16.9,21,70,980,0
1103.56,1720,2.29,19.53,16.9,21,70,1000,0
1103.74,1720,1.53,12.78,12.9,23.3,71,1000,0
1103.93,1720,1.02,8.89,9,30,71,990,0
1104.14,1720,1.02,7.56,7.8,30.8,71,970,0
1104.32,1720,1.02,8.06,7.5,31.5,70,960,0
1104.51,1680,1.02,8.06,7.5,32.3,70,950,0
1104.73,1680,0.77,8.14,7.5,32.3,70,940,0
1104.91,1680,1.02,7.53,7.1,15.8,70,940,0
1105.11,1680,0.77,6.39,5.9,0.8,70,930,0
1105.31,1680,0.51,5.67,5.5,0,70,930,0
1105.49,1680,0.51,5.33,5.1,-2.3,69,930,0
1105.71,1680,0.51,5.22,5.1,-3,69,920,0
1105.9,1640,0.77,6.17,5.1,-2.3,69,920,0
1106.09,1640,0,5.14,5.1,-3,69,920,0
1106.3,1640,0,5.36,5.1,-7.5,68,920,0
1106.5,1640,0,5.31,4.7,-7.5,68,920,0
1106.68,1600,0,5.08,4.7,-7.5,68,930,0
1106.89,1600,0,5.25,4.7,-7.5,67,930,0
1107.07,1600,0,5.44,4.7,-7.5,67,930,0
1107.26,1600,0,5.03,4.7,-6.8,66,930,0
1107.46,1600,0,5.08,4.7,-6.8,66,930,0
1107.65,1560,0,5.08,4.7,-6.8,66,930,0
1107.86,1560,0,4.89,4.7,-6.8,65,930,0
1108.04,1560,0,4.81,4.7,-6.8,65,930,0
1108.23,1560,0,5.03,4.7,-6.8,65,930,0
1108.43,1560,0,5.08,4.7,-6.8,64,930,0
1108.62,1520,0,5,4.7,-6.8,64,930,0
1108.81,1520,0,4.86,4.7,-6.8,64,930,0
1109.01,1520,1.02,6.42,4.7,-6.8,63,930,0
1109.19,1560,2.29,15.06,7.5,15,63,920,0
1109.42,1520,3.06,19.47,15.3,16.5,63,910,0
1109.62,1520,3.06,22.19,20.4,11.3,63,930,0
1109.81,1560,3.06,23.25,25.9,13.5,63,960,0
1110.03,1560,3.31,23.86,27.8,13.5,63,990,0
1110.21,1560,3.31,24.86,31.8,12.8,64,1020,0
1110.4,1560,3.31,25.78,36.9,13.5,64,1050,0
1110.6,1560,3.06,26.06,50.2,10.5,64,1070,0
1110.79,1600,3.06,26.44,55.7,11.3,65,1100,0
1110.98,1600,3.06,26.97,66.3,10.5,65,1120,0
1111.19,1600,3.06,28.64,86.7,10.5,66,1140,0
1111.38,1600,3.31,27.75,88.6,7.5,66,1170,0
1111.58,1600,3.06,28.56,92.2,9.8,66,1180,0
1111.79,1640,3.31,30.36,92.9,5.3,67,1200,0
1111.98,1640,3.31,30.56,93.3,9.8,67,1220,0
1112.18,1640,3.57,31.39,94.5,7.5,68,1240,0
1112.37,1680,3.31,32.11,94.9,6,68,1260,0
1112.58,1680,3.31,32.56,95.3,8.3,69,1270,0
1112.78,1680,3.57,32.97,96.5,7.5,69,1290,0
1112.97,1720,3.57,35.67,97.3,7.5,70,1300,0
1113.18,1720,3.57,35.67,98,4.5,70,1320,0
1113.37,1720,3.57,34.97,98.8,6,71,1330,0
1113.56,1760,3.57,36.33,99.2,6.8,71,1340,0
1113.76,1760,3.57,35.97,99.6,6.8,72,1360,0
1113.95,1800,3.57,37.78,99.6,6,72,1360,0
1114.16,1800,3.57,37.67,99.6,7.5,73,1380,0
1114.34,1800,3.83,37.97,99.6,7.5,73,1390,0
1114.53,1840,3.83,38.97,99.6,5.3,74,1410,0
1114.73,1840,3.83,39.36,99.6,6,74,1430,0
1114.92,1840,3.83,39.92,99.6,7.5,75,1430,0
1115.11,1880,3.83,40.08,99.6,4.5,76,1450,0
1115.32,1880,3.83,40.53,99.6,4.5,76,1460,0
1115.51,1880,3.83,41.58,99.6,5.3,77,1470,0
1115.7,1920,3.83,43.03,99.2,6,77,1490,0
1115.9,1920,3.83,41.89,99.6,5.3,78,1500,0
1116.09,1920,4.08,44.28,99.6,5.3,78,1510,0
1116.31,1960,4.08,46.56,99.6,5.3,79,1520,0
1116.5,1960,3.83,45.86,99.6,3.8,80,1540,0
1116.69,2000,4.08,46.56,98.8,4.5,80,1560,0
1116.9,2000,4.08,45.17,96.9,6,81,1570,0
1117.09,2000,4.08,47.14,96.9,6.8,82,1570,0
1117.28,2000,4.08,47.5,97.3,3,82,1580,0
1117.48,2040,4.08,48.25,98,4.5,83,1590,0
1117.67,2040,4.08,48.42,97.3,3,83,1600,0
1117.87,2080,4.34,49.94,98,4.5,84,1600,0
1118.07,2080,4.34,50.36,69,0,85,1620,0
1118.26,2080,4.34,45.42,37.3,-0.8,85,1630,0
1118.46,2120,3.83,42.92,26.7,2.3,86,1600,0
1118.65,2120,3.06,29.19,23.5,9.8,86,1420,0
1118.84,2120,2.81,26.08,21.2,14.3,87,1250,0
1119.04,2120,2.55,27.14,21.6,19.5,87,1130,0
1119.23,2120,2.55,28.06,21.6,21,88,1080,0
1119.44,2160,2.29,26.03,20.4,21.8,88,1060,0
1119.63,2160,2.04,24.31,19.6,24.8,88,1050,0
1119.82,2160,1.79,21.36,18.4,27,88,1050,0
1120.03,2160,1.79,21.31,15.7,30,88,1030,0
1120.22,2160,1.79,20.78,15.7,30.8,89,1020,0
1120.4,2160,1.79,20.31,15.7,30.8,89,1010,0
1120.61,2160,2.04,28,16.5,30.8,89,1010,0
1120.8,2160,2.04,24.86,17.6,28.5,89,1040,0
1120.99,2160,2.04,25.08,17.6,29.3,89,1060,0
1121.2,2160,2.04,25.83,18,28.5,89,1070,0
1121.38,2160,2.29,27.17,18,28.5,89,1080,0
1121.6,2160,2.29,27.06,18.4,27,89,1090,0
1121.79,2160,2.29,26.89,18.8,26.3,90,1090,0
1122,2200,2.29,27.42,18.8,26.3,90,1100,0
1122.2,2200,2.29,27.39,19.2,26.3,90,1100,0
1122.39,2200,2.29,27.19,19.2,25.5,90,1100,0
1122.57,2200,2.29,27.89,19.2,25.5,90,1110,0
1122.78,2200,2.29,27.64,19.2,25.5,90,1110,0
1122.96,2200,2.29,27.44,19.2,26.3,91,1110,0
1123.17,2200,2.29,27.67,19.2,25.5,91,1110,0
1123.35,2200,2.29,27.47,18.8,25.5,91,1110,0
1123.54,2240,2.04,25.89,18,26.3,91,1110,0
1123.76,2240,2.04,24.11,17.6,27.8,91,1110,0
1123.95,2240,1.79,21.81,15.7,29.3,92,1100,0
1124.13,2240,1.79,21.78,14.9,30,92,1090,0
1124.34,2240,1.53,19.31,14.9,30,92,1080,0
1124.54,2240,1.28,15.03,12.5,30.8,92,1070,0
1124.73,2240,1.28,14.56,11,31.5,92,1050,0
1124.94,2240,1.28,14.47,11,32.3,92,1030,0
1125.12,2240,1.28,13.97,10.6,32.3,92,1020,0
1125.33,2240,1.02,13.81,10.6,32.3,92,1010,0
1125.51,2200,1.02,12.58,9.8,33,92,1000,0
1125.7,2200,1.02,11.44,9,33,91,1000,0
1125.92,2200,1.02,11.81,9.4,33.8,91,990,0
1126.11,2200,1.02,11.86,9.4,33.8,91,980,0
1126.3,2200,1.02,11.83,9.4,33.8,91,970,0
1126.49,2200,1.02,11.61,9.4,33.8,91,970,0
1126.68,2200,1.02,10.44,9,33.8,91,970,0
1126.87,2200,0.77,8.44,7.8,34.5,91,970,0
1127.08,2200,0.51,6.67,6.7,31.5,91,960,0
1127.26,2160,0.51,6,5.9,27.8,90,960,0
1127.46,2160,0.51,6,5.5,21,90,950,0
1127.65,2160,0.51,6.03,5.5,8.3,90,950,0
1127.84,2160,0.51,6.36,5.9,-3,90,940,0
1128.06,2160,0.51,6.78,6.3,-3.8,89,940,0
1128.24,2160,0,7,6.3,3.8,89,940,0
1128.43,2120,0,7.36,6.3,-5.3,89,940,0
1128.65,2120,0,7.14,6.3,-5.3,88,940,0
1128.84,2120,0,6.86,6.3,-5.3,88,940,0
1129.04,2120,0,6.81,6.3,-5.3,88,940,0
1129.23,2120,0,6.78,6.3,-5.3,87,940,0
1129.42,2080,0,6.86,5.9,-4.5,87,940,0
1129.62,2080,0,6.72,5.9,-5.3,87,940,0
1129.81,2080,0,6.47,5.9,-4.5,86,940,0
1130,2080,0,6.42,5.9,-4.5,86,940,0
1130.2,2040,0,6.61,5.9,-4.5,86,940,0
1130.39,2040,0,6.75,5.9,-4.5,85,940,0
1130.57,2040,0,6.72,5.9,-4.5,85,940,0
1130.78,2040,0,6.56,5.9,-5.3,85,950,0
1130.97,2040,0,6.61,5.9,-4.5,84,950,0
1131.17,2000,0,6.53,5.9,-5.3,84,940,0
1131.36,2000,0,6.56,5.9,-4.5,83,950,0
1131.54,2000,0,6.5,5.9,-5.3,83,950,0
1131.75,2000,0,6.19,5.9,-5.3,83,950,0
1131.93,1960,0,6.42,5.5,-4.5,82,940,0
1132.12,1960,0,6.19,5.5,-5.3,82,940,0
1132.32,1960,0,6.19,5.5,-5.3,82,940,0
1132.51,1960,0,6.36,5.5,-5.3,81,940,0
1132.7,1960,0,5.92,5.5,-5.3,81,940,0
1132.92,1920,0,6,5.5,-5.3,81,940,0
1133.1,1920,0,6.11,5.5,-5.3,80,940,0
1133.3,1920,0,6.08,5.5,-5.3,80,940,0
1133.49,1920,0,6.22,5.5,-5.3,79,940,0
1133.69,1880,0,6.03,5.5,-6,79,940,0
1133.88,1880,0,6.06,5.5,-6,79,940,0
1134.07,1880,0,6.06,5.5,-6,78,940,0
1134.26,1880,0,6.17,5.5,-6,78,940,0
1134.48,1880,0,6.22,5.5,-6,78,940,0
1134.67,1840,0,5.72,5.5,-6,77,940,0
1134.87,1840,0,5.89,5.5,-6,77,940,0
1135.06,1840,0,6,5.5,-6.8,77,940,0
1135.24,1840,0,5.89,5.5,-6.8,76,940,0
1135.45,1840,0,5.92,5.5,-6.8,76,940,0
1135.63,1800,0,5.97,5.5,-6.8,76,940,0
1135.82,1800,0,5.75,5.5,-6.8,75,940,0
1136.03,1760,0,5.72,5.1,-7.5,74,940,0
1136.21,1760,0,5.11,5.1,-7.5,74,940,0
1136.4,1720,0,5.31,5.1,-7.5,73,940,0
1136.62,1680,0,5.56,5.1,-7.5,71,940,0
1136.81,1640,0,4.92,5.1,-7.5,70,940,0
1137.01,1600,0,5,4.7,-7.5,69,940,0
1137.2,1600,0,5.11,4.7,-7.5,68,930,0
1137.39,1560,0,5.08,4.7,-6.8,67,930,0
1137.59,1520,0,4.67,4.7,-6.8,65,930,0
1137.78,1480,0,4.64,4.7,-6.8,64,930,0
1137.96,1480,0,4.72,4.3,-6.8,63,930,0
1138.17,1440,0,4.31,4.3,-6.8,62,930,0
1138.36,1400,0,4.42,4.3,-6.8,60,930,0
1138.54,1360,0,4.5,4.3,-6.8,59,930,0
1138.75,1360,0,4.14,3.9,-8.3,58,930,0
1138.93,1320,0,4.25,3.9,-8.3,57,930,0
1139.14,1320,0,4.19,3.9,-8.3,56,930,0
1139.32,1280,0,4,3.9,-8.3,55,920,0
1139.51,1240,0,3.86,3.9,-8.3,54,920,0
1139.72,1240,0,3.72,3.9,-8.3,53,920,0
1139.9,1240,0,3.78,3.9,-8.3,52,920,0
1140.09,1240,0,3.83,3.9,-8.3,52,920,0
1140.3,1200,0,3.92,3.9,-8.3,51,920,0
1140.48,1200,0,4,3.5,-8.3,51,920,0
1140.67,1160,0.77,3.69,3.5,-8.3,50,920,0
1140.87,1160,0.77,4.33,3.9,-3.8,49,920,0
1141.06,1120,1.02,4.89,4.7,-3.8,48,920,0
1141.26,1080,1.02,4.19,4.7,-0.8,48,920,0
1141.45,960,1.02,3.89,3.5,-7.5,46,920,0
1141.64,920,1.02,3.97,3.9,8.3,45,910,0
1141.85,840,1.02,3.97,3.9,7.5,44,910,0
1142.05,840,1.02,4.06,3.9,3.8,42,910,0
1142.23,840,1.28,4.08,3.9,3.8,40,910,0
1142.44,800,1.28,3.92,3.9,3,39,910,0
1142.62,800,1.28,3.86,3.9,5.3,38,910,0
1142.81,800,1.28,3.81,3.9,5.3,36,910,0
1143.03,800,1.02,3.67,3.9,7.5,35,910,0
1143.21,800,1.28,4.06,3.9,9.8,33,910,0
1143.42,800,1.28,4.25,3.9,5.3,32,910,0
1143.61,800,1.28,4.22,3.9,2.3,31,910,0
1143.79,800,1.28,4.14,3.9,1.5,30,910,0
1143.99,800,1.28,4.11,3.9,1.5,29,910,0
1144.18,800,1.53,4.14,3.9,2.3,28,910,0
1144.37,800,1.28,3.97,3.9,4.5,27,910,0
1144.57,800,1.28,3.72,3.9,4.5,26,910,0
1144.76,800,1.28,3.92,3.9,7.5,25,910,0
1144.95,800,1.28,4.19,3.9,6,24,910,0
1145.15,800,1.28,4.08,3.9,3.8,23,910,0
1145.34,800,1.28,4.08,3.9,4.5,22,910,0
1145.54,800,1.28,4.06,3.9,5.3,21,910,0
1145.73,800,1.28,4.19,3.9,5.3,20,910,0
1145.91,800,1.28,4.17,3.9,3.8,18,910,0
1146.12,800,1.28,4,3.9,3.8,17,910,0
1146.31,800,1.28,4.08,3.9,4.5,16,910,0
1146.5,800,1.28,4.11,3.9,3.8,15,910,0
1146.7,800,1.28,4.19,3.9,4.5,14,910,0
1146.88,800,1.28,3.97,3.9,5.3,14,910,0
1147.08,800,1.28,4.06,3.9,6,13,910,0
1147.3,840,1.28,4.17,3.9,4.5,11,910,0
1147.49,800,1.28,3.97,3.9,3.8,10,910,0
1147.7,800,1.28,4.06,3.9,3.8,9,910,0
1147.89,800,1.28,4.17,3.9,4.5,7,910,0
1148.09,800,1.28,4.14,3.9,4.5,6,910,0
1148.3,800,1.28,4.14,3.9,3,5,910,0
1148.48,800,1.28,4.03,3.9,3.8,4,910,0
1148.67,800,1.28,4.33,3.9,3.8,4,910,0
1148.87,840,1.28,4.56,4.3,1.5,3,910,0
1149.06,840,1.28,4.56,4.3,-0.8,3,910,0
1149.26,840,1.28,4.53,4.3,-0.8,2,910,0
1149.45,840,1.28,4.39,4.3,-1.5,2,910,0
1149.63,840,1.28,4.47,4.3,-2.3,2,910,0
1149.84,840,1.28,4.39,4.3,-1.5,2,910,0
1150.03,840,1.28,4.31,4.3,-2.3,1,910,0
1150.21,840,1.28,3.83,4.3,-0.8,1,910,0
1150.44,840,1.28,4,4.3,0,1,910,0
1150.62,840,1.28,4.39,4.3,0.8,1,910,0
1150.83,840,1.28,4.28,4.3,0,0,910,0
1151.03,840,1.28,4.44,4.3,-0.8,0,910,0
1151.22,840,1.28,4.42,4.3,-1.5,0,910,0
1151.42,840,1.28,4.28,4.3,-1.5,0,910,0
1151.6,840,1.28,4.33,4.3,-1.5,0,910,0
1151.79,840,1.28,4.22,4.3,-1.5,0,910,0
1151.99,840,1.28,4.36,4.3,-0.8,0,910,0
1152.18,840,1.28,4.28,4.3,-0.8,0,910,0
1152.37,840,1.28,4.19,4.3,0,0,910,0
1152.59,840,1.28,4.36,3.9,0,0,910,0
1152.78,840,1.28,4.19,4.3,0,0,910,0
1152.98,800,1.28,4,3.9,0,0,910,0
1153.17,840,1.28,4.22,3.9,0.8,0,910,0
1153.37,840,1.28,4.28,3.9,0,0,910,0
1153.57,840,1.53,4.31,3.9,-0.8,0,910,0
1153.76,880,1.79,7.44,5.9,6.8,0,910,0
1153.95,1040,1.79,7.33,7.1,7.5,0,910,0
1154.17,1160,1.28,5.67,5.9,-5.3,0,910,0
1154.37,1200,1.02,5.36,5.5,3,0,910,0
1154.58,1160,1.02,5.56,5.5,10.5,0,910,0
1154.76,1160,1.02,5.86,5.5,15.8,0,910,0
1154.95,1120,1.02,5.78,5.5,12.8,0,910,0
1155.15,1160,1.28,7.11,5.9,24,0,910,0
1155.34,1240,1.53,8.53,7.5,22.5,0,910,0
1155.52,1280,1.79,10.17,8.2,24,0,910,0
1155.73,1360,1.79,10.67,9.4,18,0,910,0
1155.93,1400,1.79,11.78,10.6,18,0,920,0
1156.13,1400,2.04,12.58,11,17.3,0,920,0
1156.32,1400,2.04,13.11,11.4,24,1,920,0
1156.5,1360,2.29,13.61,12.5,21.8,2,930,0
1156.71,1320,2.29,13.33,12.5,21.8,3,940,0
1156.9,1280,2.55,13.19,12.9,19.5,4,950,0
1157.09,1200,2.55,12.14,11.8,8.3,5,950,0
1157.3,1120,2.29,11.17,11,9.8,6,960,0
1157.48,1040,2.55,10.58,10.6,15,7,960,0
1157.67,1200,2.55,11.64,10.6,15.8,8,960,0
1157.89,1280,2.55,12.03,11,13.5,9,960,0
1158.07,1400,2.29,13.25,11,20.3,10,960,0
1158.28,1480,2.29,13.89,11.8,21,11,970,0
1158.47,1600,2.29,16.36,13.7,22.5,12,970,0
1158.65,1680,2.55,18.5,14.5,22.5,13,970,0
1158.86,1840,2.55,21.86,16.5,23.3,14,990,0
1159.04,1960,2.29,23.42,18,23.3,15,1010,0
1159.23,2080,2.29,24.17,18,25.5,16,1030,0
1159.43,2240,2.29,25.22,18,27.8,17,1050,0
1159.62,2360,2.04,27.53,18.8,27,18,1060,0
1159.82,2520,2.04,27.94,19.2,24.8,19,1080,0
1160.01,2640,1.79,25.25,16.9,25.5,21,1090,0
1160.2,2760,1.79,25.47,16.5,26.3,22,1090,0
1160.4,2840,1.79,26.97,16.9,27.8,23,1090,0
1160.59,2960,1.53,27.14,17.3,27,24,1090,0
1160.78,3040,1.53,25.19,17.3,27.8,25,1100,0
1160.98,3080,1.28,21.06,14.1,33.8,26,1100,0
1161.17,3160,1.02,20.69,13.7,23.3,26,1080,0
1161.36,3200,1.02,16.67,14.1,34.5,27,1070,0
1161.56,3240,0.77,14,11.4,34.5,28,1060,0
1161.76,3240,0.77,16.67,11.4,35.3,28,1040,0
1161.97,3280,1.02,17.33,12.5,34.5,28,1030,0
1162.15,3320,1.02,20.33,13.3,34.5,28,1020,0
1162.34,3360,1.28,26.08,15.3,33.8,29,1020,0
1162.55,3440,1.53,32.19,16.9,33,29,1040,0
1162.74,3560,1.79,36.19,19.6,30,30,1090,0
1162.93,3640,1.79,39.53,20.4,29.3,30,1120,0
1163.14,3760,1.79,39.97,21.2,27.8,31,1140,0
1163.32,3880,1.79,38.97,21.2,27,32,1140,0
1163.51,4000,1.79,39.78,21.6,27,33,1130,0
1163.72,4120,1.79,40.94,22,27,34,1130,0
1163.9,4120,0,18.08,18,24,35,1110,0
1164.11,3800,0,12.94,11,-2.3,36,1060,0
1164.29,3480,0,13.36,11,-3,36,1010,0
1164.48,3200,0,12.44,10.6,-3.8,36,990,0
1164.68,2880,0.77,11.36,9.8,-3.8,36,970,0
1164.89,2760,0.77,10.03,9,0.8,36,970,0
1165.08,2600,1.02,12.83,9.4,18.8,36,950,0
1165.29,2600,1.28,16.11,11,21.8,37,940,0
1165.48,2600,1.53,19.72,13.7,24,37,950,0
1165.67,2640,1.79,23.08,14.9,24,37,960,0
1165.87,2680,2.04,27.06,16.5,26.3,37,980,0
1166.06,2720,2.04,27.53,18.4,26.3,38,1010,0
1166.26,2760,2.04,29.86,18.4,27,38,1040,0
1166.45,2840,2.04,30.89,19.2,25.5,39,1080,0
1166.64,2880,1.79,30.64,18.8,26.3,39,1100,0
1166.84,2920,1.79,31.56,18.8,26.3,40,1110,0
1167.03,2960,1.79,31,19.2,25.5,41,1110,0
1167.21,3040,2.04,32.08,19.2,25.5,42,1120,0
1167.44,3080,1.79,32.58,19.2,26.3,42,1120,0
1167.62,3120,1.79,33.28,19.2,26.3,43,1120,0
1167.81,3200,2.04,34.28,19.6,27,44,1120,0
1168.01,3240,1.79,34.28,19.6,27,45,1120,0
1168.2,3280,1.79,33.92,20,27,45,1120,0
1168.41,3360,1.79,35.61,20,27,46,1120,0
1168.62,3400,2.29,40.31,20.4,28.5,47,1110,0
1168.81,3480,2.29,42.89,23.1,27,48,1120,0
1169.01,3560,2.29,43.94,23.9,26.3,49,1120,0
1169.19,3600,2.29,44.5,24.7,26.3,50,1130,0
1169.39,3680,2.29,45.36,24.7,26.3,50,1130,0
1169.59,3760,2.29,45.72,25.1,26.3,51,1130,0
1169.78,3840,2.29,49.42,25.5,26.3,52,1130,0
1169.99,3880,2.29,48,25.5,26.3,53,1130,0
1170.18,3920,1.28,22.19,25.9,26.3,54,1170,0
1170.37,3720,0,10.36,13.3,30,55,1090,0
1170.57,3400,0,12.19,10.2,-2.3,56,1030,0
1170.76,3080,0,11.17,10.2,-3.8,56,1000,0
1170.95,2880,0.77,10.83,9.8,-3.8,56,980,0
1171.15,2760,1.53,18.14,9,20.3,56,960,0
1171.34,2760,2.29,32.56,18.4,19.5,56,930,0
1171.53,2800,2.29,36.25,21.2,19.5,56,1000,0
1171.73,2840,2.55,38.58,23.5,22.5,56,1070,0
1171.92,2880,2.55,39.22,23.1,23.3,57,1110,0
1172.12,2920,2.55,37.11,22.7,24,58,1130,0
1172.3,2960,2.29,37.39,23.1,24,58,1130,0
1172.5,3000,2.29,38.69,23.1,24.8,59,1130,0
1172.7,3040,2.29,39.58,23.5,24,60,1130,0
1172.88,3080,2.29,40.89,23.5,24,61,1130,0
1173.07,3120,2.29,41.92,23.9,23.3,61,1130,0
1173.29,3160,2.29,39.11,24.3,23.3,62,1140,0
1173.48,3160,2.04,37.11,21.6,25.5,63,1150,0
1173.67,3200,2.04,35.03,20.4,26.3,64,1140,0
1173.89,3240,1.79,32.36,19.2,26.3,64,1140,0
1174.07,3240,1.79,31.67,18.8,28.5,65,1120,0
1174.28,3280,1.28,23,16.5,29.3,65,1120,0
1174.49,3280,1.02,16.03,14.5,33,66,1110,0
1174.68,3280,0.77,14.53,11,34.5,66,1080,0
1174.89,3280,0.77,15.08,11,34.5,66,1050,0
1175.07,3280,0.77,14.94,11.4,34.5,66,1030,0
1175.26,3280,0.77,15,11.4,34.5,66,1020,0
1175.48,3280,0.77,14.94,11.4,34.5,66,1010,0
1175.67,3280,0.77,14.92,11.4,34.5,66,1010,0
1175.87,3280,0.77,14.67,11,34.5,66,1000,0
1176.06,3280,0.77,15.44,11,34.5,66,1000,0
1176.25,3280,0.77,17.56,12.2,34.5,66,1000,0
1176.45,3280,1.02,21.5,12.5,34.5,66,1000,0
1176.64,3280,1.28,25.19,16.5,33.8,66,1010,0
1176.82,3280,1.28,28.86,16.9,33,66,1030,0
1177.03,3320,1.53,33.08,18,31.5,66,1070,0
1177.21,3320,1.79,33.53,18.8,29.3,67,1110,0
1177.4,3360,1.79,33.67,18.8,29.3,67,1130,0
1177.62,3360,1.79,32.81,19.2,29.3,67,1130,0
1177.81,3400,1.79,33.53,19.6,28.5,68,1130,0
1178.01,3440,1.79,34.44,19.6,28.5,68,1120,0
1178.2,3440,1.79,35.28,20,28.5,69,1120,0
1178.39,3480,1.79,35.69,20,28.5,69,1130,0
1178.59,3480,1.79,36.28,20.4,28.5,70,1130,0
1178.78,3520,1.79,36.97,20.4,27.8,70,1130,0
1178.96,3560,2.04,36.17,20.4,27.8,71,1130,0
1179.18,3560,2.04,37.33,20.4,28.5,71,1130,0
1179.37,3600,1.79,37.36,20.8,28.5,72,1130,0
1179.57,3600,1.79,38.31,20.8,28.5,72,1130,0
1179.76,3640,2.04,38.69,21.2,28.5,73,1130,0
1179.95,3680,2.04,38.69,21.2,28.5,73,1130,0
1180.15,3680,2.04,38.5,21.2,27.8,74,1130,0
1180.34,3720,1.79,39.11,21.2,27.8,74,1130,0
1180.53,3720,2.04,39.67,21.6,28.5,75,1130,0
1180.73,3760,2.04,38.61,21.6,27,75,1130,0
1180.92,3800,1.79,39.94,22,27.8,76,1130,0
1181.11,3800,2.04,40.94,22.4,27,76,1130,0
1181.31,3840,2.04,40.64,22.7,27,77,1130,0
1181.49,3880,2.04,42,22.7,27,77,1130,0
1181.7,3880,2.04,42.75,22.7,27,78,1130,0
1181.89,3920,2.04,43.83,23.1,27,78,1130,0
1182.09,3960,2.04,42.89,23.1,27,79,1130,0
1182.3,3960,2.04,44.28,23.1,27,79,1130,0
1182.48,4000,2.04,45.06,23.5,27,80,1130,0
1182.67,4000,2.04,45.72,23.5,27,80,1130,0
1182.87,4040,2.04,48.67,24.3,27,81,1120,0
1183.07,4080,2.04,47.94,25.5,27,81,1130,0
1183.28,4120,2.04,49.39,25.5,27,82,1130,0
1183.48,4120,2.04,49.31,25.5,27,83,1130,0
1183.67,4160,2.04,49.22,25.9,27,83,1130,0
1183.87,4200,2.04,49.81,25.9,27,84,1130,0
1184.06,4240,2.04,51.47,25.9,27,84,1130,0
1184.27,4240,2.04,50.83,25.9,27,85,1130,0
1184.47,4240,0,21.03,20.4,24,86,1120,0
1184.66,3920,0,12.28,10.6,-1.5,86,1070,0
1184.85,3640,0,13.81,11.4,-2.3,86,1020,0
1185.04,3320,0,12.28,10.6,-3.8,86,990,0
1185.23,3160,0.77,11.61,10.2,-3.8,86,990,0
1185.43,3200,1.28,20.08,9.8,20.3,86,960,0
1185.62,3160,1.79,31.72,17.6,21,86,950,0
1185.83,3160,1.79,28,16.9,24,86,1010,0
1186.01,3160,1.79,28.19,17.6,29.3,86,1050,0
1186.19,3160,1.79,27.33,16.9,30,86,1080,0
1186.42,3160,1.79,26.5,16.5,30.8,86,1090,0
1186.61,3200,1.53,26.56,16.5,31.5,86,1100,0
1186.81,3200,1.53,26.75,16.5,31.5,86,1100,0
1187.01,3200,1.53,27.75,16.5,30.8,86,1100,0
1187.2,3200,1.53,27.64,16.5,30,87,1100,0
1187.4,3200,1.53,27.25,16.5,30,87,1100,0
1187.59,3200,1.53,27.94,16.5,30.8,87,1100,0
1187.78,3200,1.53,26.92,16.5,30.8,87,1100,0
1187.98,3240,1.53,30.28,16.9,30.8,87,1100,0
1188.17,3240,1.53,29.81,17.3,30,87,1110,0
1188.36,3240,1.79,30.06,17.6,30,87,1110,0
1188.57,3240,1.53,30.56,18,29.3,88,1120,0
1188.76,3240,1.79,30.5,17.6,30,88,1120,0
1188.97,3280,1.79,31.94,18,29.3,88,1120,0
1189.15,3280,1.79,31.08,18,29.3,88,1120,0
1189.34,3280,1.79,30.81,18,29.3,89,1120,0
1189.55,3280,1.79,31.69,18,29.3,89,1120,0
1189.75,3280,1.53,23.64,17.3,30,89,1130,0
1189.93,3280,1.28,21,14.5,33,89,1110,0
1190.13,3280,1.02,17.22,13.7,33.8,89,1090,0
1190.32,3280,1.02,15.36,11.4,34.5,89,1070,0
1190.53,3280,0.77,15,11.4,33.8,89,1050,0
1190.72,3280,0.77,12.72,10.6,34.5,89,1030,0
1190.9,3240,0.77,12.31,9.8,34.5,89,1020,0
1191.11,3240,0.51,11.08,9,35.3,89,1010,0
1191.29,3200,0.51,9.94,8.2,24,89,1000,0
1191.48,3240,0.51,10.36,8.2,23.3,88,990,0
1191.68,3200,0.51,10.94,8.6,16.5,88,980,0
1191.87,3200,0.51,10.47,8.6,12,88,970,0
1192.05,3200,0.51,10.69,8.6,9.8,87,970,0
1192.25,3200,0.51,10.69,8.6,10.5,87,970,0
1192.45,3160,0.51,10.42,9,12,87,960,0
1192.65,3160,0.51,10.64,9,12,86,960,0
1192.84,3160,0.51,10.61,8.6,12,86,960,0
1193.02,3160,0.51,10.22,8.6,11.3,86,960,0
1193.24,3120,0.51,10.72,8.6,11.3,86,960,0
1193.44,3120,0.51,10.42,8.6,14.3,85,960,0
1193.62,3120,0.51,10.67,8.6,30.8,85,960,0
1193.83,3120,0.77,12.5,9.4,30.8,85,950,0
1194.01,3120,1.02,18.72,11.4,30.8,85,950,0
1194.21,3080,1.02,19.61,13.7,28.5,84,960,0
1194.4,3120,1.28,23.47,15.3,28.5,84,980,0
1194.59,3120,1.28,23.25,15.7,31.5,84,1010,0
1194.81,3120,1.28,23.19,15.3,33,84,1030,0
1194.99,3120,1.53,27.31,15.3,32.3,84,1040,0
1195.18,3120,2.29,46.06,22,30,84,1030,0
1195.39,3160,2.55,52.97,29.8,23.3,85,1100,0
1195.57,3160,2.81,53.56,34.9,23.3,85,1150,0
1195.78,3200,2.81,57.44,38.4,22.5,86,1210,0
1195.96,3240,3.06,64.03,38.8,22.5,86,1310,0
1196.15,3280,3.31,69.19,38.4,21.8,87,1400,0
1196.35,3320,3.57,72.44,42,14.3,88,1460,0
1196.54,3360,3.83,75.94,67.1,15,89,1520,0
1196.73,3360,3.83,76.69,83.1,12,90,1540,0
1196.93,3440,3.83,79.36,83.9,14.3,91,1550,0
1197.12,3440,3.83,76.81,76.5,9.8,92,1560,0
1197.31,3480,3.83,72.89,49.8,9.8,93,1530,0
1197.51,3520,3.31,75.61,39.2,11.3,94,1500,0
1197.7,3560,3.31,66.47,40,12.8,95,1510,0
1197.9,3600,3.31,70.72,34.5,16.5,96,1430,0
1198.09,3640,3.06,70.5,35.3,17.3,97,1460,0
1198.28,3640,3.06,71.92,33.3,20.3,98,1460,0
1198.48,3680,3.31,69.97,33.3,16.5,98,1470,0
1198.67,3680,1.79,30.58,29.4,18.8,99,1410,0
1198.86,3440,0,2.39,15.3,-5.3,100,1210,0
1199.06,3120,0,8.39,8.2,-3,100,1090,0
1199.24,2840,0,8.61,9,-3.8,100,1040,0
1199.46,2520,0,8.94,8.2,-4.5,100,1000,0
1199.65,2320,0.77,8.31,7.8,-4.5,100,980,0
1199.84,2440,1.28,16.53,16.9,18,99,970,0
1200.06,2680,0.77,11.25,17.3,17.3,99,1010,0
1200.26,2680,0.51,8.11,7.5,-4.5,99,1010,0
1200.45,2800,0.51,9.5,7.8,-4.5,99,1000,0
1200.65,2840,0.77,10.47,8.2,3,98,980,0
1200.84,2840,1.02,14.42,8.6,9.8,98,970,0
1201.04,2840,1.28,19.86,13.7,19.5,98,960,0
1201.23,2840,2.04,29.75,14.1,24,98,960,0
1201.42,2840,2.04,33.17,20.8,22.5,98,1000,0
1201.62,2840,2.04,33.08,20.4,24.8,98,1060,0
1201.81,2840,2.04,33.22,19.6,24.8,98,1100,0
1201.99,2840,2.04,33.5,19.2,24.8,98,1120,0
1202.2,2840,2.81,46.25,23.5,25.5,98,1100,0
1202.39,2880,3.06,56.69,38,22.5,99,1180,0
1202.57,2920,3.06,62.44,44.7,21.8,99,1290,0
1202.78,2920,3.06,51.58,36.5,16.5,99,1400,0
1202.96,2920,3.06,54.25,28.6,18,100,1380,0
1203.17,2960,3.06,52.47,27.5,21,101,1400,0
1203.36,2960,3.06,50.61,27.8,20.3,101,1380,0
1203.54,3000,2.81,49.33,28.2,19.5,102,1330,0
1203.75,3000,2.81,51.14,29.4,21,102,1290,0
1203.93,3000,2.81,45.31,31,21.8,103,1270,0
1204.12,3040,2.29,34.83,22,22.5,103,1230,0
1204.32,3040,2.04,35.39,20.4,24.8,104,1160,0
1204.51,3040,2.04,35.33,20.4,24.8,104,1140,0
1204.7,3040,2.04,35.19,20.4,25.5,104,1130,0
1204.92,3040,1.53,27.86,19.2,24.8,105,1140,0
1205.11,3040,1.53,23.92,16.5,30,105,1120,0
1205.32,3040,0.77,13.39,12.5,33,105,1060,0
1205.51,3040,0.77,14.89,11.8,36.8,105,1020,0
1205.7,3040,0.77,11.14,10.6,37.5,105,1010,0
1205.9,3040,0.51,10.06,9,37.5,105,990,0
1206.09,3000,0.51,10.31,8.6,31.5,104,970,0
1206.28,3000,0.51,10.86,9,17.3,104,960,0
1206.48,3000,0.51,10.86,9.4,7.5,104,950,0
1206.67,3000,0.51,11.47,9.4,0,104,950,0
1206.87,2960,0.77,11.42,9.4,-1.5,103,950,0
1207.05,2960,0,11.47,9.4,-4.5,103,940,0
1207.24,2960,0,11.42,9.4,0,103,940,0
1207.45,2960,0,11.03,9.4,-4.5,102,960,0
1207.63,2920,0,10.97,9,-4.5,102,960,0
1207.82,2920,0,10.86,9,-4.5,101,960,0
1208.03,2920,0,11,9,-4.5,101,960,0
1208.21,2920,0,10.14,8.6,-4.5,101,960,0
1208.4,2880,0,10.47,8.6,-4.5,100,960,0
1208.61,2880,0,10.39,8.6,-4.5,100,960,0
1208.8,2880,0,10.58,8.6,-4.5,99,960,0
1209,2840,0,9.75,8.2,-4.5,99,960,0
1209.18,2840,0,10.08,8.2,-4.5,99,960,0
1209.37,2840,0,10.25,8.2,-4.5,98,960,0
1209.58,2840,0,9.92,8.2,-4.5,98,960,0
1209.76,2800,0,9.56,8.2,-4.5,97,960,0
1209.95,2800,0,9.25,8.2,-4.5,97,960,0
1210.15,2800,0,9.86,8.2,-3.8,97,960,0
1210.34,2760,0,9.64,8.2,-4.5,96,960,0
1210.53,2760,0,9.58,8.2,-4.5,96,960,0
1210.75,2760,0,9.78,8.2,-4.5,96,960,0
1210.97,2760,0.77,9.61,8.2,-4.5,95,960,0
1211.16,2760,1.02,11.19,7.8,-2.3,95,960,0
1211.36,2720,2.04,28.39,16.1,18,94,920,0
1211.54,2760,2.55,33.89,19.2,15,94,970,0
1211.74,2760,3.06,45.47,27.1,20.3,94,1010,0
1211.93,2760,3.06,45.94,32.5,18.8,95,1100,0
1212.12,2760,2.81,42.58,33.3,18.8,95,1140,0
1212.32,2800,2.81,46.58,33.3,21,95,1150,0
1212.51,2800,2.81,46.94,34.5,21.8,96,1180,0
1212.71,2840,3.06,49.75,35.3,22.5,96,1210,0
1212.9,2840,3.06,58.67,38.8,20.3,97,1270,0
1213.09,2880,3.57,64.75,72.2,17.3,97,1380,0
1213.3,2920,3.83,71.72,99.6,16.5,98,1510,0
1213.48,2920,4.08,75.17,98.4,13.5,99,1600,0
1213.67,2960,4.08,78.64,99.2,7.5,100,1690,0
1213.87,3000,4.34,81.08,99.2,7.5,101,1770,0
1214.06,3000,4.59,81.36,98.8,7.5,101,1820,0
1214.24,3000,4.59,83.97,98.8,9.8,102,1830,0
1214.45,3040,4.59,87.69,99.6,9,103,1860,0
1214.63,3080,4.84,88.64,99.6,5.3,104,1890,0
1214.83,3080,4.84,87.22,99.6,2.3,105,1900,0
1215.03,3160,4.84,89.64,99.6,0.8,106,1870,0
1215.22,3200,4.84,85.56,99.6,6,107,1880,0
1215.43,3200,4.84,91.53,99.6,3.8,108,1900,0
1215.62,3240,5.61,91.78,99.6,4.5,109,1880,0
1215.82,3240,5.87,91.67,99.6,7.5,110,1880,0
1216.03,3280,5.36,91.17,99.6,6.8,111,1870,0
1216.21,3320,4.84,84.78,99.6,6.8,112,1850,0
1216.4,3360,5.36,86.61,99.6,4.5,113,1830,0
1216.61,3360,4.08,70.39,74.5,6,114,1740,0
1216.79,3360,3.31,56.42,34.5,10.5,115,1570,0
1217,3360,2.04,21.33,25.1,13.5,115,1420,0
1217.19,3360,1.53,24.31,19.6,21.8,116,1160,0
1217.37,3360,1.28,22.19,16.5,32.3,116,1090,0
1217.58,3400,0.77,12.39,12.5,33,116,1060,0
1217.76,3200,0.51,10.97,9,-2.3,116,1030,0
1217.95,3000,0.77,11.42,9.4,-3.8,116,1000,0
1218.15,2800,0.77,10.19,9,-4.5,116,980,0
1218.34,2760,0.77,9.56,8.6,-4.5,115,970,0
1218.53,2800,0.77,10.28,8.2,-2.3,115,960,0
1218.73,2760,0.77,9.89,8.6,-3,115,950,0
1218.93,2760,0,10.53,8.6,-1.5,115,940,0
1219.14,2760,0.77,11.5,8.6,6,114,940,0
1219.32,2760,0,10.75,8.6,-1.5,114,950,0
1219.51,2720,0,10.5,8.6,-1.5,114,950,0
1219.71,2720,0,10.06,8.2,-1.5,113,950,0
1219.9,2720,0,9.61,8.2,-1.5,113,950,0
1220.09,2720,0,9.78,8.2,-2.3,112,950,0
1220.29,2720,0,9.53,7.8,-2.3,112,950,0
1220.48,2680,0.51,9.89,7.8,-4.5,112,950,0
1220.69,2680,0.77,9.61,7.8,-3,111,950,0
1220.87,2680,0.77,9,7.8,1.5,111,950,0
1221.06,2720,1.02,13.28,9.4,12,111,940,0
1221.28,2680,1.02,13.03,10.2,11.3,110,950,0
1221.46,2680,1.02,14.94,11,24,110,950,0
1221.65,2640,1.28,14.25,11,22.5,110,950,0
1221.86,2640,1.28,14.08,11,24,110,960,0
1222.05,2640,1.28,14.81,11,27,109,960,0
1222.23,2640,1.28,16.78,11.4,27.8,109,960,0
1222.43,2640,1.28,17.31,12.5,27,109,970,0
1222.62,2640,1.53,18.78,13.3,28.5,109,980,0
1222.82,2640,1.28,19.08,13.7,30.8,109,990,0
1223.01,2640,1.28,19.06,13.7,30.8,109,1000,0
1223.2,2640,1.28,19.28,13.7,30.8,109,1010,0
1223.4,2640,1.28,19.36,13.7,31.5,109,1010,0
1223.59,2640,1.28,18.42,13.3,31.5,108,1020,0
1223.78,2640,1.28,19.36,13.3,31.5,108,1020,0
1223.98,2600,1.28,19.08,13.3,30.8,108,1020,0
1224.17,2600,1.02,15.06,13.3,30.8,108,1030,0
1224.35,2600,1.02,14.28,10.6,34.5,108,1020,0
1224.56,2600,1.02,13.69,11,34.5,108,1010,0
1224.74,2600,1.02,12.19,9.8,35.3,108,1000,0
1224.94,2600,1.02,12.44,10.2,36,107,990,0
1225.14,2600,0.77,12.33,10.2,36,107,980,0
1225.32,2600,0.77,11.08,9.8,36,107,980,0
1225.53,2600,0.77,11.33,9,37.5,107,970,0
1225.72,2560,0.77,10.44,8.6,37.5,107,970,0
1225.9,2560,0.77,9.31,8.6,37.5,106,960,0
1226.1,2520,0.51,8.22,7.5,34.5,106,960,0
1226.3,2560,0.51,7.58,7.1,12,106,950,0
1226.52,2560,0.51,8.19,7.1,3.8,106,950,0
1226.73,2520,0.51,8.56,7.1,-3,105,950,0
1226.92,2520,0,8.25,7.5,-4.5,105,940,0
1227.12,2520,0.77,8.64,7.5,6.8,104,940,0
1227.31,2520,0,8.78,7.5,-4.5,104,940,0
1227.5,2480,0,8.19,7.5,-4.5,104,940,0
1227.7,2480,0,8.33,7.5,-4.5,103,940,0
1227.89,2480,0,8.39,7.5,-4.5,103,940,0
1228.08,2480,0,8.69,7.5,-5.3,102,940,0
1228.28,2440,0,8.28,7.5,-5.3,102,940,0
1228.47,2440,0,8.19,7.1,-5.3,102,940,0
1228.66,2440,0,8.28,7.1,-5.3,101,940,0
1228.86,2440,0,8.14,7.1,-5.3,101,940,0
1229.04,2400,0,8.28,7.1,-5.3,100,940,0
1229.25,2400,0,8.03,7.1,-5.3,100,940,0
1229.44,2360,0,8.03,7.1,-5.3,99,940,0
1229.62,2320,0,7.72,7.1,-5.3,98,940,0
1229.82,2280,0,7.56,6.7,-5.3,97,940,0
1230.01,2280,0,7.61,6.7,-5.3,96,940,0
1230.22,2240,0,7.64,6.7,-5.3,95,940,0
1230.4,2200,0,7.67,6.7,-5.3,94,940,0
1230.59,2200,0,7.36,6.3,-5.3,92,940,0
1230.8,2160,0,7.08,6.3,-5.3,91,950,0
1230.98,2120,0,7.17,6.3,-5.3,90,950,0
1231.17,2080,0,7,6.3,-5.3,89,950,0
1231.38,2080,0,6.56,5.9,-5.3,87,950,0
1231.57,2040,0,6.53,5.9,-4.5,86,950,0
1231.76,2000,0,6.44,5.9,-4.5,85,950,0
1231.98,2000,0,6.53,5.9,-4.5,84,950,0
1232.17,2000,0,6.33,5.9,-5.3,83,950,0
1232.37,1960,0,6,5.5,-4.5,83,940,0
1232.56,1960,0,6.28,5.5,-5.3,82,940,0
1232.75,1920,0,6.08,5.5,-5.3,81,940,0
1232.94,1920,0,6.19,5.5,-5.3,80,940,0
1233.14,1880,0,6.08,5.5,-6,80,940,0
1233.32,1880,0,6,5.5,-6,79,940,0
1233.53,1880,0,6.11,5.5,-6,78,940,0
1233.71,1880,0,5.97,5.5,-6,78,940,0
1233.92,1840,0,5.89,5.5,-6,77,940,0
1234.11,1840,0,5.72,5.1,-6.8,77,940,0
1234.29,1840,0,5.56,5.1,-6.8,76,940,0
1234.49,1800,0,5.72,5.1,-6.8,76,940,0
1234.68,1800,0,5.86,5.1,-6.8,75,940,0
1234.87,1800,0,5.83,5.1,-6.8,75,940,0
1235.07,1800,0,5.89,5.1,-7.5,74,940,0
1235.26,1760,0,5.5,5.1,-7.5,74,940,0
1235.45,1760,0,5.64,5.1,-7.5,74,940,0
1235.65,1760,0,5.56,5.1,-7.5,73,940,0
1235.84,1760,0,5.42,5.1,-7.5,73,940,0
1236.05,1720,0,5.44,5.1,-7.5,72,940,0
1236.23,1720,0,5.53,5.1,-7.5,72,940,0
1236.41,1720,0,5.58,5.1,-7.5,72,940,0
1236.62,1720,0,5.39,5.1,-7.5,71,940,0
1236.81,1680,0,5.25,5.1,-7.5,71,940,0
1237,1680,0,5.17,5.1,-7.5,71,930,0
1237.21,1680,0,5.25,5.1,-7.5,70,930,0
1237.41,1680,0,5.56,5.1,-7.5,70,930,0
1237.59,1680,0,5.42,5.1,-7.5,69,930,0
1237.79,1640,0,5.17,5.1,-7.5,69,930,0
1237.98,1640,0,5.19,5.1,-7.5,69,930,0
1238.19,1640,0,5.22,5.1,-7.5,68,930,0
1238.38,1640,0,5.14,4.7,-7.5,68,930,0
1238.57,1600,0,5.25,4.7,-7.5,67,930,0
1238.78,1600,0,5.08,4.7,-7.5,67,930,0
1238.98,1600,0,4.81,4.7,-7.5,67,930,0
1239.17,1600,0,4.81,4.7,-6.8,66,930,0
1239.37,1600,0.77,5.03,4.7,-6.8,66,930,0
1239.56,1600,1.28,8.83,7.1,15,66,930,0
1239.76,1600,2.55,16.78,11.4,3.8,65,920,0
1239.95,1560,2.81,18.72,14.9,14.3,65,920,0
1240.13,1600,2.81,19.72,16.5,18,65,940,0
1240.34,1600,2.81,21.92,18.8,18,65,960,0
1240.52,1600,3.06,24.17,22,16.5,65,980,0
1240.71,1600,3.31,25.56,25.1,15,66,1010,0
1240.91,1600,3.31,26.92,27.8,14.3,66,1040,0
1241.1,1600,3.06,26.08,29,14.3,66,1060,0
1241.3,1640,2.81,26.81,28.6,14.3,66,1090,0
1241.5,1640,3.06,28.17,31.8,12.8,67,1110,0
1241.69,1640,3.06,28.81,38,12,67,1140,0
1241.89,1640,3.06,28.47,38,11.3,67,1160,0
1242.08,1680,3.31,29.89,36.9,12,68,1180,0
1242.26,1680,3.31,31.11,45.9,9,68,1200,0
1242.48,1680,3.06,30.22,53.3,9,69,1230,0
1242.67,1680,3.31,29.42,27.8,8.3,69,1240,0
1242.86,1720,3.06,26.75,24.7,11.3,69,1240,0
1243.06,1720,3.06,27.89,22.4,13.5,70,1230,0
1243.25,1720,3.06,29.28,23.1,10.5,70,1220,0
1243.45,1720,2.55,19.06,21.2,6,71,1170,0
1243.64,1720,1.79,12.72,16.1,9.8,71,1110,0
1243.83,1720,1.28,9.78,10.6,23.3,71,1070,0
1244.04,1720,1.02,7.64,8.6,17.3,71,1030,0
1244.23,1720,0.77,6.33,6.7,7.5,71,1000,0
1244.42,1720,0.51,5.36,5.5,3.8,71,980,0
1244.62,1720,0.51,4.89,5.1,1.5,71,960,0
1244.81,1720,0.51,4.97,5.1,-1.5,71,950,0
1245.01,1680,0.51,4.83,4.7,-2.3,71,940,0
1245.2,1680,0,4.97,5.1,-7.5,70,930,0
1245.39,1680,0.51,4.92,5.1,-1.5,70,930,0
1245.58,1640,0,6.56,5.1,-7.5,69,930,0
1245.78,1600,0,5.11,4.7,-7.5,68,930,0
1245.97,1520,0,4.97,4.7,-6.8,67,930,0
1246.17,1480,0,4.75,4.7,-6.8,65,930,0
1246.36,1440,0,4.61,4.3,-6.8,63,930,0
1246.54,1400,0,4.56,4.3,-6.8,61,930,0
1246.74,1360,0,3.89,4.3,-6.8,59,930,0
1246.93,1280,0,3.97,3.9,-7.5,57,930,0
1247.15,1240,0,3.94,3.9,-8.3,56,920,0
1247.34,1160,0,3.89,3.9,-8.3,53,920,0
1247.53,1120,0.77,3.78,3.5,-8.3,51,920,0
1247.74,1080,0.77,4.47,4.3,-2.3,49,920,0
1247.93,1000,1.02,4.31,4.3,-3.8,46,920,0
1248.12,960,1.02,4.61,4.3,-3,44,920,0
1248.32,920,1.02,4.06,4.3,2.3,42,920,0
1248.51,880,1.02,3.89,3.9,1.5,40,910,0
1248.72,840,1.02,4.22,3.9,0,37,910,0
1248.91,840,1.02,4.06,3.9,3,34,910,0
1249.12,840,1.02,4.03,3.9,3,31,910,0
1249.33,800,1.02,3.92,3.9,3.8,28,910,0
1249.51,800,1.02,3.86,3.9,6,26,910,0
1249.7,800,1.02,3.92,3.9,5.3,23,910,0
1249.91,800,1.02,3.78,3.9,5.3,20,910,0
1250.09,800,1.02,3.94,3.9,5.3,18,910,0
1250.3,800,1.02,4,3.9,4.5,16,910,0
1250.48,800,1.02,4.03,3.9,4.5,14,910,0
1250.67,800,1.02,4.03,3.9,3.8,12,910,0
1250.87,800,1.02,3.94,3.9,4.5,10,910,0
1251.06,800,1.02,3.89,3.9,6,8,910,0
1251.25,800,1.28,4.06,3.9,6.8,7,910,0
1251.45,800,1.28,4.19,3.9,5.3,6,910,0
1251.64,800,1.28,4.22,3.9,3,5,910,0
1251.82,800,1.28,4.08,3.9,1.5,5,910,0
1252.02,840,2.04,4.17,3.9,6.8,5,910,0
1252.22,1040,3.06,12.28,14.5,5.3,4,900,0
1252.41,1320,2.04,7.86,9,-9.8,4,910,0
1252.6,1360,1.79,9.75,8.6,8.3,4,910,0
1252.79,1280,2.04,11.58,9.8,23.3,4,910,0
1253,1240,2.55,12.22,10.6,21.8,5,920,0
1253.18,1280,2.29,13.39,12.9,21,5,920,0
1253.37,1320,2.55,14.78,14.5,18.8,6,930,0
1253.57,1360,2.81,16.19,16.1,17.3,7,940,0
1253.76,1440,2.55,17.72,17.6,16.5,8,950,0
1253.95,1520,2.55,19.11,18,17.3,9,970,0
1254.15,1600,2.55,20.14,18.4,18,11,990,0
1254.34,1680,2.55,21.17,18.4,18,12,1010,0
1254.54,1840,2.29,23.06,18.4,20.3,13,1020,0
1254.73,2000,2.29,25.08,18.4,24,15,1040,0
1254.92,2160,2.29,26.19,18.8,26.3,16,1060,0
1255.12,2280,2.04,22.69,17.6,27,17,1080,0
1255.31,2400,1.79,20.92,14.9,27.8,19,1090,0
1255.49,2480,1.53,21.11,14.5,27.8,20,1080,0
1255.7,2600,1.79,21.61,14.9,27.8,21,1070,0
1255.89,2680,1.53,21.69,14.9,28.5,22,1060,0
1256.07,2760,1.53,22.72,14.9,29.3,22,1060,0
1256.28,2840,1.53,24.47,15.3,30.8,23,1060,0
1256.48,2920,1.79,27.25,16.9,29.3,24,1070,0
1256.68,3040,1.53,27,17.3,28.5,25,1090,0
1256.87,3160,1.79,29.92,17.3,29.3,26,1100,0
1257.06,3240,1.79,30.53,18,29.3,27,1110,0
1257.26,3280,1.02,8.89,18,29.3,27,1150,0
1257.45,3160,0.51,8.69,9.8,34.5,28,1060,0
1257.64,2920,0.51,9.61,9,-1.5,29,1020,0
1257.85,2720,0.77,9.58,9,-4.5,29,1000,0
1258.04,2600,0.51,8.64,8.2,-4.5,29,980,0
1258.27,2440,1.02,12.61,7.8,14.3,29,960,0
1258.47,2280,2.04,22.22,12.9,18.8,29,930,0
1258.65,2200,2.04,24.89,17.6,16.5,29,960,0
1258.86,2240,2.29,28,18.4,21,30,990,0
1259.04,2320,2.55,35.22,25.5,24.8,31,1020,0
1259.23,2360,2.55,40.36,32.2,21,31,1070,0
1259.43,2480,2.81,44.19,34.1,21.8,33,1160,0
1259.62,2600,3.06,48.78,33.3,21,34,1240,0
1259.82,2720,3.31,56.03,33.3,21,35,1330,0
1260.01,2840,3.31,57.39,33.3,18,37,1410,0
1260.2,2960,3.31,62,32.9,19.5,38,1460,0
1260.4,3080,3.57,63.31,33.7,13.5,40,1490,0
1260.59,3200,3.31,65.14,34.5,18,42,1490,0
1260.78,3360,3.31,65.72,36.5,18.8,44,1480,0
1260.98,3480,3.31,66.69,37.3,18.8,46,1470,0
1261.17,3600,3.31,66.36,37.6,20.3,47,1440,0
1261.35,3720,3.31,71.06,38.4,17.3,49,1420,0
1261.56,3760,1.79,20.11,31.8,15,51,1450,0
1261.74,3560,0,3.92,15.3,26.3,53,1200,0
1261.95,3240,0,9.56,8.6,-3,53,1080,0
1262.14,2960,0,10.47,9.4,-3.8,54,1030,0
1262.33,2760,0.77,10.44,9,-4.5,54,1000,0
1262.53,2640,1.02,13.53,8.2,20.3,54,970,0
1262.71,2640,1.79,24.11,14.1,22.5,54,940,0
1262.9,2680,1.79,24.78,16.9,12,54,990,0
1263.11,2680,2.04,29.53,17.6,26.3,54,1010,0
1263.3,2720,2.29,32.11,20,24.8,54,1040,0
1263.49,2760,2.29,32.53,20,25.5,55,1080,0
1263.72,2800,2.29,32.06,19.6,24.8,55,1110,0
1263.92,2800,2.04,32.33,19.6,25.5,56,1120,0
1264.13,2840,2.04,33.22,19.6,25.5,56,1120,0
1264.32,2880,2.04,31.86,19.6,24.8,57,1120,0
1264.51,2880,2.04,32.58,20,24.8,58,1120,0
1264.72,2920,2.04,32.94,19.6,25.5,58,1120,0
1264.9,2960,2.04,32.78,20,25.5,59,1120,0
1265.09,2960,2.04,33.83,20,25.5,59,1120,0
1265.3,3000,2.04,34.08,20,25.5,60,1120,0
1265.5,3040,2.04,34.06,20,25.5,60,1120,0
1265.7,3080,2.04,33.61,20,25.5,61,1120,0
1265.89,3080,2.04,34.14,20,25.5,61,1120,0
1266.08,3120,2.04,33.67,20.4,25.5,62,1130,0
1266.28,3160,2.04,33.92,19.6,26.3,63,1130,0
1266.47,3160,2.04,35.33,19.6,26.3,63,1130,0
1266.66,3160,0.77,10.5,18.8,24.8,64,1100,0
1266.86,3000,0.51,8.08,8.6,1.5,64,1050,0
1267.05,2760,0.51,9.58,8.6,-2.3,64,1020,0
1267.26,2560,0.77,8.86,8.6,-4.5,64,990,0
1267.45,2440,0.51,8.81,7.8,-4.5,64,970,0
1267.63,2280,0.77,8.06,7.8,2.3,64,960,0
1267.83,2360,0.77,8.56,7.5,15.8,64,950,0
1268.03,2320,0.77,11.42,8.6,17.3,63,940,0
1268.22,2320,1.02,12.44,9.8,16.5,63,930,0
1268.42,2320,1.28,16.39,11.4,16.5,63,930,0
1268.61,2320,1.02,13.69,11.4,15,63,940,0
1268.82,2320,1.28,14.97,11,15,63,950,0
1269.01,2320,1.28,15.47,11.8,15,63,950,0
1269.19,2320,1.28,16.33,12.2,15,63,960,0
1269.42,2320,1.53,17.44,12.5,18,63,960,0
1269.6,2320,1.28,17.19,12.9,24,63,970,0
1269.8,2320,1.28,17.61,12.9,27.8,63,980,0
1270,2360,1.53,20.83,12.9,29.3,63,980,0
1270.18,2360,1.79,22.14,15.3,29.3,64,1000,0
1270.37,2360,1.79,22.44,15.7,28.5,64,1010,0
1270.58,2360,1.79,22.11,15.7,28.5,64,1020,0
1270.76,2360,1.79,22.58,15.3,28.5,64,1030,0
1270.96,2400,1.53,20.67,15.3,28.5,64,1040,0
1271.15,2400,1.53,19.69,14.5,28.5,64,1050,0
1271.34,2400,1.53,18.56,13.3,28.5,65,1050,0
1271.54,2400,1.28,17.81,13.3,30,65,1040,0
1271.73,2400,1.28,16.47,12.5,30,65,1030,0
1271.92,2400,1.28,15.53,11.8,30.8,65,1030,0
1272.11,2400,1.28,14.89,11.4,31.5,65,1020,0
1272.31,2400,1.02,14.14,11,32.3,65,1010,0
1272.49,2400,1.02,13.89,10.6,33,65,1000,0
1272.7,2400,1.02,11.39,10.6,33,65,1000,0
1272.89,2400,0.77,7.75,8.2,34.5,65,990,0
1273.11,2360,0.51,7.33,7.1,27,65,980,0
1273.29,2400,0.51,7.14,6.7,9,65,970,0
1273.48,2360,0.51,7.47,6.7,3,65,960,0
1273.68,2360,0.51,7.69,6.7,-4.5,65,950,0
1273.87,2360,0.51,7.67,6.7,-5.3,64,950,0
1274.06,2320,0.51,7.69,6.7,17.3,64,940,0
1274.29,2240,0,7.75,6.7,-0.8,63,940,0
1274.48,2200,0,7.28,6.7,-5.3,62,940,0
1274.69,2120,0,7.03,6.3,-5.3,61,940,0
1274.89,2080,0,7.08,6.3,-5.3,59,940,0
1275.07,2040,0,6.53,5.9,-5.3,58,940,0
1275.28,1960,0,6.42,5.5,-4.5,57,940,0
1275.46,1920,0,6.22,5.5,-5.3,55,940,0
1275.65,1880,0,5.72,5.5,-6,54,940,0
1275.86,1800,0,5.61,5.5,-6,52,940,0
1276.04,1760,0,5.61,5.1,-6.8,51,940,0
1276.23,1680,0,5.25,5.1,-7.5,49,940,0
1276.43,1640,0,5.11,4.7,-7.5,48,940,0
1276.62,1600,0,5.17,4.7,-7.5,46,940,0
1276.82,1560,0,4.83,4.7,-6.8,45,940,0
1277.01,1520,0,4.83,4.3,-6.8,44,930,0
1277.2,1480,0,4.56,4.3,-6.8,43,930,0
1277.4,1480,0,4.56,4.3,-6.8,42,930,0
1277.59,1440,0,4.36,4.3,-6.8,41,930,0
1277.78,1440,0,4.64,4.3,-6.8,40,930,0
1277.99,1400,0,4.53,4.3,-6.8,39,930,0
1278.18,1400,0,4,3.9,-6.8,39,930,0
1278.37,1360,0,4.36,3.9,-6.8,38,920,0
1278.57,1360,0,4.25,3.9,-6.8,38,920,0
1278.76,1320,0,4.22,3.9,-8.3,37,920,0
1278.97,1320,0,4.28,3.9,-8.3,37,920,0
1279.15,1320,0,4.14,3.9,-8.3,36,920,0
1279.34,1280,0,3.92,3.9,-8.3,36,920,0
1279.56,1240,0,3.81,3.9,-8.3,35,920,0
1279.75,1240,0,4.03,3.9,-8.3,35,920,0
1279.93,1200,0,4.03,3.9,-8.3,34,920,0
1280.13,1160,0.51,3.67,3.5,-8.3,33,920,0
1280.32,1160,0.77,4.03,3.5,-6,33,920,0
1280.51,1120,1.02,4.72,4.7,-3,32,920,0
1280.73,1120,1.02,4.5,4.7,-3.8,31,920,0
1280.92,1080,1.02,4.61,4.7,-2.3,31,910,0
1281.12,1040,1.02,3.47,4.3,-9,30,910,0
1281.3,920,0.77,3.89,3.5,-4.5,30,910,0
1281.5,880,1.02,4.22,3.9,9.8,29,910,0
1281.7,840,1.02,4.03,3.9,5.3,28,910,0
1281.88,840,1.02,3.89,3.9,3,27,910,0
1282.07,840,1.02,4,3.9,3.8,27,910,0
1282.28,800,1.02,3.89,3.9,3.8,26,910,0
1282.46,800,1.02,3.86,3.9,3.8,25,910,0
1282.69,800,1.02,3.83,3.5,6.8,25,910,0
1282.87,800,1.28,3.86,3.9,9.8,24,910,0
1283.06,800,1.28,3.97,3.9,9.8,24,910,0
1283.26,800,1.28,4.11,3.9,7.5,24,910,0
1283.45,800,1.28,4.06,3.9,3.8,23,910,0
1283.64,800,1.28,4.11,3.9,3.8,23,910,0
1283.85,800,1.53,4.25,3.9,3,23,910,0
1284.04,800,1.28,4.03,3.9,2.3,22,910,0
1284.23,800,1.53,4.11,3.9,3.8,22,910,0
1284.43,800,1.28,4.06,3.9,4.5,22,910,0
1284.62,800,1.28,4.06,3.9,6,21,910,0
1284.83,800,1.28,4.03,3.9,5.3,21,910,0
1285.03,800,1.28,4.17,3.9,6,20,910,0
1285.21,800,1.28,4.25,3.9,4.5,20,910,0
1285.42,840,1.28,4.25,3.9,3.8,19,910,0
1285.6,840,1.28,4.19,3.9,2.3,19,910,0
1285.79,840,1.28,4.08,3.9,3,18,910,0
1286,800,1.28,3.97,3.9,3.8,17,910,0
1286.18,840,1.28,4.03,3.9,4.5,17,910,0
1286.38,840,1.28,3.86,3.9,4.5,16,910,0
1286.59,840,1.28,4.06,3.9,6.8,15,910,0
1286.78,840,1.02,4.14,3.9,6,14,910,0
1286.97,840,1.28,4.28,3.9,3.8,13,910,0
1287.17,800,1.28,4.03,3.9,2.3,12,910,0
1287.36,800,1.28,4.31,3.9,3,12,910,0
1287.56,800,1.28,3.97,3.9,1.5,11,910,0
1287.74,800,1.28,4.11,3.9,3.8,10,910,0
1287.93,800,1.28,4.06,3.9,4.5,9,910,0
1288.13,800,1.28,4.03,3.9,4.5,8,910,0
1288.32,800,1.28,4.22,3.9,5.3,8,910,0
1288.51,800,1.02,3.81,3.9,5.3,7,910,0
1288.72,840,1.28,4.22,3.9,8.3,7,910,0
1288.9,840,1.02,4.19,3.9,4.5,6,910,0
1289.1,840,1.28,4.22,3.9,2.3,6,910,0
1289.29,840,1.28,4,3.9,2.3,6,910,0
1289.48,840,1.28,4.19,3.9,2.3,5,910,0
1289.68,840,1.28,4.08,3.9,3,5,910,0
1289.87,800,1.28,4.17,3.9,2.3,4,910,0
1290.06,800,1.02,3.89,3.9,3,4,910,0
1290.28,800,1.28,3.97,3.9,3.8,3,910,0
1290.47,800,1.02,3.89,3.9,5.3,3,910,0
1290.67,800,1.02,4.03,3.9,6.8,2,910,0
1290.86,800,1.28,4.14,3.9,5.3,2,910,0
1291.05,800,1.28,4.22,3.9,4.5,1,910,0
1291.25,800,1.28,4.11,3.9,4.5,1,910,0
1291.43,800,1.28,4.31,3.9,3,0,910,0
1291.62,800,1.28,3.89,3.9,2.3,0,910,0
1291.82,800,1.28,4.25,3.9,3.8,0,910,0
1292.01,800,1.28,3.92,3.9,3.8,0,910,0
1292.2,800,1.02,4.06,3.9,4.5,0,910,0
1292.4,800,1.02,4.06,3.9,4.5,0,910,0
1292.59,800,1.28,4.14,3.9,6,0,910,0
1292.79,800,1.28,4.22,3.9,5.3,0,910,0
1292.98,800,1.02,4.03,3.9,4.5,0,910,0
1293.17,800,1.02,4.06,3.9,4.5,0,910,0
1293.37,800,1.28,4,3.9,4.5,0,910,0
1293.56,800,1.28,4.03,3.9,4.5,0,910,0
1293.75,800,1.28,4.06,3.9,5.3,0,910,0
1293.95,800,1.02,4.08,3.9,4.5,0,910,0
1294.14,800,1.28,4,3.9,4.5,0,910,0
1294.32,800,1.28,4.06,3.9,3.8,0,910,0
1294.53,800,1.02,3.92,3.9,4.5,0,910,0
1294.72,800,1.02,3.92,3.9,6,0,910,0
1294.91,800,1.28,3.92,3.9,7.5,0,910,0
1295.11,840,1.28,4.14,3.9,7.5,0,910,0
1295.3,840,1.02,4.19,3.9,4.5,0,910,0
1295.51,840,1.02,3.83,3.9,3.8,0,910,0
1295.7,840,1.02,4.22,3.9,3.8,0,910,0
1295.89,840,1.28,4.17,3.9,2.3,0,910,0
1296.09,840,1.28,4.28,3.9,3,0,910,0
1296.27,840,1.28,4.31,3.9,1.5,0,910,0
1296.46,800,1.28,4.14,3.9,1.5,0,910,0
1296.67,800,1.28,4,3.9,2.3,0,910,0
1296.85,800,1.28,3.89,3.9,3,0,910,0
1297.06,800,1.28,4.08,3.9,5.3,0,910,0
1297.26,800,1.28,4,3.9,4.5,0,910,0
1297.45,800,1.28,4,3.9,4.5,0,910,0
1297.65,800,1.28,4,3.9,4.5,0,910,0
1297.84,800,1.02,3.97,3.9,4.5,0,910,0
1298.05,800,1.28,4.06,3.9,3.8,0,910,0
1298.25,800,1.28,4.06,3.9,3.8,0,910,0
1298.43,800,1.28,3.97,3.9,4.5,0,910,0
1298.65,800,1.02,3.97,3.9,5.3,0,910,0
1298.84,800,1.28,4.39,4.3,6.8,0,910,0
1299.03,840,1.28,4.56,4.3,1.5,0,910,0
1299.24,840,1.28,4.42,4.3,-3,0,910,0
1299.43,840,1.28,4.47,4.3,-5.3,0,910,0
1299.62,840,1.28,4.31,4.3,-3,0,910,0
1299.82,840,1.28,4.06,3.9,-3,0,910,0
1300.01,840,1.28,5.11,3.9,6.8,0,900,0
1300.22,1000,1.79,7.61,7.1,6,0,900,0
1300.42,1120,1.53,7.19,7.1,1.5,0,910,0
1300.6,1160,1.53,6.69,6.7,0.8,0,910,0
1300.82,1120,1.53,6.92,6.7,8.3,0,910,0
1301.01,1040,1.53,7.39,6.7,22.5,0,910,0
1301.23,1040,1.79,9.53,7.5,22.5,0,910,0
1301.42,1160,2.29,10.33,10.2,23.3,0,910,0
1301.61,1280,2.04,10.19,9.4,9.8,1,920,0
1301.81,1320,1.53,7.44,9,0.8,1,920,0
1302,1280,1.02,3.58,7.5,-14.3,2,930,0
1302.18,1160,0.77,3.42,3.1,-9,2,920,0
1302.39,1040,1.02,4,3.9,1.5,2,920,0
1302.57,960,1.02,3.94,3.9,1.5,2,920,0
1302.76,880,1.02,4.08,3.9,0,2,920,0
1302.97,840,1.02,3.94,3.9,2.3,2,910,0
1303.15,800,1.02,3.67,3.1,2.3,2,910,0
1303.36,800,1.02,3.56,3.5,7.5,2,910,0
1303.55,760,1.02,3.89,3.9,19.5,1,910,0
1303.73,760,1.28,4.61,4.3,18.8,1,910,0
1303.93,800,1.28,4.42,4.3,8.3,1,910,0
1304.12,840,1.02,4.06,4.3,-0.8,1,910,0
1304.31,840,1.02,3.97,3.9,0,0,910,0
1304.51,840,1.02,4.11,3.9,1.5,0,910,0
1304.7,800,1.02,3.83,3.9,3,0,910,0
1304.89,800,1.02,3.81,3.9,3.8,0,910,0
1305.09,800,1.02,4.08,3.9,4.5,0,910,0
1305.28,800,1.02,3.92,3.9,6.8,0,910,0
1305.48,800,1.02,3.86,3.9,5.3,0,910,0
1305.67,800,1.02,4.17,3.9,6,0,910,0
1305.85,800,1.02,4.11,3.9,4.5,0,910,0
1306.09,800,1.02,4.14,3.9,4.5,0,910,0
1306.28,800,1.28,4.22,3.9,4.5,0,910,0
1306.46,800,1.28,4.06,3.9,3.8,0,910,0
1306.67,800,1.02,4,3.9,3.8,0,910,0
1306.85,800,1.02,4.08,3.9,4.5,0,910,0
1307.05,800,1.28,4.14,3.9,5.3,0,910,0
1307.25,800,1.28,3.89,3.9,4.5,0,910,0
1307.43,800,1.02,4.08,3.9,5.3,0,910,0
1307.63,800,1.02,4.11,3.9,4.5,0,910,0
1307.82,800,1.28,4.06,3.9,3.8,0,910,0
1308.01,800,1.28,4.06,3.9,4.5,0,910,0
1308.22,840,1.02,4.14,3.9,3.8,0,910,0
1308.4,800,1.02,4.08,3.9,4.5,0,910,0
1308.59,800,1.28,3.94,3.9,5.3,0,910,0
1308.8,800,1.28,3.89,3.9,4.5,0,910,0
1308.98,800,1.28,4.17,3.9,4.5,0,910,0
1309.17,800,1.02,4.06,3.9,3.8,0,910,0
1309.37,800,1.28,4.08,3.9,3.8,0,910,0
1309.56,800,1.28,4,3.9,3.8,0,910,0
1309.76,840,1.02,3.92,3.9,4.5,0,910,0
1309.95,840,1.02,3.81,3.9,5.3,0,910,0
1310.13,840,1.02,3.92,3.9,6,0,910,0
1310.34,840,1.02,4.08,3.9,6.8,0,910,0
1310.53,800,1.28,4.14,3.9,4.5,0,910,0
1310.71,840,1.02,4.25,3.9,3.8,0,910,0
1310.91,840,1.02,4.17,3.9,2.3,0,910,0
1311.11,840,1.28,4.03,3.9,3,0,910,0
1311.29,840,1.28,4.14,3.9,3,0,910,0
1311.51,840,1.02,4.19,3.9,3,0,910,0
1311.7,840,1.02,4.08,3.9,3,0,910,0
1311.9,840,1.28,4,3.9,3,0,910,0
1312.09,800,1.28,3.89,3.9,3,0,910,0
1312.27,800,1.02,3.92,3.9,4.5,0,910,0
1312.48,800,1.02,4.11,3.9,5.3,0,910,0
1312.67,800,1.28,4.08,3.9,6,0,910,0
1312.86,800,1.28,4.17,3.9,4.5,0,910,0
1313.06,800,1.02,4.22,3.9,3,0,910,0
1313.24,800,1.02,4,3.9,3.8,0,910,0
1313.43,800,1.28,4.03,3.9,4.5,0,910,0
1313.64,800,1.02,4.03,3.9,4.5,0,910,0
1313.84,800,1.02,4.03,3.9,3.8,0,910,0
1314.05,800,1.02,3.86,3.9,5.3,0,910,0
1314.23,800,1.02,3.86,3.9,5.3,0,910,0
1314.42,800,1.02,3.92,3.9,6.8,0,910,0
1314.64,800,1.02,3.83,3.9,6,0,910,0
1314.82,800,1.02,4.42,3.9,5.3,0,910,0
1315.01,840,1.28,4.31,4.3,3.8,0,910,0
1315.23,840,1.28,4.25,4.3,-0.8,0,910,0
1315.42,840,1.28,4.44,4.3,-2.3,0,910,0
1315.6,840,1.28,4.31,4.3,-3,0,910,0
1315.81,880,1.53,4.36,4.3,-1.5,0,910,0
1315.99,960,2.04,7.61,7.5,6,0,900,0
1316.2,1160,1.79,8.31,7.8,11.3,0,910,0
1316.38,1240,1.53,8.31,7.5,3,0,910,0
1316.59,1200,1.53,8.47,7.5,8.3,0,910,0
1316.81,1120,1.53,8.31,7.5,10.5,0,910,0
1317,1080,1.79,7.97,7.5,20.3,0,910,0
1317.2,1040,2.04,9.39,7.8,23.3,1,910,0
1317.39,1120,2.29,10.56,10.2,21.8,1,910,0
1317.57,1240,2.04,10.39,10.2,8.3,2,920,0
1317.77,1320,1.79,10.83,9.8,11.3,3,930,0
1317.98,1360,1.79,10.83,9.8,13.5,3,930,0
1318.16,1360,1.79,10.58,9.8,15,4,940,0
1318.37,1280,1.53,7.83,9,5.3,5,940,0
1318.56,1240,1.53,6.61,6.3,0.8,5,940,0
1318.76,1120,0.77,2.36,2.7,-12,6,940,0
1318.95,1040,0.77,3.47,3.5,5.3,6,930,0
1319.14,920,0.77,3.78,3.9,8.3,6,930,0
1319.34,880,0.77,3.33,3.9,7.5,6,920,0
1319.53,840,0.77,3.33,3.5,6,6,920,0
1319.72,800,0.77,3.56,3.5,6,6,920,0
1319.92,760,1.02,3.64,3.5,10.5,6,910,0
1320.1,760,1.02,4.22,3.9,18.8,5,910,0
1320.29,760,1.02,4.22,4.3,17.3,5,910,0
1320.49,760,1.02,4.28,3.9,12,5,910,0
1320.68,800,1.28,4.28,3.9,3.8,5,910,0
1320.89,800,1.02,4.22,3.9,2.3,5,910,0
1321.07,800,1.02,4.08,3.9,5.3,5,910,0
1321.26,840,1.02,4.11,4.3,5.3,5,910,0
1321.46,840,1.02,4.14,3.9,4.5,5,910,0
1321.65,840,1.28,4.25,3.9,3,4,910,0
1321.84,840,1.02,4.06,3.9,2.3,4,910,0
1322.06,840,1.02,4,3.9,2.3,4,910,0
1322.25,840,1.28,4.14,3.9,3.8,3,910,0
1322.45,840,1.28,4.06,3.9,3,3,910,0
1322.63,840,1.02,4.03,3.9,3.8,2,910,0
1322.82,840,1.02,4.06,3.9,4.5,2,910,0
1323.03,840,1.28,4.17,3.9,3.8,2,910,0
1323.22,840,1.28,4.17,3.9,5.3,1,910,0
1323.4,840,1.02,4.14,3.9,4.5,1,910,0
1323.6,840,1.28,4.25,3.9,4.5,1,910,0
1323.8,840,1.28,4.22,3.9,3.8,0,910,0
1323.98,840,1.28,4.08,3.9,3.8,0,910,0
1324.18,800,1.02,3.97,3.9,4.5,0,910,0
1324.37,840,1.02,4.06,3.9,5.3,0,910,0
1324.58,840,1.28,3.97,3.9,4.5,0,910,0
1324.76,840,1.28,4.08,3.9,4.5,0,910,0
1324.95,840,1.28,4.14,3.9,4.5,0,910,0
1325.15,840,1.02,3.92,3.9,3.8,0,910,0
1325.34,840,1.02,3.78,3.9,4.5,0,910,0
1325.53,840,1.02,3.97,3.9,5.3,0,910,0
1325.73,840,1.28,4.14,3.9,4.5,0,910,0
1325.91,840,1.02,4.14,3.9,3,0,910,0
1326.1,840,1.02,4.17,3.9,2.3,0,910,0
1326.31,840,1.28,3.94,3.9,3,0,910,0
1326.49,840,1.28,3.97,3.9,3,0,910,0
1326.69,840,1.02,4.06,3.9,3,0,910,0
1326.88,800,1.02,3.97,3.9,3,0,910,0
1327.08,840,1.02,4.06,3.9,3.8,0,910,0
1327.3,800,1.02,3.97,3.9,4.5,0,910,0
1327.48,800,1.02,3.92,3.9,4.5,0,910,0
1327.67,800,1.02,3.97,3.9,5.3,0,910,0
1327.87,800,1.02,3.83,3.9,6,0,910,0
1328.06,800,1.02,4.08,3.9,6,0,910,0
1328.24,800,1.02,3.94,3.9,4.5,0,910,0
1328.45,800,1.02,4.08,3.9,5.3,0,910,0
1328.64,800,1.02,4,3.9,5.3,0,910,0
1328.84,800,1.02,4.17,3.9,5.3,0,910,0
1329.03,800,1.02,4.06,3.9,5.3,0,910,0
1329.21,800,1.02,4,3.9,4.5,0,910,0
1329.42,800,1.02,4.06,3.9,3.8,0,910,0
1329.61,800,1.02,4,3.9,3,0,910,0
1329.81,800,1.02,4.06,3.9,4.5,0,910,0
1330.01,800,1.02,3.92,3.9,2.3,0,910,0
1330.2,840,1.02,3.94,3.9,4.5,0,910,0
1330.39,840,1.02,4,3.9,4.5,0,910,0
1330.59,800,1.02,3.89,3.5,4.5,0,910,0
1330.78,800,1.02,3.89,3.9,5.3,0,910,0
1330.98,800,1.02,3.86,3.9,6,0,910,0
1331.17,800,1.02,4.06,3.9,5.3,0,910,0
1331.36,840,1.02,3.94,3.9,4.5,0,910,0
1331.56,840,1.02,3.92,3.9,4.5,0,910,0
1331.77,840,1.02,3.92,3.9,4.5,0,910,0
1331.95,840,1.02,3.86,3.9,4.5,0,910,0
1332.15,840,1.02,3.92,3.9,5.3,0,910,0
1332.34,840,1.02,4,3.9,5.3,0,910,0
1332.55,840,1.02,4.19,3.9,4.5,0,910,0
1332.75,840,1.02,4.11,3.9,3,0,910,0
1332.94,840,1.02,4.06,3.9,3,0,910,0
1333.15,840,1.02,4.17,3.9,3,0,910,0
1333.34,840,1.02,3.97,3.9,3.8,0,910,0
1333.53,840,1.02,4.14,3.9,3,0,910,0
1333.73,840,1.02,4,3.9,3,0,910,0
1333.92,840,1.02,3.75,3.5,3.8,0,910,0
1334.12,840,1.02,3.94,3.5,5.3,0,910,0
1334.31,800,1.02,3.67,3.9,5.3,0,910,0
1334.5,840,1.02,3.83,3.9,6.8,0,910,0
1334.7,840,1.02,4.11,3.9,6,0,910,0
1334.89,840,1.02,4.11,3.9,4.5,0,910,0
1335.07,840,1.02,3.83,3.9,3,0,910,0
1335.28,840,1.02,4.11,3.9,3.8,0,910,0
1335.46,840,1.02,4.22,3.9,2.3,0,910,0
1335.65,840,1.02,3.69,3.9,2.3,0,910,0
1335.85,840,1.02,3.75,3.5,4.5,0,910,0
1336.05,840,1.02,3.92,3.5,6,0,910,0
1336.25,840,1.02,4.17,3.9,5.3,0,910,0
1336.43,800,1.02,4.03,3.9,4.5,0,910,0
1336.62,800,1.02,3.92,3.9,4.5,0,910,0
1336.82,800,1.02,3.89,3.9,3.8,0,910,0
1337.01,800,1.02,3.83,3.5,3.8,0,910,0
1337.2,800,1.02,3.92,3.5,4.5,0,910,0
1337.4,800,1.02,3.69,3.5,5.3,0,910,0
1337.59,800,1.02,3.78,3.5,7.5,0,910,0
1337.78,800,1.02,3.94,3.9,7.5,0,910,0
1337.99,840,1.02,3.92,3.9,5.3,0,910,0
1338.18,840,1.02,4.06,3.9,4.5,0,910,0
1338.39,840,1.02,4.11,3.9,3.8,0,910,0
1338.57,800,1.02,4.08,3.9,2.3,0,910,0
1338.76,800,1.02,4,3.9,2.3,0,910,0
1338.98,800,1.02,3.69,3.5,2.3,0,910,0
1339.17,800,1.02,3.72,3.5,5.3,0,910,0
1339.36,800,1.02,3.89,3.5,6,0,910,0
1339.56,800,1.02,3.97,3.5,4.5,0,910,0
1339.75,800,1.02,3.89,3.5,4.5,0,910,0
1339.95,800,1.02,3.86,3.5,4.5,0,910,0
1340.14,800,1.02,3.89,3.5,5.3,0,910,0
1340.32,800,1.02,3.78,3.5,5.3,0,910,0
1340.52,800,1.02,3.81,3.5,6.8,0,910,0
1340.72,800,1.02,3.97,3.5,6.8,0,910,0
1340.9,800,1.02,3.92,3.9,6.8,0,910,0
1341.11,800,1.02,4.11,3.9,5.3,0,910,0
1341.3,800,1.02,4,3.9,2.3,0,910,0
1341.48,800,1.02,3.97,3.9,4.5,0,910,0
1341.68,800,1.02,4.06,3.9,4.5,0,910,0
1341.87,840,1.02,4.08,3.9,3,0,910,0
1342.08,800,1.02,4.14,3.9,3,0,910,0
1342.26,840,1.02,4.06,3.9,2.3,0,910,0
1342.45,840,1.02,4.06,3.9,2.3,0,910,0
1342.65,840,1.02,4.06,3.9,3,0,910,0
1342.84,840,1.02,4.06,3.9,3,0,910,0
1343.02,840,1.02,4.06,3.9,2.3,0,910,0
1343.24,840,1.02,4.03,3.9,3,0,910,0
1343.43,840,1.02,3.81,3.9,2.3,0,910,0
1343.62,800,1.02,3.67,3.5,3,0,910,0
1343.82,840,1.02,3.89,3.5,5.3,0,910,0
1344.01,840,1.02,3.94,3.5,6.8,0,910,0
1344.23,840,1.02,3.94,3.5,6.8,0,910,0
1344.42,800,1.02,4.03,3.5,5.3,0,910,0
1344.61,800,1.02,3.89,3.9,5.3,0,910,0
1344.81,800,1.02,4.03,3.9,6.8,0,910,0
1345,840,1.02,3.94,3.9,5.3,0,910,0
1345.18,800,1.02,4.03,3.9,3.8,0,910,0
1345.38,840,1.02,3.94,3.9,3,0,910,0
1345.57,840,1.02,3.94,3.9,3.8,0,910,0
1345.77,840,1.02,3.75,3.9,4.5,0,910,0
1345.96,840,1.02,4,3.9,5.3,0,910,0
1346.15,840,1.02,3.94,3.9,4.5,0,910,0
1346.36,840,1.02,3.97,3.9,4.5,0,910,0
1346.54,840,1.02,3.86,3.9,3,0,910,0
1346.73,840,1.02,4.06,3.9,3,0,910,0
1346.93,840,1.02,3.89,3.9,3,0,910,0
1347.12,840,1.02,3.89,3.9,4.5,0,910,0
1347.31,800,1.28,3.97,3.9,6,0,910,0
1347.51,840,1.02,4.03,3.9,5.3,0,910,0
1347.7,840,1.28,4.25,3.9,4.5,0,910,0
1347.9,840,1.28,4.03,3.9,4.5,0,910,0
1348.09,840,1.28,4.31,3.9,5.3,0,910,0
1348.28,840,1.28,4.42,3.9,4.5,0,910,0
1348.5,840,1.28,4.42,4.3,3,0,910,0
1348.68,840,1.28,4.44,4.3,2.3,0,910,0
1348.87,800,1.28,4.28,4.3,3,0,910,0
1349.09,840,1.28,4.33,4.3,4.5,0,910,0
1349.28,800,1.28,4.33,4.3,5.3,0,910,0
1349.48,840,1.28,4.58,4.3,5.3,0,910,0
1349.66,840,1.28,4.5,4.3,3,0,910,0
1349.85,840,1.28,4.33,4.3,3.8,0,910,0
1350.06,840,1.28,4.42,4.3,4.5,0,910,0
1350.25,840,1.28,4.5,4.3,3,0,910,0
1350.43,840,1.28,4.31,4.3,4.5,0,910,0
1350.64,840,1.28,4.31,4.3,3.8,0,910,0
1350.84,800,1.28,4.33,4.3,4.5,0,910,0
1351.03,800,1.28,4.31,4.3,6,0,910,0
1351.23,800,1.28,4.36,4.3,4.5,0,910,0
1351.42,800,1.28,4.5,4.3,4.5,0,910,0
1351.62,840,1.28,4.11,4.3,3.8,0,910,0
1351.81,840,1.28,4.28,4.3,4.5,0,910,0
1352.02,840,1.28,4.42,4.3,4.5,0,910,0
1352.22,840,1.28,4.53,4.3,4.5,0,910,0
1352.4,840,1.28,4.28,4.3,3.8,0,910,0
1352.59,800,1.28,4.36,4.3,4.5,0,910,0
1352.79,840,1.28,4.44,4.3,4.5,0,910,0
1352.98,800,1.28,4.31,4.3,4.5,0,910,0
1353.17,840,1.28,4.36,4.3,4.5,0,910,0
1353.37,840,1.28,4.42,4.3,3.8,0,910,0
1353.56,800,1.28,4.58,4.3,5.3,0,910,0
1353.77,800,1.28,4.36,4.3,3.8,0,910,0
1353.96,800,1.28,4.39,4.3,2.3,0,910,0
1354.15,800,1.28,4.31,4.3,4.5,0,910,0
1354.35,800,1.28,4.36,4.3,4.5,0,910,0
1354.54,800,1.28,4.25,4.3,4.5,0,910,0
1354.73,840,1.28,4.47,4.3,5.3,0,910,0
1354.93,840,1.28,4.33,4.3,4.5,0,910,0
1355.12,800,1.28,4.33,4.3,5.3,0,910,0
1355.31,840,1.28,4.44,4.3,6,0,910,0
1355.52,840,1.28,4.44,4.3,3.8,0,910,0
1355.7,800,1.28,4.39,4.3,3.8,0,910,0
1355.9,800,1.28,4.42,4.3,5.3,0,910,0
1356.09,800,1.28,4.53,4.3,3,0,910,0
1356.28,800,1.28,4.31,4.3,3.8,0,910,0
1356.48,800,1.28,4.14,4.3,4.5,0,910,0
1356.67,800,1.28,4.33,4.3,5.3,0,910,0
1356.86,800,1.28,4.31,4.3,6,0,910,0
1357.05,800,1.28,4.31,4.3,4.5,0,910,0
1357.24,800,1.28,4.28,4.3,5.3,0,910,0
1357.43,800,1.28,4.31,4.3,5.3,0,910,0
1357.65,800,1.28,4.47,4.3,5.3,0,910,0
1357.84,800,1.28,4.17,4.3,3.8,0,910,0
1358.04,800,1.28,4.42,4.3,6,0,910,0
1358.23,800,1.28,4.39,4.3,5.3,0,910,0
1358.41,800,1.28,4.39,4.3,6,0,910,0
1358.62,800,1.28,4.28,4.3,6,0,910,0
1358.82,840,1.28,4.42,4.3,5.3,0,910,0
1359.03,800,1.28,4.31,4.3,4.5,0,910,0
1359.24,840,1.28,4.31,4.3,5.3,0,910,0
1359.43,840,1.28,4.33,4.3,4.5,0,910,0
1359.64,840,1.28,4.44,4.3,3.8,0,910,0
1359.82,840,1.28,4.47,4.3,2.3,0,910,0
1360.01,840,1.28,4.31,4.3,2.3,0,910,0
1360.21,840,1.28,4.5,4.3,3,0,910,0
1360.4,840,1.28,4.28,4.3,3,0,910,0
1360.59,840,1.28,4.31,4.3,5.3,0,910,0
1360.79,840,1.28,4.33,4.3,4.5,0,910,0
1360.98,840,1.28,4.42,4.3,6,0,910,0
1361.17,840,1.28,4.53,4.3,5.3,0,910,0
1361.37,840,1.28,4.42,4.3,4.5,0,910,0
1361.56,800,1.28,4.53,4.3,4.5,0,910,0
1361.76,800,1.28,4.53,4.3,3.8,0,910,0
1361.95,800,1.28,4.53,4.3,3,0,910,0
1362.14,800,1.28,4.47,4.3,4.5,0,910,0
1362.34,800,1.28,4.42,4.3,4.5,0,910,0
1362.53,800,1.28,4.33,4.3,4.5,0,910,0
1362.72,800,1.28,4.33,4.3,5.3,0,910,0
1362.92,840,1.28,4.33,4.3,5.3,0,910,0
1363.1,840,1.28,4.33,4.3,4.5,0,910,0
1363.29,840,1.28,4.31,4.3,4.5,0,910,0
1363.5,840,1.28,4.42,4.3,4.5,0,910,0
1363.68,840,1.28,4.5,4.3,4.5,0,910,0
1363.89,800,1.28,4.56,4.3,3.8,0,910,0
1364.07,840,1.28,4.42,4.3,4.5,0,910,0
1364.28,800,1.28,4.36,4.3,3.8,0,910,0
1364.49,840,1.28,4.39,4.3,5.3,0,910,0
1364.68,840,1.28,4.36,4.3,4.5,0,910,0
1364.87,840,1.28,4.42,4.3,5.3,0,910,0
1365.08,840,1.28,4.61,4.3,3.8,0,910,0
1365.26,800,1.28,4.42,4.3,3,0,910,0
1365.46,800,1.28,4.36,4.3,4.5,0,910,0
1365.65,800,1.28,4.42,4.3,4.5,0,910,0
1365.84,800,1.28,4.44,4.3,4.5,0,910,0
1366.04,840,1.28,4.53,4.3,4.5,0,910,0
1366.23,840,1.28,4.47,4.3,2.3,0,910,0
1366.41,800,1.28,4.31,4.3,4.5,0,910,0
1366.62,800,1.28,4.47,4.3,4.5,0,910,0
1366.81,840,1.28,4.58,4.3,4.5,0,910,0
1366.99,800,1.28,4.42,4.3,3.8,0,910,0
1367.2,800,1.28,4.36,4.3,3.8,0,910,0
1367.4,800,1.28,4.33,4.3,6,0,910,0
1367.6,840,1.28,4.47,4.3,6,0,910,0
1367.79,840,1.28,4.39,4.3,4.5,0,910,0
1367.98,800,1.28,4.47,4.3,4.5,0,910,0
1368.19,800,1.28,4.28,4.3,3.8,0,910,0
1368.37,800,1.28,4.31,4.3,4.5,0,910,0
1368.56,840,1.28,4.5,4.3,6,0,910,0
1368.76,800,1.28,4.53,4.3,5.3,0,910,0
1368.95,840,1.28,4.44,4.3,4.5,0,910,0
1369.17,800,1.28,4.28,4.3,5.3,0,910,0
1369.35,800,1.28,4.42,4.3,5.3,0,910,0
1369.54,800,1.28,4.44,4.3,4.5,0,910,0
1369.76,840,1.28,4.5,4.3,5.3,0,910,0
1369.95,840,1.28,4.56,4.3,4.5,0,910,0
1370.13,840,1.28,4.5,4.3,3.8,0,910,0
1370.34,800,1.28,4.47,4.3,4.5,0,910,0
1370.53,800,1.28,4.56,4.3,3.8,0,910,0
1370.71,840,1.28,4.56,4.3,5.3,0,910,0
1370.92,840,1.28,4.58,4.3,4.5,0,910,0
1371.1,840,1.28,4.53,4.3,4.5,0,910,0
1371.3,800,1.28,4.47,4.3,4.5,0,910,0
1371.5,840,1.28,4.42,4.3,3.8,0,910,0
1371.68,840,1.28,4.42,4.3,3.8,0,910,0
1371.89,800,1.28,4.31,4.3,5.3,0,910,0
1372.07,840,1.28,4.56,4.3,4.5,0,910,0
1372.26,840,1.28,4.39,4.3,3,0,910,0
1372.47,840,1.28,4.28,4.3,5.3,0,910,0
1372.65,840,1.28,4.28,4.3,6,0,910,0
1372.84,840,1.28,4.53,4.3,4.5,0,910,0
1373.05,840,1.28,4.47,4.3,5.3,0,910,0
1373.23,840,1.28,4.22,4.3,4.5,0,910,0
1373.43,800,1.28,4.47,4.3,5.3,0,910,0
1373.62,840,1.28,4.53,4.3,4.5,0,910,0
1373.81,840,1.28,4.64,4.3,4.5,0,910,0
1374.01,840,1.28,4.61,4.3,1.5,0,910,0
1374.2,840,1.28,4.42,4.3,1.5,0,910,0
1374.38,840,1.28,4.47,4.3,2.3,0,910,0
1374.59,840,1.28,4.33,4.3,3.8,0,910,0
1374.78,840,1.28,4.47,4.3,4.5,0,910,0
1374.97,800,1.28,4.31,4.3,4.5,0,910,0
1375.18,840,1.28,4.36,4.3,6,0,910,0
1375.37,840,1.28,4.33,4.3,6,0,910,0
1375.58,840,1.28,5,4.3,5.3,0,910,0
1375.76,840,1.28,4.81,4.7,1.5,0,910,0
1375.95,840,1.28,4.69,4.7,-2.3,0,910,0
1376.15,840,1.28,4.58,4.7,-2.3,0,910,0
1376.34,840,1.28,4.75,4.7,-3.8,0,910,0
1376.53,840,1.28,4.56,4.7,-3.8,0,910,0
1376.73,840,1.28,4.64,4.3,-3,0,910,0
1376.92,840,1.28,4.42,4.3,-2.3,0,910,0
1377.13,840,1.28,4.36,4.3,-0.8,0,910,0
1377.32,840,1.53,5.39,4.3,6,0,910,0
1377.51,960,2.04,8.64,9,6,0,900,0
1377.74,1120,1.28,6.31,4.7,-0.8,0,910,0
1377.93,1200,1.28,6.78,6.3,9.8,0,910,0
1378.14,1240,1.28,7,6.3,6,0,910,0
1378.33,1240,1.28,6.75,6.3,5.3,0,910,0
1378.53,1200,1.28,6.36,6.3,9,0,910,0
1378.73,1160,1.28,6.25,6.3,11.3,0,910,0
1378.92,1120,1.28,6.61,6.3,15,0,910,0
1379.11,1120,1.53,7.25,6.3,19.5,0,910,0
1379.31,1120,1.53,7.31,7.1,18,0,910,0
1379.5,1120,1.53,6.69,6.3,7.5,0,910,0
1379.68,1120,1.53,7.22,6.3,14.3,0,910,0
1379.89,1120,1.53,7.11,6.7,15.8,0,910,0
1380.07,1120,1.53,6.81,6.3,10.5,1,910,0
1380.28,1120,1.53,7,6.7,14.3,1,910,0
1380.49,1120,1.28,6.69,6.3,13.5,1,910,0
1380.69,1120,1.28,7,6.3,15,1,910,0
1380.89,1120,1.53,6.94,6.3,15,2,910,0
1381.07,1120,1.53,6.92,6.3,16.5,2,920,0
1381.26,1120,1.28,6.92,6.3,14.3,2,920,0
1381.46,1120,1.53,7.08,6.3,19.5,2,920,0
1381.65,1120,1.53,7.56,6.7,24,2,920,0
1381.85,1120,1.53,7.25,7.1,19.5,3,920,0
1382.05,1080,1.53,7.64,7.1,21.8,3,920,0
1382.23,1080,1.79,8,7.1,23.3,3,920,0
1382.43,1040,2.29,10.19,7.8,23.3,4,920,0
1382.62,1160,2.29,11.03,10.6,21,4,920,0
1382.81,1280,2.04,11.5,11,16.5,5,920,0
1383.01,1400,2.04,11.64,10.6,17.3,6,930,0
1383.2,1400,1.79,11.42,10.2,18.8,6,930,0
1383.39,1320,1.53,8.36,7.5,9.8,7,940,0
1383.59,1240,1.28,7.72,7.5,21,7,940,0
1383.78,1240,1.28,7.33,6.7,15,8,940,0
1383.98,1120,0.77,3.11,3.1,-11.3,8,930,0
1384.17,1000,0.77,3.81,3.9,4.5,8,930,0
1384.35,960,1.02,3.86,3.9,7.5,8,920,0
1384.57,880,1.02,4.56,3.9,8.3,8,920,0
1384.76,880,1.28,4.56,4.3,-0.8,8,920,0
1384.95,840,1.02,3.89,3.5,0,8,920,0
1385.15,840,1.28,3.72,3.5,3,8,920,0
1385.34,880,1.53,7.28,5.9,6.8,8,910,0
1385.53,1000,1.53,6.92,6.3,12.8,8,910,0
1385.74,1040,1.28,5.56,5.5,3,8,910,0
1385.94,1000,1.79,7.58,6.7,21,8,910,0
1386.14,960,2.55,11.03,7.8,20.3,8,910,0
1386.33,1120,2.81,12.14,11.8,18,8,910,0
1386.51,1160,2.81,12.83,13.3,13.5,9,910,0
1386.71,1320,2.81,16.03,15.7,15,9,920,0
1386.9,1440,2.81,18.89,18.8,14.3,10,930,0
1387.09,1600,2.81,21.64,20.8,15,11,950,0
1387.3,1760,2.81,23.42,22,16.5,13,970,0
1387.48,1880,2.55,23.64,20,20.3,14,1000,0
1387.67,2040,2.29,23.97,18.4,24,15,1030,0
1387.87,2160,2.29,24.19,18,27,16,1040,0
1388.06,2320,2.29,26.19,18.4,28.5,18,1050,0
1388.27,2440,2.29,28.94,18.8,25.5,19,1070,0
1388.47,2600,2.04,30.08,19.2,24,20,1080,0
1388.66,2720,2.04,30.83,19.6,24,21,1090,0
1388.86,2840,2.04,32.72,20,24,22,1100,0
1389.05,2960,2.04,33.5,20,24,24,1100,0
1389.23,3120,2.04,34.39,20.4,24,25,1110,0
1389.43,3240,2.04,36.06,20.4,24.8,26,1120,0
1389.62,3240,1.02,13.86,16.1,26.3,27,1100,0
1389.82,3080,0.51,9.67,10.6,-1.5,28,1050,0
1390.03,2800,0.77,9.92,9,-0.8,29,1010,0
1390.23,2560,0.77,9.17,9,-4.5,29,990,0
1390.43,2440,0.77,8.53,8.2,-4.5,29,970,0
1390.62,2240,1.02,11,7.8,18.8,29,950,0
1390.81,2080,1.53,15.92,11.4,15.8,29,930,0
1391.01,2120,1.79,20.5,13.7,13.5,29,950,0
1391.2,2120,2.04,24.5,16.5,18.8,29,950,0
1391.38,2200,2.04,26.06,19.2,24,30,980,0
1391.59,2280,2.04,27.67,20.4,25.5,30,1010,0
1391.78,2320,2.04,27.75,20,25.5,31,1040,0
1391.98,2400,2.29,30.19,20.4,24.8,32,1060,0
1392.17,2440,2.55,33.08,22,23.3,33,1080,0
1392.37,2520,2.55,34.94,22.7,23.3,34,1090,0
1392.57,2600,2.55,36.36,24.3,22.5,35,1100,0
1392.76,2680,2.55,37.89,25.5,21.8,36,1110,0
1392.94,2760,2.55,39.78,25.9,21.8,37,1110,0
1393.15,2840,2.55,40.36,26.3,21.8,38,1120,0
1393.34,2920,2.55,41.36,26.7,22.5,39,1120,0
1393.54,3000,2.55,43.39,27.1,21.8,40,1120,0
1393.73,3080,2.55,42.75,27.5,21.8,41,1130,0
1393.92,3160,2.55,43,26.7,21.8,42,1130,0
1394.12,3240,2.55,46.42,26.7,22.5,43,1120,0
1394.31,3320,2.55,45.69,27.1,22.5,45,1120,0
1394.49,3400,2.55,47,27.1,23.3,46,1120,0
1394.7,3480,2.55,47.08,26.7,23.3,47,1120,0
1394.89,3480,1.28,20.39,26.3,24,48,1120,0
1395.07,3320,0.51,10.78,12.5,33,49,1100,0
1395.28,3080,0.77,10.53,9.4,-0.8,49,1040,0
1395.46,2840,0.77,10.42,9.4,-3,50,1000,0
1395.67,2640,0.77,9.75,8.6,-4.5,50,980,0
1395.87,2440,0.77,9.14,8.2,-0.8,50,960,0
1396.06,2440,0.77,9.83,7.8,15,50,950,0
1396.28,2440,1.28,14.06,11,17.3,49,940,0
1396.47,2480,1.02,13.81,11,8.3,49,950,0
1396.65,2440,1.02,13.5,10.6,15.8,49,950,0
1396.85,2440,1.02,12.94,10.6,15.8,49,950,0
1397.05,2440,1.02,12.86,10.6,15.8,49,950,0
1397.23,2440,1.02,13.14,10.2,15.8,49,950,0
1397.43,2440,1.02,12.56,10.2,15.8,49,950,0
1397.62,2440,1.02,13.69,10.2,15.8,49,950,0
1397.82,2440,1.02,13.69,10.6,15.8,49,950,0
1398.01,2440,1.02,13.67,10.6,15.8,49,950,0
1398.2,2440,1.02,13.72,11,15.8,49,950,0
1398.4,2440,1.02,13.83,11,15.8,49,950,0
1398.59,2440,1.02,12.5,11,15.8,49,960,0
1398.78,2440,0.77,8.42,8.6,15.8,49,960,0
1398.98,2400,0.51,7.94,7.5,17.3,49,950,0
1399.17,2440,0.51,7.94,7.5,17.3,49,950,0
1399.35,2400,0.51,7.67,7.1,5.3,49,940,0
1399.56,2400,0.51,7.61,7.1,0,49,940,0
1399.74,2360,0.51,7.75,7.1,-3,49,940,0
1399.95,2360,0.51,7.61,7.1,-4.5,48,930,0
1400.14,2360,0.51,7.78,7.1,16.5,48,930,0
1400.32,2320,0,7.75,7.1,0,48,930,0
1400.53,2320,0,7.92,7.1,-5.3,47,930,0
1400.71,2280,0,7.39,6.7,-5.3,47,930,0
1400.9,2280,0,7.56,6.7,-5.3,47,930,0
1401.12,2240,0,7.53,6.7,-5.3,46,930,0
1401.31,2200,0,7.25,6.7,-5.3,46,930,0
1401.53,2200,0,7.56,6.7,-5.3,45,940,0
1401.71,2160,0,7,6.7,-5.3,45,940,0
1401.9,2160,0,7.06,6.3,-5.3,44,940,0
1402.11,2120,0,6.86,6.3,-5.3,44,940,0
1402.3,2080,0,7,6.3,-5.3,43,940,0
1402.49,2080,0,6.61,6.3,-5.3,43,940,0
1402.7,2040,0,6.75,5.9,-4.5,42,940,0
1402.89,1960,0,6.69,5.9,-5.3,42,940,0
1403.07,1880,0,5.78,5.5,-5.3,41,940,0
1403.28,1760,0,5.5,5.5,-6.8,39,940,0
1403.46,1680,0,5.44,5.1,-7.5,38,940,0
1403.66,1600,0,5.03,5.1,-7.5,36,940,0
1403.86,1480,0,4.92,4.7,-6.8,34,940,0
1404.04,1240,1.02,5.14,4.3,-6.8,33,930,0
1404.24,1200,1.02,5.69,5.9,13.5,32,930,0
1404.43,1160,1.02,5.03,4.7,-2.3,30,930,0
1404.62,1120,1.02,4.61,4.7,2.3,29,920,0
1404.82,1080,1.02,4.78,4.7,4.5,28,920,0
1405.01,1040,1.02,4.64,4.7,3.8,27,920,0
1405.2,1000,1.02,4.44,4.7,2.3,25,920,0
1405.41,960,1.02,4.53,4.3,2.3,24,920,0
1405.59,920,1.02,4.42,4.3,1.5,23,920,0
1405.8,880,1.02,4.25,4.3,1.5,22,910,0
1405.98,840,1.02,4.19,3.9,2.3,21,910,0
1406.17,840,1.28,4.08,3.9,3.8,20,910,0
1406.37,800,1.28,3.92,3.9,7.5,19,910,0
1406.55,800,1.28,4.25,3.9,10.5,18,910,0
1406.74,800,1.28,4.25,4.3,9,18,910,0
1406.97,800,1.28,4.31,4.3,5.3,17,910,0
1407.15,840,1.28,4.39,4.3,3,16,910,0
1407.35,800,1.53,4.39,3.9,3,16,910,0
1407.55,800,1.28,4.31,3.9,3.8,15,910,0
1407.73,800,1.28,4.19,3.9,5.3,15,910,0
1407.93,800,1.53,4.39,3.9,8.3,14,910,0
1408.12,800,1.28,4.47,4.3,6,13,910,0
1408.31,800,1.28,4.42,4.3,4.5,11,910,0
1408.51,800,1.53,4.36,4.3,3,10,910,0
1408.7,800,1.28,4.42,4.3,3.8,9,910,0
1408.88,800,1.28,4.42,4.3,3,8,910,0
1409.09,800,1.28,4.36,3.9,3.8,8,910,0
1409.28,800,1.28,4.22,3.9,5.3,7,910,0
1409.5,800,1.28,4.17,3.9,6,6,910,0
1409.68,800,1.28,4.11,3.9,7.5,6,910,0
1409.87,800,1.28,4.33,4.3,6.8,5,910,0
1410.07,800,1.28,4.33,4.3,5.3,4,910,0
1410.26,800,1.28,4.67,4.7,4.5,3,910,0
1410.45,840,1.28,4.67,4.7,1.5,3,910,0
1410.65,840,1.28,4.69,4.7,-0.8,2,910,0
1410.84,840,1.28,4.56,4.3,-2.3,2,910,0
1411.04,840,1.28,4.64,4.3,-3,1,910,0
1411.23,840,1.28,4.64,4.3,-1.5,1,910,0
1411.42,840,1.28,4.36,4.3,-1.5,1,910,0
1411.62,840,1.28,4.56,4.3,0,0,910,0
1411.81,840,1.28,4.56,4.3,0,0,910,0
1412,840,1.28,4.44,4.3,0,0,910,0
1412.21,840,1.28,4.64,4.3,0,0,910,0
1412.4,840,1.28,4.42,4.3,-0.8,0,910,0
1412.6,840,1.53,4.86,4.3,0,0,910,0
1412.79,920,2.29,9.89,7.1,6,0,900,0
1412.97,1200,2.29,11.17,11.4,15.8,0,900,0
1413.18,1480,2.04,13.81,11,11.3,0,900,0
1413.38,1560,2.04,14.75,12.5,15.8,0,910,0
1413.56,1600,1.79,15.33,12.9,15.8,0,920,0
1413.76,1640,1.79,15.11,13.3,18,0,930,0
1413.95,1640,2.04,15.22,12.9,16.5,1,940,0
1414.14,1640,2.04,15.31,12.9,15,2,950,0
1414.34,1640,1.79,15.22,12.5,15,3,960,0
1414.53,1640,1.79,15,12.5,16.5,3,970,0
1414.73,1600,2.04,15.08,12.5,18,4,970,0
1414.92,1520,2.04,14.5,12.5,23.3,5,970,0
1415.11,1480,2.29,16.28,13.7,23.3,6,970,0
1415.31,1480,2.55,17.67,15.7,21,7,980,0
1415.49,1480,2.55,18.44,16.9,18,9,990,0
1415.68,1480,2.55,18.28,16.9,17.3,10,1000,0
1415.88,1600,2.29,17.75,15.3,15.8,11,1010,0
1416.07,1720,2.04,18.83,15.3,21,13,1010,0
1416.26,1840,2.04,18.69,15.3,21.8,14,1020,0
1416.46,1960,2.04,19.56,14.5,27.8,15,1020,0
1416.66,2040,1.53,15.89,13.3,28.5,16,1030,0
1416.85,2120,1.53,16.25,12.2,31.5,17,1020,0
1417.05,2160,1.53,16.5,12.2,31.5,18,1010,0
1417.23,2240,1.28,16.5,12.5,31.5,18,1010,0
1417.45,2320,1.53,18.44,12.9,31.5,19,1000,0
1417.63,2400,1.79,22.17,15.3,30,20,1000,0
1417.83,2480,1.79,23.67,16.5,27.8,20,1010,0
1418.02,2560,1.79,24.28,16.5,27,21,1020,0
1418.21,2680,1.79,26.56,16.9,27,22,1040,0
1418.41,2760,1.79,27.44,17.3,26.3,22,1050,0
1418.62,2880,1.79,27.42,17.6,27.8,23,1070,0
1418.81,2880,1.02,12.47,14.9,24,24,1090,0
1419.01,2720,0.51,8.69,10.6,-3,25,1040,0
1419.21,2440,0.51,7.69,8.2,-5.3,25,1000,0
1419.4,2240,0.77,7.69,7.8,-5.3,26,980,0
1419.6,2160,0.77,7.31,7.5,-5.3,26,960,0
1419.79,1960,1.02,9.94,7.5,18,26,950,0
1419.99,1840,1.79,17.61,11.8,15,26,930,0
1420.2,1920,2.29,23.11,15.7,15,26,940,0
1420.39,1960,2.55,28.11,22.4,18,26,960,0
1420.57,2040,2.55,31.94,28.6,18.8,27,990,0
1420.78,2120,2.55,33.92,33.3,19.5,28,1050,0
1420.96,2200,2.81,38.56,34.9,20.3,29,1100,0
1421.18,2320,2.81,40.56,34.9,19.5,30,1160,0
1421.38,2400,3.06,44.03,31.8,20.3,31,1220,0
1421.56,2520,3.06,47.67,30.2,18.8,33,1270,0
1421.77,2640,3.06,45.42,28.6,17.3,34,1330,0
1421.95,2720,3.06,39.31,26.3,17.3,36,1270,0
1422.13,2840,2.81,41.78,27.8,19.5,37,1170,0
1422.34,2920,2.55,44.06,30.2,21,39,1140,0
1422.53,3040,2.55,45.03,29.4,21,40,1130,0
1422.71,3120,2.55,44.67,28.6,21.8,41,1130,0
1422.93,3040,1.02,16,16.5,25.5,43,1110,0
1423.12,2880,0.51,7.36,7.8,1.5,44,1070,0
1423.33,2640,0.51,9.11,8.6,-3,44,1020,0
1423.52,2400,0.51,8.58,8.2,-5.3,44,990,0
1423.71,2160,0.77,8.53,7.5,4.5,44,970,0
1423.92,2280,1.79,21.72,10.6,16.5,44,930,0
1424.11,2240,2.04,24.78,17.3,15,44,960,0
1424.29,2240,2.04,27.22,18.4,19.5,44,980,0
1424.5,2280,2.04,27.86,19.6,23.3,45,1010,0
1424.68,2280,2.04,28.33,19.6,24.8,45,1040,0
1424.87,2320,2.29,32.11,20.4,24.8,46,1060,0
1425.07,2360,2.81,36,23.5,22.5,46,1080,0
1425.25,2400,2.81,38.03,25.9,21.8,47,1090,0
1425.46,2440,2.55,37.89,28.2,21,48,1110,0
1425.66,2480,2.55,38.53,29,21,49,1120,0
1425.85,2560,2.81,39.75,29.4,20.3,50,1120,0
1426.06,2600,2.81,39.39,30.2,20.3,51,1120,0
1426.25,2640,2.81,41.03,31.8,19.5,51,1130,0
1426.47,2680,2.81,43.31,32.5,20.3,52,1130,0
1426.65,2720,2.81,43.89,33.7,18.8,53,1130,0
1426.84,2800,2.81,44.17,34.5,20.3,54,1130,0
1427.05,2840,2.81,44.14,34.5,18.8,55,1130,0
1427.23,2880,2.81,45.75,33.3,20.3,56,1130,0
1427.43,2920,2.81,45.44,32.5,21,57,1130,0
1427.63,3000,2.81,47.78,32.9,21,58,1130,0
1427.83,3040,2.81,47.39,33.3,21.8,59,1130,0
1428.01,3080,2.81,49.08,33.3,21.8,60,1130,0
1428.23,3120,2.81,49.11,33.7,21.8,61,1130,0
1428.42,3120,1.79,23.5,32.2,21.8,62,1130,0
1428.62,3040,0.51,7.72,12.5,28.5,63,1120,0
1428.81,2800,0.51,8.39,8.2,3.8,63,1050,0
1428.99,2600,0.51,9.14,8.6,-4.5,64,1010,0
1429.2,2400,0.51,8.58,8.2,-4.5,64,980,0
1429.39,2320,0.77,8.03,7.8,5.3,63,970,0
1429.58,2400,1.28,16.47,9.8,18,63,940,0
1429.77,2360,1.79,21.78,14.1,15,63,950,0
1429.97,2320,2.04,26.72,16.1,17.3,63,960,0
1430.15,2360,2.29,33.75,21.6,20.3,63,980,0
1430.36,2360,2.55,36.67,27.1,20.3,64,1030,0
1430.54,2400,2.55,37.86,28.6,20.3,64,1080,0
1430.75,2440,2.81,35.97,26.7,21,65,1110,0
1430.93,2440,2.81,34.53,25.5,20.3,65,1120,0
1431.12,2480,2.55,34.64,24.7,21.8,66,1130,0
1431.32,2480,2.55,34.86,24.3,22.5,66,1120,0
1431.51,2520,2.55,33.17,23.5,21.8,67,1120,0
1431.7,2520,2.55,33.31,23.1,21.8,67,1120,0
1431.9,2520,2.29,32.92,22.4,22.5,68,1120,0
1432.09,2560,2.29,32.5,21.2,22.5,68,1120,0
1432.28,2560,1.79,24.53,19.2,23.3,69,1120,0
1432.48,2560,1.79,25.06,16.9,26.3,69,1110,0
1432.67,2600,1.79,25.56,16.9,27,70,1090,0
1432.87,2600,1.53,21.89,16.5,27,70,1090,0
1433.06,2600,1.53,22.69,15.3,29.3,70,1070,0
1433.25,2600,1.79,24.94,16.1,29.3,71,1060,0
1433.47,2640,1.79,26.44,16.9,27,71,1060,0
1433.65,2640,1.79,27.39,17.6,26.3,71,1070,0
1433.84,2640,1.79,27.42,17.6,26.3,71,1070,0
1434.05,2640,1.79,27.25,17.6,25.5,71,1080,0
1434.23,2680,1.79,26.86,17.6,26.3,72,1080,0
1434.42,2680,1.79,26.89,17.3,26.3,72,1080,0
1434.62,2680,1.79,26.42,17.3,26.3,72,1080,0
1434.81,2680,1.79,26.89,17.3,26.3,72,1080,0
1435.01,2680,1.79,27.06,17.3,26.3,73,1080,0
1435.2,2720,1.79,27.5,17.3,26.3,73,1080,0
1435.38,2720,1.79,26.75,17.3,26.3,73,1080,0
1435.58,2720,1.79,26.33,17.3,26.3,73,1080,0
1435.78,2720,1.53,23.81,16.5,26.3,74,1080,0
1435.97,2720,1.28,20.25,14.5,29.3,74,1080,0
1436.17,2720,1.28,19.5,13.7,30.8,74,1060,0
1436.37,2720,1.28,19.97,13.7,30.8,74,1050,0
1436.59,2720,1.28,19.31,13.7,31.5,74,1040,0
1436.77,2720,1.28,19.33,13.7,32.3,74,1030,0
1436.98,2760,1.28,19.58,13.7,32.3,74,1030,0
1437.18,2720,1.28,19.94,13.7,32.3,74,1020,0
1437.37,2760,1.28,20,13.7,32.3,74,1020,0
1437.56,2720,1.28,20.14,14.1,31.5,74,1020,0
1437.76,2760,1.28,19.5,13.7,31.5,74,1020,0
1437.95,2760,1.28,21,14.1,32.3,74,1020,0
1438.15,2760,1.28,21.5,14.5,31.5,74,1020,0
1438.35,2760,1.53,22.97,15.3,30.8,75,1030,0
1438.54,2760,1.53,23.44,15.7,30.8,75,1030,0
1438.76,2760,1.53,23.28,15.7,30,75,1040,0
1438.95,2760,1.53,23.19,15.7,30,75,1050,0
1439.14,2760,1.53,23.56,15.7,30,75,1050,0
1439.34,2760,1.53,23.53,15.7,30,75,1060,0
1439.53,2760,1.53,23.61,15.7,29.3,75,1060,0
1439.74,2800,1.53,24,15.7,30,75,1060,0
1439.93,2800,1.53,25.64,16.9,28.5,75,1060,0
1440.12,2800,1.79,27.39,16.9,27.8,76,1070,0
1440.33,2800,1.79,27.72,17.3,27,76,1080,0
1440.51,2800,1.79,27.33,17.3,27,76,1080,0
1440.7,2800,1.79,27.44,17.3,27,76,1080,0
1440.92,2840,1.79,28.81,17.6,27,76,1090,0
1441.12,2840,1.79,28.72,17.6,26.3,77,1090,0
1441.33,2840,1.79,28.31,17.6,26.3,77,1090,0
1441.51,2840,1.79,28.56,17.6,26.3,77,1090,0
1441.72,2880,1.79,27.97,17.6,26.3,77,1090,0
1441.92,2880,1.79,28.83,17.6,26.3,77,1090,0
1442.11,2880,1.79,28.75,18,26.3,78,1100,0
1442.31,2880,1.79,28.42,18,26.3,78,1100,0
1442.5,2880,1.79,28.86,18,26.3,78,1100,0
1442.68,2920,1.79,29.36,18,26.3,78,1100,0
1442.89,2920,1.79,29.86,18,26.3,79,1100,0
1443.07,2920,1.79,30.64,18.4,25.5,79,1100,0
1443.26,2920,2.04,33.75,19.6,25.5,79,1100,0
1443.46,2960,2.04,36.14,20.4,24,79,1110,0
1443.65,2960,2.29,37.28,21.6,24.8,80,1120,0
1443.84,3000,2.29,36.97,22,24.8,80,1130,0
1444.04,3000,2.29,37.92,22.4,24.8,81,1130,0
1444.23,3000,2.29,38.19,22.7,24.8,81,1130,0
1444.43,3040,2.29,38.83,23.1,24.8,81,1130,0
1444.62,3040,2.29,39.33,23.1,24.8,82,1130,0
1444.81,3080,2.29,38.19,23.1,24,82,1140,0
1445.01,3080,1.79,30.67,20.8,24.8,83,1140,0
1445.2,3080,1.79,30.81,18.4,27,83,1130,0
1445.39,3080,1.79,30.11,18.4,27,83,1120,0
1445.59,3080,1.79,29.92,18,27.8,84,1110,0
1445.78,3120,1.53,26.25,17.3,28.5,84,1110,0
1445.97,3120,1.53,24.78,16.1,30.8,84,1100,0
1446.17,3120,1.53,24.5,15.7,31.5,84,1090,0
1446.36,3120,1.02,18.61,15.7,32.3,84,1090,0
1446.56,3120,0.77,10.61,11,35.3,84,1070,0
1446.75,3080,0.51,9.39,8.6,37.5,84,1040,0
1446.94,3120,0.51,9.47,8.2,33.8,84,1020,0
1447.15,3080,0.51,10.36,8.6,34.5,84,1000,0
1447.34,3080,0.51,10.22,8.6,24,84,990,0
1447.53,3080,0.51,10.25,8.6,18,84,980,0
1447.73,3080,0.51,10.42,8.6,15,84,970,0
1447.92,3040,0.51,10.86,9,15,83,960,0
1448.12,3040,0.51,10.58,9,14.3,83,960,0
1448.31,3040,0.51,10.36,9,14.3,83,960,0
1448.49,3040,0.51,10.64,9,20.3,83,960,0
1448.7,3080,0.77,12.83,9.8,24.8,83,950,0
1448.89,3040,1.28,19.97,11.4,24.8,83,940,0
1449.07,3040,1.28,23.31,14.9,22.5,83,960,0
1449.29,3080,1.79,32.67,16.9,26.3,83,970,0
1449.48,3080,2.04,35.69,20.4,26.3,83,1020,0
1449.66,3080,1.79,36.36,20.8,25.5,83,1080,0
1449.87,3080,1.79,33.86,20,25.5,83,1120,0
1450.06,3120,2.04,32.97,19.6,25.5,84,1130,0
1450.26,3120,2.04,34.03,19.6,26.3,84,1120,0
1450.45,3120,2.04,34.75,20,26.3,84,1120,0
1450.64,3120,2.04,35.33,20,26.3,84,1120,0
1450.84,3120,2.04,34.89,20,25.5,85,1120,0
1451.03,3160,2.04,34.81,20,26.3,85,1120,0
1451.21,3160,2.04,36.81,20,26.3,85,1120,0
1451.42,3160,1.79,34.53,20,26.3,86,1120,0
1451.62,3200,2.04,35.47,20,26.3,86,1120,0
1451.81,3200,2.04,35.94,20,26.3,86,1130,0
1452.01,3200,2.04,35.89,20,26.3,86,1130,0
1452.2,3200,2.04,34.64,20,26.3,87,1130,0
1452.4,3240,2.04,35.47,20,26.3,87,1120,0
1452.59,3240,2.04,36.06,20.4,27,87,1130,0
1452.78,3240,2.04,35.42,20.4,27,88,1130,0
1452.98,3280,2.04,36.17,20.4,27,88,1120,0
1453.17,3280,2.04,35.5,20.4,27,88,1120,0
1453.36,3280,2.04,36.31,20.4,27,88,1120,0
1453.56,3280,1.53,30.06,18.4,27.8,89,1130,0
1453.74,3280,1.53,25.69,16.9,30,89,1120,0
1453.93,3280,1.02,15.78,13.7,33,89,1110,0
1454.14,3280,0.77,15.33,11.4,34.5,89,1070,0
1454.33,3280,0.77,14.19,11.4,33.8,89,1050,0
1454.53,3240,0.77,14.47,11,34.5,89,1030,0
1454.72,3240,0.77,14.25,11,35.3,89,1010,0
1454.91,3240,0.77,14.25,11,35.3,89,1010,0
1455.11,3240,0.77,14.36,11,35.3,88,1000,0
1455.3,3240,0.77,14.5,11,35.3,88,990,0
1455.49,3240,0.77,14.75,11,35.3,88,990,0
1455.7,3240,1.02,17.67,12.2,35.3,88,990,0
1455.89,3240,1.02,20.75,12.9,34.5,88,990,0
1456.07,3240,1.28,24.58,14.9,33.8,88,1000,0
1456.28,3240,1.53,30.64,16.9,33.8,88,1020,0
1456.47,3240,1.79,35.22,19.6,30.8,88,1050,0
1456.66,3240,1.79,34.69,20,28.5,88,1100,0
1456.85,3280,2.04,35.28,19.6,28.5,88,1130,0
1457.06,3280,2.04,34.81,19.6,27.8,89,1130,0
1457.27,3280,2.04,35.92,20,27,89,1130,0
1457.47,3320,2.04,36.72,20.4,27,89,1120,0
1457.65,3320,1.79,35.69,20.4,27,89,1120,0
1457.85,3320,2.04,36.19,20.4,27,90,1120,0
1458.05,3320,2.04,36.39,20.4,27,90,1120,0
1458.25,3360,2.04,37.5,20.4,27,90,1130,0
1458.44,3360,2.04,36.47,20.4,27,91,1130,0
1458.62,3360,1.79,37.19,20.4,27.8,91,1130,0
1458.83,3360,2.04,37.28,20.4,27.8,91,1130,0
1459.03,3400,2.04,36.28,20.4,27.8,91,1130,0
1459.22,3400,2.04,37.67,20.4,27.8,92,1130,0
1459.42,3400,1.79,35.86,20.4,27.8,92,1130,0
1459.61,3400,2.04,38.11,20.4,28.5,92,1130,0
1459.82,3440,2.04,38.19,20.8,27.8,92,1130,0
1460.01,3440,2.04,38.08,20.8,27.8,93,1130,0
1460.22,3440,2.04,37.31,20.8,27.8,93,1130,0
1460.43,3480,2.04,37.72,20.8,27.8,94,1130,0
1460.62,3480,2.04,38.44,20.8,27.8,94,1130,0
1460.81,3480,2.04,37.64,20.8,27.8,94,1130,0
1461.01,3480,2.04,36.78,20.8,27.8,94,1130,0
1461.2,3520,2.04,39.42,20.8,27.8,95,1130,0
1461.4,3520,2.04,36.53,20.8,27.8,95,1130,0
1461.59,3520,1.53,27.14,19.2,28.5,95,1140,0
1461.78,3520,1.28,24.53,15.3,32.3,95,1120,0
1461.98,3520,1.28,24.78,15.7,33,95,1100,0
1462.17,3520,1.02,21.44,14.5,33,95,1090,0
1462.35,3520,1.02,19.75,13.3,32.3,95,1080,0
1462.56,3520,1.02,19.75,13.3,32.3,95,1060,0
1462.75,3520,1.02,19.19,13.3,32.3,95,1050,0
1462.93,3480,1.02,19.47,13.3,32.3,95,1050,0
1463.14,3480,1.02,19.47,13.3,31.5,95,1040,0
1463.34,3480,0.77,15.31,12.2,31.5,95,1040,0
1463.55,3480,0.77,14.67,11,31.5,95,1030,0
1463.73,3480,0.77,14,10.6,31.5,95,1020,0
1463.92,3480,0.77,13.78,10.6,32.3,95,1010,0
1464.12,3440,0.51,10.22,9.4,32.3,95,1000,0
1464.31,3440,0.51,11.44,9,29.3,94,990,0
1464.49,3440,0.51,11.72,9.4,18.8,94,980,0
1464.69,3440,0.51,11.72,9.4,13.5,94,980,0
1464.89,3400,0.51,11.53,9.4,6.8,94,970,0
1465.09,3400,0.51,11.61,9.4,2.3,93,970,0
1465.28,3400,0.51,11.64,9.4,-3.8,93,970,0
1465.48,3360,0,12.28,9.8,-3.8,93,970,0
1465.68,3360,0,12.25,9.8,7.5,92,970,0
1465.87,3360,0,11.72,9.4,-3.8,92,970,0
1466.06,3320,0,11.75,9.4,-3.8,91,960,0
1466.27,3280,0,11.53,9.4,-3.8,91,960,0
1466.47,3280,0,11.67,9.4,-3.8,90,960,0
1466.67,3240,0,11.22,9.4,-3.8,89,960,0
1466.87,3240,0,11.64,9.4,-3.8,89,960,0
1467.06,3240,0,11.69,9.4,-3.8,88,960,0
1467.26,3200,0.77,11.06,9.4,-3.8,88,960,0
1467.45,3200,0.77,11.33,9.4,-3,88,960,0
1467.65,3200,0.77,11.11,9.4,0.8,87,960,0
1467.87,3240,1.02,15.61,11,11.3,87,950,0
1468.06,3200,1.28,19.64,13.7,11.3,87,960,0
1468.26,3200,1.53,23.58,14.9,16.5,87,970,0
1468.45,3200,1.28,23.14,15.3,18.8,87,1000,0
1468.64,3200,1.28,22.78,14.9,27,87,1020,0
1468.84,3200,1.28,23.44,14.9,30,87,1030,0
1469.03,3200,1.28,23.89,15.3,33,87,1050,0
1469.21,3200,1.28,23.25,15.3,33.8,87,1050,0
1469.42,3200,1.02,21.64,14.9,33.8,87,1060,0
1469.63,3200,0.77,12.22,10.6,34.5,87,1070,0
1469.84,3200,0.51,10.92,9.4,35.3,87,1040,0
1470.03,3200,0.77,11.69,9.4,32.3,87,1010,0
1470.21,3200,0.77,11.92,9.4,18.8,87,1000,0
1470.45,3200,0.77,12.69,9.8,6.8,87,990,0
1470.64,3200,0.77,12.39,9.8,-1.5,87,990,0
1470.83,3160,0.77,12.14,9.8,-4.5,87,980,0
1471.02,3160,0.77,11.92,9.8,-3.8,86,980,0
1471.22,3160,0,11.61,9.4,3.8,86,980,0
1471.4,3120,0,11.33,9.4,-3.8,86,970,0
1471.61,3120,0,11.53,9.4,-3.8,86,970,0
1471.79,3120,0,11.75,9.4,-3.8,85,970,0
1472,3080,0,11.56,9,-3.8,85,970,0
1472.18,3080,0,11.08,9,-3.8,84,970,0
1472.37,3080,0,11.31,9,-3.8,84,960,0
1472.57,3040,0,10.94,9,-3.8,84,960,0
1472.76,3040,0,10.67,9,-3.8,83,960,0
1472.95,3040,0,10.69,9,-3.8,83,960,0
1473.15,3000,0,11.22,9,-3.8,83,960,0
1473.34,3000,0,10.83,8.6,-3.8,82,960,0
1473.53,3000,0,10.42,8.6,-3.8,82,960,0
1473.73,2960,0,10.61,8.6,-3.8,81,960,0
1473.92,2960,0,10.39,8.6,-4.5,81,960,0
1474.12,2920,0,10.39,8.6,-4.5,81,960,0
1474.31,2920,0,10.28,8.6,-4.5,80,960,0
1474.49,2920,0,9.86,8.6,-4.5,80,960,0
1474.7,2880,0,10,8.6,-4.5,79,960,0
1474.89,2880,0,10.33,8.2,-4.5,79,960,0
1475.08,2840,0,10,8.2,-4.5,78,960,0
1475.28,2840,0,10.08,8.2,-4.5,78,960,0
1475.46,2800,0,9.78,8.2,-4.5,78,960,0
1475.65,2800,0,9.69,8.2,-4.5,77,960,0
1475.87,2800,0,9.58,8.2,-3.8,77,960,0
1476.06,2760,0.51,9.69,8.2,-3.8,76,960,0
1476.26,2760,0.77,9.61,8.2,-3.8,76,960,0
1476.45,2720,0.77,9.14,8.2,0.8,75,950,0
1476.63,2760,0.77,11.22,8.2,9,75,950,0
1476.83,2800,1.28,15.47,9.8,12.8,75,940,0
1477.04,2720,1.53,18.83,13.3,21.8,74,940,0
1477.23,2720,1.79,23.92,15.7,22.5,74,950,0
1477.43,2760,1.79,25.22,16.9,21.8,74,980,0
1477.62,2760,2.04,26.56,17.3,27.8,74,1010,0
1477.81,2760,1.79,27.58,17.6,27,74,1040,0
1478.03,2760,1.79,26.44,17.3,26.3,75,1070,0
1478.21,2760,1.79,26.78,17.3,27,75,1080,0
1478.42,2800,1.79,27.69,17.3,27,75,1080,0
1478.61,2800,2.04,32.64,18.8,26.3,75,1090,0
1478.79,2800,2.04,34.53,20.4,23.3,76,1100,0
1479.01,2840,2.29,35.33,21.2,22.5,76,1120,0
1479.2,2840,2.29,35.61,21.6,23.3,76,1130,0
1479.39,2840,2.29,35.86,21.6,23.3,77,1130,0
1479.59,2880,2.29,36.81,22,23.3,77,1130,0
1479.78,2880,2.29,36.92,22,23.3,78,1130,0
1479.96,2920,2.29,37.81,22.4,24.8,78,1130,0
1480.18,2920,2.29,37.42,22.4,24.8,78,1130,0
1480.37,2920,2.29,37.61,22.4,24.8,79,1130,0
1480.57,2960,2.29,37.47,22.7,24,79,1130,0
1480.76,2960,2.29,37.08,22.7,24.8,80,1130,0
1480.96,3000,2.04,35.25,21.2,24.8,80,1140,0
1481.19,3000,2.04,32.56,20.4,25.5,81,1130,0
1481.37,3000,1.79,30.11,19.2,25.5,81,1130,0
1481.58,3040,1.79,28.67,18,27,81,1120,0
1481.76,3040,1.53,24.11,16.9,28.5,82,1110,0
1481.95,3040,1.28,23.47,15.7,30.8,82,1100,0
1482.15,3040,1.28,20.11,14.5,32.3,82,1090,0
1482.34,3040,1.28,20.47,13.7,33.8,82,1070,0
1482.53,3040,1.02,18.08,13.7,33.8,83,1060,0
1482.74,3040,1.02,16.78,12.9,34.5,83,1050,0
1482.92,3040,0.77,16.56,12.2,35.3,83,1040,0
1483.14,3040,0.77,15.83,11.8,36,83,1030,0
1483.33,3040,0.77,16.53,11.8,36,83,1020,0
1483.51,3040,0.77,16.83,11.8,36,83,1020,0
1483.71,3040,0.77,16.56,11.8,36,83,1010,0
1483.9,3040,0.77,16.14,11.8,36,83,1010,0
1484.09,3040,1.02,18.25,11.8,36,83,1000,0
1484.29,3040,0.77,18.17,12.9,35.3,83,1010,0
1484.48,3040,1.02,19.78,12.9,35.3,82,1010,0
1484.7,3040,1.02,21.97,14.1,34.5,82,1020,0
1484.89,3040,1.28,22.11,14.5,33.8,82,1030,0
1485.07,3040,1.02,21,14.5,33.8,82,1040,0
1485.28,3040,1.02,21.28,14.1,33.8,83,1040,0
1485.46,3040,1.28,21.78,14.5,33.8,83,1050,0
1485.65,3040,1.28,21.67,14.5,33.8,83,1050,0
1485.85,3040,1.02,21.06,14.5,33.8,83,1050,0
1486.04,3040,1.28,21.33,14.1,33.8,83,1050,0
1486.23,3040,1.28,21.25,14.1,33.8,83,1060,0
1486.45,3040,1.02,18.83,12.9,33.8,83,1060,0
1486.65,3040,0.77,15.69,12.5,34.5,83,1050,0
1486.86,3040,0.77,12.78,11.4,36,83,1040,0
1487.05,3040,0.51,10.33,9,37.5,83,1020,0
1487.23,3000,0.51,8.83,7.8,38.3,83,1010,0
1487.43,3000,0.51,9.11,7.8,39,82,990,0
1487.62,3000,0.51,9.11,7.8,37.5,82,980,0
1487.81,3000,0.51,9.64,8.2,38.3,82,970,0
1488.01,3000,0.51,9.36,8.2,36,82,970,0
1488.2,2960,0.51,9.67,8.2,39,81,960,0
1488.4,2960,0.51,10.92,8.2,39,81,960,0
1488.59,3000,0.77,12.58,10.2,39,81,950,0
1488.78,2960,0.77,12.36,10.2,38.3,81,960,0
1488.98,2960,0.77,14.81,10.6,38.3,80,960,0
1489.17,2960,0.77,13.92,11,37.5,80,960,0
1489.35,2960,0.77,14.64,11,37.5,80,960,0
1489.56,2920,1.02,15.03,11.4,36.8,80,970,0
1489.75,2920,0.77,15.39,11.8,36.8,80,970,0
1489.93,2920,0.77,15.36,11.4,36.8,80,970,0
1490.13,2920,0.77,15.78,11.4,36.8,80,980,0
1490.33,2920,0.77,12.19,11.4,36.8,80,990,0
1490.53,2920,0.51,10.42,9.4,38.3,80,980,0
1490.71,2920,0.51,9.67,8.6,39,79,980,0
1490.9,2920,0.51,9.61,8.2,39,79,970,0
1491.11,2880,0.51,9.17,8.2,39,79,960,0
1491.3,2880,0.51,9.25,7.8,39,79,960,0
1491.48,2880,0.51,8.78,7.8,34.5,79,960,0
1491.7,2880,0.51,9.17,7.8,37.5,78,950,0
1491.88,2880,0.51,9.28,7.8,33.8,78,950,0
1492.09,2840,0.51,9.44,7.8,39,78,950,0
1492.28,2880,0.77,10.81,9,39,78,950,0
1492.46,2840,0.77,11.94,9.4,39,77,940,0
1492.67,2840,0.77,12.47,9.8,38.3,77,950,0
1492.85,2800,0.77,13.25,10.2,38.3,77,950,0
1493.04,2840,0.77,13.42,10.6,37.5,77,950,0
1493.24,2840,0.77,13.89,10.6,37.5,77,960,0
1493.43,2800,0.77,14.47,11,36.8,77,960,0
1493.62,2800,0.77,14.28,11,36.8,77,960,0
1493.83,2800,0.77,15.19,11.4,36.8,77,960,0
1494.01,2800,1.02,16,11.4,36,76,970,0
1494.21,2800,1.02,16.39,11.8,35.3,76,970,0
1494.4,2800,1.02,16.36,12.2,35.3,76,980,0
1494.59,2800,1.02,16.94,12.2,34.5,76,990,0
1494.81,2800,1.02,18.03,12.5,34.5,76,990,0
1494.99,2800,1.02,18.19,12.9,33.8,76,1000,0
1495.18,2800,1.28,18.67,12.9,33.8,76,1000,0
1495.39,2840,1.02,18.39,12.9,33.8,77,1010,0
1495.58,2840,1.02,18.78,12.9,33.8,77,1010,0
1495.76,2840,1.28,18.64,13.3,33,77,1020,0
1495.98,2840,1.28,18.92,13.3,33,77,1020,0
1496.17,2840,1.28,19.5,13.3,33,77,1020,0
1496.37,2840,1.28,20.75,14.1,33,77,1030,0
1496.56,2840,1.53,22.03,14.5,32.3,77,1030,0
1496.76,2840,1.53,23,15.3,31.5,77,1040,0
1496.98,2840,1.53,24.33,15.3,30,77,1050,0
1497.18,2840,1.53,25.58,16.1,30,77,1070,0
1497.37,2880,1.53,24.97,16.1,28.5,77,1080,0
1497.57,2880,1.53,25.75,16.1,28.5,78,1080,0
1497.76,2880,1.53,25.28,16.1,28.5,78,1090,0
1497.96,2880,1.53,26.03,16.1,28.5,78,1090,0
1498.15,2880,1.53,25.97,16.5,28.5,78,1090,0
1498.34,2920,1.53,26.31,16.5,28.5,78,1090,0
1498.55,2920,1.79,28.11,16.9,27.8,79,1090,0
1498.73,2920,1.79,28.22,17.3,27,79,1100,0
1498.93,2920,1.79,31,18,26.3,79,1100,0
1499.14,2960,2.04,33.47,19.6,24.8,79,1110,0
1499.34,2960,2.29,38.81,20.4,24,80,1120,0
1499.54,2960,2.55,44.31,23.5,22.5,80,1120,0
1499.73,3000,2.55,48.56,29,21.8,80,1120,0
1499.92,3000,2.81,53.64,34.9,23.3,81,1150,0
1500.12,3040,3.06,62.75,41.6,23.3,81,1250,0
1500.31,3080,3.57,70.17,98.8,18.8,82,1380,0
1500.49,3120,4.08,81.33,99.6,15,83,1520,0
1500.7,3160,4.84,84.08,99.6,12.8,84,1710,0
1500.89,3200,5.36,86.83,99.2,9,85,1770,0
1501.07,3240,5.36,87.97,99.6,6,86,1790,0
1501.28,3320,5.61,90.06,99.6,5.3,87,1810,0
1501.46,3360,5.61,91.58,99.6,6,88,1810,0
1501.66,3400,5.61,90.22,99.6,6.8,90,1800,0
1501.86,3440,5.61,91.53,99.6,6.8,91,1800,0
1502.04,3480,5.61,89.64,99.6,6,92,1770,0
1502.25,3520,5.61,92.28,99.6,9,93,1750,0
1502.45,3560,5.61,92.33,99.6,9,95,1750,0
1502.63,3640,5.61,95.64,99.6,9.8,96,1750,0
1502.84,3680,5.61,97.5,99.6,9.8,97,1780,0
1503.03,3720,5.61,96.97,99.6,7.5,98,1790,0
1503.23,3760,5.87,101.83,99.6,7.5,100,1800,0
1503.42,3800,5.87,106.89,99.6,11.3,101,1840,0
1503.61,3840,5.87,106.11,99.6,9,102,1870,0
1503.81,3920,6.12,112.11,99.6,9,103,1880,0
1504,3960,6.12,115.28,99.6,8.3,105,1920,0
1504.18,4000,6.12,116.25,98.8,8.3,106,1920,0
1504.39,4040,6.38,123.19,98.4,9.8,107,1970,0
1504.57,4080,6.38,123.75,97.6,9.8,109,2000,0
1504.76,4160,6.63,124.08,97.3,5.3,110,2000,0
1504.96,4200,6.63,129.72,97.3,5.3,111,2010,0
1505.15,4240,6.63,130.69,97.3,6.8,113,2010,0
1505.36,4320,6.38,126.33,97.6,6.8,114,2020,0
1505.54,4360,6.63,130.06,97.6,7.5,115,2000,0
1505.73,4400,6.38,133.39,97.3,5.3,117,2020,0
1505.93,4440,6.63,133.86,97.3,6,118,2020,0
1506.12,4480,6.38,131.94,97.6,5.3,119,2020,0
1506.31,4560,6.38,133.47,97.6,6,121,2010,0
1506.51,4600,6.38,134.36,97.6,6.8,122,2010,0
1506.7,4640,6.12,135.86,96.5,6,123,1990,0
1506.88,4680,6.38,138.86,96.9,6.8,124,1990,0
1507.09,4720,6.38,137.72,96.5,7.5,126,1980,0
1507.28,4760,6.38,138.47,96.5,8.3,127,1970,0
1507.49,4840,6.12,139.78,96.5,9,128,1960,0
1507.68,4880,6.38,142.31,96.1,6,130,1950,0
1507.87,4920,6.12,142.69,96.1,8.3,131,1950,0
1508.07,4800,0,45.03,87.5,0,132,1850,0
1508.26,4480,0,2.47,7.5,0,133,1440,0
1508.45,4160,0,7.94,9,1.5,133,1190,0
1508.65,3880,0,11.64,10.6,-1.5,133,1090,0
1508.84,3840,0.51,14.69,11,-2.3,132,1040,0
1509.03,3840,0.51,14.03,10.6,8.3,132,1010,0
1509.23,3880,1.53,31.58,12.2,21.8,132,960,0
1509.42,3800,2.55,56.94,25.1,21,131,960,0
1509.62,3840,2.55,77.64,42.4,15.8,131,1100,0
1509.81,3840,3.57,87.56,96.1,23.3,131,1340,0
1510,3840,4.34,104.81,99.6,10.5,132,1570,0
1510.21,3880,4.84,110.19,97.6,6,132,1820,0
1510.4,3920,5.1,115.53,96.9,4.5,133,1890,0
1510.59,3920,5.1,101.25,96.9,5.3,134,1910,0
1510.8,3960,4.08,98.78,94.1,3,134,1870,0
1510.98,3920,1.28,16.64,23.5,2.3,135,1530,0
1511.17,3920,0.51,7.75,12.5,29.3,135,1240,0
1511.37,3920,0.51,10.06,9.4,32.3,135,1100,0
1511.56,3880,0.51,13.42,11,14.3,135,1040,0
1511.76,3880,0.51,15,11,4.5,135,1010,0
1511.95,3880,0.77,15,11.4,-1.5,134,990,0
1512.13,3880,0.77,15.14,11.4,-3,134,990,0
1512.34,3840,0.51,14.86,11.4,-3,133,980,0
1512.53,3840,0,14.58,11.4,3,133,970,0
1512.71,3840,0,14.92,11.4,-3,133,970,0
1512.94,3800,0,15.08,11.8,-3,132,960,0
1513.13,3760,0,15.53,11.8,-3.8,132,980,0
1513.32,3760,0,14.56,11.4,-4.5,131,980,0
1513.51,3760,0,14.5,11,-3.8,130,980,0
1513.7,3760,0,14,11,-3.8,130,980,0
1513.9,3720,0,14,11,-3.8,129,980,0
1514.09,3720,0,13.5,10.6,-3.8,129,980,0
1514.27,3680,0,13.58,10.6,-3.8,128,980,0
1514.48,3640,0,13.78,10.6,-3,127,980,0
1514.67,3600,0,13,10.6,-3.8,126,980,0
1514.85,3560,0,13.14,10.2,-3.8,125,970,0
1515.06,3480,0,12.72,10.2,-3.8,123,970,0
1515.25,3400,0,12.03,9.8,-3.8,122,970,0
1515.45,3360,0,12.11,9.8,-3.8,120,970,0
1515.64,3280,0,11.5,9.4,-3.8,117,970,0
1515.83,3200,0,11.58,9.4,-3.8,115,960,0
1516.03,3160,0,11.11,9,-3.8,113,960,0
1516.22,3080,0,10.78,9,-3.8,111,960,0
1516.4,3000,0,10.58,9,-3.8,108,960,0
1516.6,2960,0,10.25,8.6,-3.8,106,960,0
1516.79,2920,0,10.22,8.6,-4.5,104,960,0
1516.98,2880,0,10.17,8.2,-4.5,102,960,0
1517.18,2840,0,9.53,8.2,-4.5,100,960,0
1517.37,2800,0,9.72,8.2,-4.5,99,960,0
1517.57,2760,0,9.33,8.2,-4.5,98,960,0
1517.76,2720,0,9.11,7.8,-4.5,96,960,0
1517.95,2720,0,9.47,7.8,-4.5,95,960,0
1518.17,2680,0,9.25,7.8,-4.5,94,950,0
1518.36,2680,0,8.89,7.8,-4.5,93,950,0
1518.55,2680,0,9.25,7.8,-4.5,93,950,0
1518.75,2640,0,9.28,7.8,-4.5,92,950,0
1518.93,2640,0,9.28,7.8,-4.5,92,950,0
1519.14,2640,0,9.36,7.8,-4.5,91,950,0
1519.32,2640,0,9.08,7.8,-4.5,91,950,0
1519.51,2600,0,8.75,7.8,-4.5,91,950,0
1519.72,2600,0,9.11,7.5,-4.5,90,950,0
1519.9,2600,0,8.64,7.5,-4.5,90,950,0
1520.09,2560,0,8.83,7.5,-4.5,89,950,0
1520.29,2560,0,8.86,7.5,-4.5,89,950,0
1520.48,2560,0,8.78,7.5,-4.5,89,950,0
1520.67,2520,0,8.61,7.5,-4.5,88,950,0
1520.87,2520,0,8.75,7.5,-4.5,88,940,0
1521.06,2520,0,8.64,7.5,-4.5,87,940,0
1521.26,2480,0,8.56,7.5,-4.5,87,940,0
1521.45,2480,0,8.81,7.5,-4.5,86,940,0
1521.64,2480,0,8.33,7.5,-4.5,86,940,0
1521.86,2480,0,8.67,7.5,-5.3,86,940,0
1522.05,2440,0,8.39,7.5,-5.3,85,940,0
1522.23,2440,0,8.19,7.1,-5.3,85,940,0
1522.43,2440,0,8.36,7.1,-5.3,84,940,0
1522.62,2400,0,8.28,7.1,-5.3,84,940,0
1522.81,2400,0,8.17,7.1,-5.3,84,940,0
1523.01,2400,0,8,7.1,-5.3,83,940,0
1523.2,2400,0,8.08,7.1,-5.3,83,940,0
1523.41,2360,0,8.08,7.1,-5.3,83,940,0
1523.6,2360,0,8.11,7.1,-5.3,82,940,0
1523.79,2360,0.51,7.94,7.1,-5.3,82,940,0
1524,2320,0.77,7.72,6.7,-5.3,81,940,0
1524.18,2320,0.77,7.61,6.7,-2.3,81,940,0
1524.37,2320,0.51,7.69,7.1,1.5,81,940,0
1524.58,2320,0.51,7.83,6.7,5.3,80,930,0
1524.76,2320,0.77,8.17,7.1,11.3,80,930,0
1524.95,2320,0.77,9.11,7.5,17.3,80,930,0
1525.15,2280,0.77,9.67,8.2,17.3,79,930,0
1525.34,2280,0.77,9.11,8.2,17.3,79,930,0
1525.55,2280,0.77,9.61,7.8,17.3,79,930,0
1525.73,2280,1.02,11.81,9,17.3,79,930,0
1525.92,2280,1.28,13.28,10.6,16.5,78,930,0
1526.12,2280,1.28,13.61,10.6,15.8,78,930,0
1526.31,2280,1.53,16.42,12.2,15,78,930,0
1526.5,2280,2.04,20.92,13.3,14.3,78,940,0
1526.7,2280,1.79,23.47,16.9,18.8,78,950,0
1526.88,2280,1.79,25.33,17.6,23.3,78,990,0
1527.07,2280,1.79,24.64,17.3,25.5,78,1010,0
1527.28,2280,1.53,21.69,16.9,27.8,79,1040,0
1527.46,2320,1.53,18.72,13.3,27.8,79,1050,0
1527.67,2280,1.53,18.56,13.3,30.8,79,1040,0
1527.86,2280,1.53,18.56,13.3,30.8,79,1030,0
1528.04,2280,1.53,20.11,13.7,30.8,79,1030,0
1528.25,2320,1.79,21.22,14.1,30.8,79,1030,0
1528.43,2320,1.79,21.08,14.9,30,79,1030,0
1528.62,2320,1.79,21.44,14.9,28.5,79,1040,0
1528.84,2320,1.79,21.17,14.9,28.5,79,1040,0
1529.03,2320,1.79,21,14.5,28.5,79,1040,0
1529.21,2320,1.79,21.19,14.5,28.5,80,1040,0
1529.42,2320,1.79,20.69,14.5,28.5,80,1050,0
1529.61,2320,1.53,20.5,14.5,29.3,80,1050,0
1529.81,2320,1.79,20.89,14.5,29.3,80,1040,0
1530,2320,1.79,21.67,14.5,29.3,80,1040,0
1530.18,2320,1.79,21.47,14.9,29.3,80,1040,0
1530.39,2320,1.53,20.44,14.9,29.3,80,1050,0
1530.57,2320,1.02,13,11.4,30,80,1050,0
1530.76,2320,1.02,13.17,10.2,30.8,80,1030,0
1530.96,2320,1.02,13.42,10.2,27.8,80,1010,0
1531.15,2320,1.02,13.33,10.6,27,80,1010,0
1531.34,2320,1.02,12.36,9.8,27,80,1000,0
1531.54,2320,1.02,12.33,9.8,27,80,990,0
1531.73,2320,1.02,12.25,9.8,27,80,980,0
1531.93,2320,1.02,11.83,9.8,26.3,80,980,0
1532.12,2320,1.02,10.33,9,26.3,80,970,0
1532.31,2320,0.77,9.64,8.2,27.8,80,970,0
1532.51,2320,0.77,9.89,8.2,27.8,80,960,0
1532.7,2320,0.77,9.89,8.2,27.8,80,960,0
1532.89,2320,0.77,9.25,8.2,27.8,80,950,0
1533.09,2320,1.02,10.58,8.2,27.8,80,950,0
1533.28,2320,1.53,18.11,11.8,27.8,80,940,0
1533.46,2320,1.79,23.97,15.3,24,80,950,0
1533.67,2320,1.79,24.56,18,25.5,80,970,0
1533.86,2320,1.79,25.58,18,27,80,1010,0
1534.07,2320,2.04,25.47,17.6,27.8,80,1030,0
1534.26,2320,1.79,24.89,17.6,27,80,1060,0
1534.45,2320,2.04,26.39,17.3,27.8,80,1070,0
1534.65,2320,2.29,28.22,18.8,27,80,1080,0
1534.84,2360,2.29,28.17,19.2,26.3,81,1090,0
1535.03,2360,2.29,31.89,20,24.8,81,1100,0
1535.23,2400,2.55,33.75,22.4,23.3,81,1100,0
1535.42,2400,2.29,30.47,23.1,23.3,81,1120,0
1535.62,2400,1.28,15.33,16.5,23.3,82,1090,0
1535.81,2400,1.28,15.47,12.2,29.3,82,1040,0
1535.99,2400,1.02,14.64,11.8,32.3,82,1010,0
1536.2,2400,1.02,12.58,11,33.8,82,990,0
1536.39,2400,1.02,12.28,9.8,33,82,970,0
1536.57,2360,0.77,11.39,9.8,28.5,82,960,0
1536.77,2400,0.77,10.92,9.4,21.8,82,960,0
1536.97,2360,0.77,9.67,9,13.5,82,950,0
1537.15,2360,0.77,9.22,8.2,13.5,82,940,0
1537.35,2360,0.77,8.58,7.8,15,82,940,0
1537.55,2360,0.77,10.53,7.8,17.3,81,930,0
1537.75,2360,2.04,23.94,11.8,16.5,81,920,0
1537.93,2360,2.55,33.22,20.8,13.5,81,920,0
1538.12,2400,2.55,39.17,30.6,16.5,81,970,0
1538.33,2400,2.55,42.81,34.9,19.5,81,1060,0
1538.51,2400,3.06,46.33,89,20.3,82,1150,0
1538.7,2440,3.31,51.22,99.6,17.3,82,1250,0
1538.9,2440,3.57,54.92,99.6,12.8,83,1360,0
1539.09,2480,3.83,60.25,99.6,11.3,83,1460,0
1539.28,2480,4.08,66.33,99.6,7.5,84,1570,0
1539.49,2520,4.59,72.53,99.6,9,85,1720,0
1539.69,2560,5.1,80.69,99.6,4.5,86,1850,0
1539.91,2600,5.1,79.08,98.8,2.3,87,1940,0
1540.12,2600,5.1,78.11,98.4,3,88,1980,0
1540.31,2640,5.1,79.08,98.8,2.3,89,2000,0
1540.51,2680,5.1,77.22,98.8,3.8,90,1990,0
1540.7,2680,5.1,79.11,98.8,1.5,91,1980,0
1540.9,2760,5.1,79.89,99.6,1.5,92,1980,0
1541.09,2760,5.1,80.36,99.6,5.3,93,1980,0
1541.28,2800,5.1,83,99.6,0.8,94,1950,0
1541.48,2840,5.1,82.42,99.6,5.3,95,1980,0
1541.67,2880,5.36,82.86,99.6,3.8,96,1970,0
1541.86,2880,5.1,82.97,99.6,2.3,97,1960,0
1542.06,2920,5.36,83.25,99.6,4.5,98,1960,0
1542.24,2960,5.61,85.78,99.6,4.5,99,1960,0
1542.43,3000,5.61,87.94,99.6,3,100,1950,0
1542.63,3040,6.12,89.06,99.6,2.3,102,1950,0
1542.83,3040,6.38,88.58,99.6,2.3,103,1930,0
1543.03,3080,6.38,87.19,99.6,3.8,104,1930,0
1543.21,3120,6.38,90.64,99.6,3,105,1920,0
1543.4,3120,6.12,91.47,99.6,3.8,106,1920,0
1543.6,3160,6.12,90.19,99.6,3.8,107,1900,0
1543.8,3200,6.12,90.75,99.6,4.5,108,1890,0
1543.98,3240,6.12,91.78,99.6,4.5,109,1890,0
1544.18,3280,6.12,91.94,99.6,5.3,110,1870,0
1544.37,3280,5.87,89.67,99.6,6,111,1870,0
1544.56,3320,6.12,91.5,99.6,6.8,112,1860,0
1544.78,3320,6.12,91.97,99.6,7.5,113,1850,0
1544.97,3360,5.87,92.5,99.6,7.5,114,1830,0
1545.17,3400,5.87,91.42,99.6,7.5,115,1830,0
1545.35,3400,5.87,89.19,99.6,9,116,1820,0
1545.55,3440,5.87,90.44,99.6,9,117,1790,0
1545.74,3480,5.87,90.25,99.6,9.8,118,1780,0
1545.93,3480,5.87,92.81,99.6,7.5,118,1780,0
1546.12,3520,5.87,94.94,99.6,9,119,1780,0
1546.34,3560,5.87,95.39,99.6,11.3,120,1790,0
1546.53,3560,5.87,96.86,99.6,9,121,1800,0
1546.72,3600,5.87,97.56,99.6,11.3,122,1800,0
1546.92,3640,5.61,97.5,99.6,6,123,1800,0
1547.1,3640,5.87,101.92,99.6,8.3,124,1830,0
1547.31,3680,5.36,101.17,99.6,9.8,124,1850,0
1547.5,3680,5.36,103.33,99.6,9.8,125,1870,0
1547.68,3720,5.61,102.81,99.6,6,126,1880,0
1547.89,3720,5.61,105.78,98.8,7.5,127,1880,0
1548.07,3760,5.61,105.67,99.2,6.8,128,1880,0
1548.26,3800,5.87,108.97,98.8,7.5,128,1910,0
1548.47,3800,5.87,110.89,98,7.5,129,1930,0
1548.65,3840,5.87,110.75,97.3,5.3,130,1920,0
1548.84,3880,6.12,110.69,97.6,6.8,131,1950,0
1549.05,3880,6.12,113.17,96.9,6.8,132,1950,0
1549.22,3920,6.12,116.56,97.6,7.5,133,1970,0
1549.43,3960,6.12,116.31,97.3,6.8,134,1970,0
1549.62,4000,6.38,120.89,96.9,7.5,135,2010,0
1549.81,4000,6.38,122.78,96.5,7.5,136,2010,0
1550.03,4040,6.38,123.03,96.5,6.8,137,2040,0
1550.22,4080,6.38,121.97,99.6,0.8,138,2050,0
1550.4,4080,6.38,124.42,99.6,4.5,139,2010,0
1550.6,4120,6.63,128.97,99.6,3,140,2040,0
1550.8,4160,6.63,131.94,97.6,0,141,2070,0
1550.98,4160,6.88,132.78,96.9,-2.3,142,2100,0
1551.18,4200,6.63,130.89,96.1,5.3,143,2090,0
1551.37,4240,7.14,130.92,96.5,1.5,144,2090,0
1551.58,4240,5.36,97.58,82.7,0.8,145,2140,0
1551.76,4240,2.29,20.36,24.7,4.5,145,1980,0
1551.95,4240,1.28,23.14,18,23.3,146,1370,0
1552.15,4240,0.77,14.08,14.9,29.3,146,1160,0
1552.34,4200,0.51,13.19,11,27.8,146,1070,0
1552.53,4240,0.51,15.28,11.4,9.8,146,1030,0
1552.73,4240,0.51,15.75,11.8,3,146,1010,0
1552.92,4200,0.77,15.97,12.2,2.3,145,1000,0
1553.1,4160,0.77,16.44,12.2,2.3,145,990,0
1553.33,4120,0,16.81,12.2,15.8,144,990,0
1553.51,4080,0,16.08,12.2,4.5,143,980,0
1553.72,4040,0,16.14,12.2,1.5,142,970,0
1553.9,3960,0,15.94,12.2,1.5,140,970,0
1554.09,3920,0,15.42,11.8,0.8,139,990,0
1554.29,3880,0,15.47,11.4,0.8,137,990,0
1554.48,3800,0,14.5,11.4,-3,136,990,0
1554.67,3760,0,14.36,11,-3.8,133,990,0
1554.87,3680,0,13.28,10.6,-3.8,131,990,0
1555.06,3600,0,13.58,10.6,-3.8,129,980,0
1555.25,3520,0,13.08,10.2,-3.8,126,980,0
1555.46,3400,0,12.33,9.8,-3.8,123,980,0
1555.65,3320,0,12,9.8,-3.8,120,970,0
1555.87,3240,0,11.61,9.4,-3.8,118,970,0
1556.06,3160,0,11.31,9.4,-3.8,114,970,0
1556.25,3040,0,10.69,9,-3.8,112,970,0
1556.45,3000,0,10.42,8.6,-3.8,108,970,0
1556.64,2920,0,10.5,8.6,-4.5,106,970,0
1556.82,2840,0,10.42,8.2,-4.5,103,970,0
1557.03,2800,0,9.64,8.2,-4.5,101,960,0
1557.21,2760,0,10,8.2,-3.8,99,960,0
1557.41,2720,0,9.25,7.8,-4.5,97,960,0
1557.6,2720,0,9.61,7.8,-3.8,96,960,0
1557.79,2680,0,9.42,7.8,-4.5,95,960,0
1557.99,2680,0,9.22,7.8,-4.5,94,960,0
1558.18,2680,0,9.28,7.8,-4.5,93,950,0
1558.37,2640,0,8.83,7.8,-4.5,92,950,0
1558.57,2640,0.77,8.97,7.8,-4.5,92,950,0
1558.76,2640,0.77,9.14,7.8,-3.8,91,950,0
1558.95,2680,2.04,24.75,8.6,8.3,91,930,0
1559.15,2600,2.29,32.11,21.2,1.5,91,940,0
1559.34,2640,2.55,36.89,22,15,91,990,0
1559.54,2640,2.81,39.14,25.1,21,91,1070,0
1559.72,2640,2.81,38.28,24.7,19.5,91,1110,0
1559.92,2680,2.55,38.36,24.3,21.8,91,1130,0
1560.12,2680,2.55,38.44,24.3,20.3,91,1130,0
1560.31,2680,2.55,38.75,24.7,21,92,1130,0
1560.5,2680,2.55,38.94,24.7,21,92,1140,0
1560.72,2720,2.55,36.53,23.9,21,92,1140,0
1560.9,2720,2.29,35.03,22.4,21.8,93,1140,0
1561.11,2720,2.29,33.64,21.6,22.5,93,1140,0
1561.29,2720,2.04,33.25,21.2,23.3,94,1130,0
1561.48,2760,2.29,34.14,20.8,24,94,1130,0
1561.68,2760,2.29,33.67,20.8,24,94,1130,0
1561.87,2760,2.04,34.11,20.8,24,95,1130,0
1562.05,2800,2.29,35.03,20.8,24,95,1130,0
1562.26,2800,2.29,33.72,20.8,24,95,1130,0
1562.44,2800,1.79,25.75,18.4,24.8,96,1140,0
1562.63,2800,1.79,24.75,16.1,27,96,1120,0
1562.84,2800,1.53,22.92,15.3,28.5,96,1100,0
1563.03,2800,1.53,22.17,14.9,29.3,96,1090,0
1563.23,2800,1.53,24.08,14.5,30,96,1070,0
1563.42,2800,1.79,27,16.9,28.5,96,1070,0
1563.6,2800,1.79,27.33,16.9,27.8,96,1080,0
1563.81,2800,1.79,26.94,16.9,27.8,96,1090,0
1563.99,2800,1.79,26.83,16.9,27.8,97,1100,0
1564.18,2800,1.79,26.75,16.9,27.8,97,1100,0
1564.39,2840,1.53,27.31,16.9,27.8,97,1100,0
1564.58,2840,1.53,26.69,16.5,27.8,97,1100,0
1564.76,2840,1.79,26.17,16.5,27.8,97,1100,0
1564.97,2840,1.53,26.69,16.5,27.8,97,1100,0
1565.15,2840,1.28,22.72,15.7,28.5,98,1100,0
1565.35,2840,1.28,21.53,14.5,30,98,1090,0
1565.57,2840,1.02,17.58,13.3,30.8,98,1080,0
1565.76,2840,1.02,14.81,11.4,33.8,98,1060,0
1565.98,2840,1.02,15.81,11.4,35.3,98,1040,0
1566.17,2800,0.77,14.81,11.4,35.3,97,1030,0
1566.39,2800,0.77,11.31,9,36.8,97,1020,0
1566.57,2800,0.77,11.78,9.4,38.3,97,1010,0
1566.76,2800,0.77,11.33,9.4,38.3,97,990,0
1566.97,2800,0.77,11.42,9.4,38.3,96,990,0
1567.15,2800,0.77,11.5,9,38.3,96,980,0
1567.34,2800,0.77,10.31,9,38.3,96,970,0
1567.55,2760,0.51,8.25,7.5,25.5,96,970,0
1567.73,2760,0.51,8.39,7.5,35.3,96,960,0
1567.92,2760,0.51,8.56,7.5,39,95,960,0
1568.12,2760,0.51,8.78,7.5,39,95,950,0
1568.31,2760,0.51,8.64,7.5,36.8,95,950,0
1568.51,2720,0.51,8.67,7.5,36.8,95,950,0
1568.7,2720,0.77,10.83,8.2,38.3,94,940,0
1568.88,2720,1.02,13.44,9.4,39,94,940,0
1569.09,2720,1.02,15.47,11,36.8,94,940,0
1569.28,2720,1.02,16.47,12.2,35.3,94,950,0
1569.46,2720,1.02,16.53,12.2,33.8,94,960,0
1569.67,2720,1.02,17.03,12.5,33.8,93,970,0
1569.85,2720,1.28,17.78,12.9,33,93,980,0
1570.04,2720,1.02,18.17,12.5,33,93,990,0
1570.24,2720,1.28,19.69,13.7,32.3,93,1000,0
1570.43,2720,1.28,20.14,13.7,31.5,93,1010,0
1570.63,2720,1.28,21.17,14.1,31.5,93,1020,0
1570.82,2720,1.28,23.33,14.5,30.8,93,1030,0
1571.01,2720,1.53,24,15.3,29.3,93,1040,0
1571.23,2720,1.53,25.64,15.7,29.3,94,1050,0
1571.42,2720,1.53,25.44,16.5,27.8,94,1070,0
1571.61,2720,1.53,25.47,16.5,28.5,94,1080,0
1571.81,2720,1.53,24.22,16.5,28.5,94,1090,0
1571.99,2760,1.53,20.92,15.7,28.5,94,1090,0
1572.18,2760,1.28,18.36,13.7,30.8,94,1090,0
1572.39,2760,1.02,15.75,11.8,32.3,95,1070,0
1572.57,2760,1.02,17.36,12.2,33.8,95,1050,0
1572.78,2760,1.28,19.97,12.5,33,95,1040,0
1572.97,2760,1.28,20.69,13.7,31.5,95,1040,0
1573.16,2760,1.28,20.61,14.1,30.8,95,1040,0
1573.36,2760,1.28,21.53,13.7,30.8,95,1040,0
1573.54,2760,1.28,21.08,14.1,30.8,95,1050,0
1573.73,2760,1.28,21.44,14.5,30.8,95,1050,0
1573.93,2760,1.28,20.97,14.5,30.8,95,1050,0
1574.12,2760,1.28,19.53,13.7,30.8,95,1060,0
1574.31,2760,1.02,15.94,13.3,31.5,95,1050,0
1574.51,2760,1.02,15.5,11.4,34.5,95,1040,0
1574.72,2720,0.77,8.89,10.6,34.5,95,1040,0
1574.92,2720,0.51,7.75,7.5,39,95,1010,0
1575.11,2720,0.51,8.97,7.8,38.3,94,1000,0
1575.29,2720,0.51,9.69,8.2,38.3,94,980,0
1575.49,2680,0.51,10,8.2,38.3,93,970,0
1575.68,2680,0.77,12.89,9.8,38.3,93,970,0
1575.87,2680,1.02,15.17,11,36.8,93,960,0
1576.07,2680,1.28,17.67,12.2,34.5,92,960,0
1576.26,2680,1.28,19.61,13.3,33,92,970,0
1576.48,2680,1.28,20.69,14.1,31.5,92,990,0
1576.67,2680,1.53,22.08,14.5,30,92,1000,0
1576.87,2680,1.53,23.83,15.7,29.3,92,1020,0
1577.08,2680,1.53,25.36,16.1,29.3,92,1040,0
1577.26,2720,1.79,28.17,16.9,27.8,93,1050,0
1577.45,2720,1.79,29.97,18,26.3,93,1070,0
1577.65,2720,2.04,31.67,18.8,26.3,93,1100,0
1577.84,2720,2.04,32.03,19.2,24.8,94,1110,0
1578.04,2760,2.04,31.67,19.2,24.8,94,1120,0
1578.23,2760,2.04,31.92,19.6,24.8,94,1120,0
1578.41,2760,2.29,32.47,20,24,94,1120,0
1578.62,2760,2.04,32.5,20,24,94,1120,0
1578.82,2760,2.04,32.28,20,24,94,1120,0
1579.01,2760,2.04,32.25,20,24,95,1120,0
1579.21,2760,2.04,29.42,20,24,95,1130,0
1579.4,2760,1.53,23.06,16.5,26.3,95,1130,0
1579.6,2760,1.28,18.25,14.1,28.5,95,1110,0
1579.8,2720,1.02,16.31,11.8,30.8,95,1080,0
1579.98,2720,1.02,15.47,11.8,33,94,1060,0
1580.18,2720,1.02,15.81,11.4,33.8,94,1040,0
1580.37,2720,1.02,15.89,11.4,33.8,94,1030,0
1580.56,2720,1.28,18.78,11.4,34.5,94,1020,0
1580.78,2720,1.28,20.64,13.7,32.3,94,1020,0
1580.97,2720,1.28,20.83,14.1,30.8,94,1020,0
1581.17,2720,1.28,21.94,14.5,30.8,94,1030,0
1581.36,2720,1.53,23.33,14.9,30.8,94,1040,0
1581.54,2760,1.79,26.89,15.7,29.3,94,1050,0
1581.76,2760,1.79,28.42,17.6,27,94,1070,0
1581.95,2760,1.79,28.69,18,26.3,94,1090,0
1582.14,2760,2.04,31.33,18.4,26.3,95,1100,0
1582.35,2760,2.04,32.5,19.6,24.8,95,1110,0
1582.54,2800,2.04,32.39,20,24.8,95,1120,0
1582.75,2800,2.04,33.39,20,24.8,95,1120,0
1582.94,2800,2.04,33,20.4,24,96,1130,0
1583.12,2800,2.29,33.25,20.4,24,96,1130,0
1583.32,2840,2.29,34.86,20.4,24,96,1130,0
1583.5,2840,2.29,35.64,21.2,24,97,1120,0
1583.7,2840,2.29,35.31,21.6,24,97,1130,0
1583.9,2840,2.29,37.39,21.6,24,98,1130,0
1584.11,2840,2.29,37.47,22,23.3,98,1130,0
1584.3,2880,2.29,36.17,22.4,23.3,98,1130,0
1584.5,2880,2.04,33.11,21.6,24,98,1140,0
1584.7,2880,1.79,27.72,18.4,24.8,99,1140,0
1584.9,2880,1.79,25.94,17.3,25.5,99,1130,0
1585.09,2880,1.53,25.11,15.7,27.8,99,1110,0
1585.28,2880,1.53,22.86,16.1,29.3,99,1100,0
1585.48,2880,1.28,21,14.1,30.8,99,1090,0
1585.67,2880,1.28,17.86,13.7,31.5,99,1080,0
1585.85,2880,1.02,17.03,12.5,33.8,99,1060,0
1586.06,2880,1.28,18.47,12.9,33.8,99,1050,0
1586.25,2880,1.02,18.14,12.9,33.8,99,1040,0
1586.46,2880,1.28,18.28,12.9,34.5,99,1040,0
1586.65,2880,1.28,18.67,12.9,33.8,99,1040,0
1586.84,2880,1.28,19.28,12.9,33.8,99,1030,0
1587.06,2880,1.28,19.56,13.7,33,99,1030,0
1587.25,2840,1.28,20.64,14.1,33,99,1040,0
1587.46,2840,1.02,14.39,14.1,32.3,98,1050,0
1587.65,2840,0.77,12.81,10.6,36,98,1040,0
1587.84,2840,0.77,13.22,9.8,36.8,98,1020,0
1588.04,2840,0.77,12.19,10.2,37.5,98,1010,0
1588.23,2840,0.77,12.17,9.8,37.5,98,1000,0
1588.41,2800,0.77,12.81,9.8,37.5,98,990,0
1588.62,2800,0.77,12.06,9.8,37.5,97,990,0
1588.81,2800,0.77,13.14,9.8,37.5,97,980,0
1589.01,2800,0.77,13.31,10.6,36.8,97,980,0
1589.22,2800,0.77,13.03,10.6,36.8,96,980,0
1589.4,2760,0.77,14.39,10.6,36,96,980,0
1589.61,2760,0.77,14.61,10.6,36,96,980,0
1589.8,2760,0.77,14.67,11,36,96,980,0
1589.98,2760,0.77,14.17,10.6,36,96,980,0
1590.18,2760,0.77,15.36,11.4,35.3,95,980,0
1590.37,2760,1.02,16.08,11.4,35.3,95,980,0
1590.56,2760,1.02,17.36,12.2,34.5,95,980,0
1590.77,2760,1.02,18.78,12.9,33.8,95,990,0
1590.96,2760,1.02,18.47,13.3,33,95,1000,0
1591.16,2760,1.28,20.11,13.7,33,95,1010,0
1591.35,2760,1.53,21.94,14.1,31.5,95,1020,0
1591.54,2760,1.28,22.19,15.3,30.8,95,1030,0
1591.75,2760,1.53,24.14,15.3,30,95,1040,0
1591.93,2760,1.53,24.36,15.7,29.3,95,1050,0
1592.12,2760,1.53,23.69,15.7,29.3,95,1060,0
1592.34,2760,1.53,23.14,15.3,28.5,95,1070,0
1592.53,2760,1.53,23.61,15.3,29.3,95,1080,0
1592.71,2760,1.53,24.31,15.3,29.3,95,1080,0
1592.92,2760,1.53,23.72,15.3,29.3,95,1080,0
1593.12,2760,1.53,23.61,15.3,28.5,95,1080,0
1593.32,2760,1.53,23.92,15.3,28.5,95,1090,0
1593.51,2760,1.53,23.08,15.3,29.3,95,1080,0
1593.72,2760,1.53,23.33,15.3,29.3,96,1080,0
1593.93,2760,1.53,22.5,15.3,28.5,96,1080,0
1594.12,2760,1.28,20.19,13.3,30,96,1080,0
1594.34,2760,1.28,20.33,13.7,30.8,96,1070,0
1594.52,2760,1.28,19.22,13.7,30.8,95,1060,0
1594.71,2760,1.28,19.75,13.3,31.5,95,1050,0
1594.92,2760,1.53,22.33,13.7,31.5,95,1040,0
1595.11,2760,1.53,22.64,14.5,30,95,1050,0
1595.29,2760,1.53,21.69,14.9,30,95,1050,0
1595.5,2760,1.53,22.36,14.9,30,95,1060,0
1595.68,2760,1.53,22.81,14.9,30,95,1060,0
1595.87,2760,1.28,21.67,14.5,30,95,1060,0
1596.07,2760,1.53,22.86,14.5,30,95,1060,0
1596.26,2760,1.53,22.06,14.5,30,95,1070,0
1596.47,2760,1.53,21.81,14.5,30,95,1070,0
1596.65,2760,1.53,21.78,14.5,30,95,1070,0
1596.84,2760,1.53,22.17,14.5,30,95,1070,0
1597.05,2760,1.53,21.94,14.5,30,95,1070,0
1597.24,2760,1.28,22.11,14.5,30,95,1070,0
1597.44,2760,1.53,22.94,14.5,30,95,1070,0
1597.65,2760,1.53,25.5,15.3,29.3,95,1060,0
1597.84,2760,1.79,28.78,16.5,28.5,95,1070,0
1598.04,2800,2.04,32.22,19.2,26.3,95,1090,0
1598.23,2800,2.04,33.31,19.6,24.8,96,1110,0
1598.42,2800,2.04,31.86,19.2,24.8,96,1120,0
1598.62,2800,2.04,31.39,19.2,24.8,96,1130,0
1598.81,2800,2.04,32.31,19.2,24.8,96,1120,0
1599,2800,2.04,32.83,19.6,24.8,96,1120,0
1599.19,2800,2.04,33,19.6,24.8,97,1120,0
1599.39,2800,2.04,32.42,19.6,24.8,97,1120,0
1599.57,2840,2.04,31.94,19.6,24.8,97,1120,0
1599.77,2840,2.04,32.89,19.6,24.8,97,1120,0
1599.97,2840,2.04,32.47,19.6,24.8,97,1120,0
1600.16,2840,2.04,33.47,20,24,97,1120,0
1600.36,2840,2.04,32.92,20,24,97,1120,0
1600.54,2840,2.04,33.22,20,24,97,1120,0
1600.74,2840,2.04,33.17,20,24,98,1120,0
1600.93,2840,2.04,33.11,20,24.8,98,1120,0
1601.12,2840,2.04,33,20,24.8,98,1130,0
1601.33,2880,2.04,33.92,20,24,98,1130,0
1601.51,2880,2.04,34.44,20,24,98,1130,0
1601.7,2880,2.04,33.03,20,24,99,1130,0
1601.9,2880,2.04,34.28,20,24,99,1130,0
1602.09,2880,2.04,33.36,20,24.8,99,1130,0
1602.29,2880,2.04,33.75,20,24.8,99,1130,0
1602.48,2920,2.04,33.44,20,24,99,1130,0
1602.67,2920,2.04,34,20,24.8,100,1130,0
1602.88,2920,2.04,33.53,20,24.8,100,1130,0
1603.07,2920,2.04,34.08,20,24.8,100,1130,0
1603.26,2920,2.04,34.72,20.4,24.8,100,1130,0
1603.46,2920,2.04,34.5,20.4,24.8,100,1130,0
1603.64,2920,2.04,34.61,20.4,24,101,1130,0
1603.84,2960,2.04,34.22,20.4,24,101,1130,0
1604.04,2960,2.29,35.64,20.4,24,101,1130,0
1604.23,2960,2.04,35.81,20.4,24,101,1130,0
1604.43,2960,2.04,35.5,20.4,24,101,1130,0
1604.62,2960,2.04,35.86,20.4,24,102,1130,0
1604.81,2960,2.04,35.72,20.4,24,102,1130,0
1605.01,2960,2.04,35.47,20.4,24,102,1130,0
1605.2,2960,2.04,32.28,20.4,24,102,1130,0
1605.39,2960,1.79,28.36,17.6,24.8,102,1130,0
1605.59,2960,1.53,26.83,17.3,27,102,1120,0
1605.78,2960,1.28,17.33,14.5,30,102,1120,0
1605.97,2960,1.02,15.36,11.8,34.5,102,1080,0
1606.17,2960,1.02,16.47,12.2,35.3,102,1060,0
1606.36,2960,1.02,15,11.8,35.3,102,1040,0
1606.56,2960,1.02,13.89,11,36,102,1030,0
1606.74,2920,0.77,13.17,10.6,36.8,102,1020,0
1606.93,2920,0.77,12.5,9.8,37.5,101,1010,0
1607.14,2920,0.77,12.33,9.8,37.5,101,1000,0
1607.34,2920,0.77,11.92,9.8,38.3,101,990,0
1607.53,2920,0.77,12.31,9.8,38.3,101,990,0
1607.73,2920,0.77,14.53,10.2,38.3,100,980,0
1607.92,2880,1.02,15.58,11.4,36.8,100,980,0
1608.1,2880,1.02,15.53,11.8,36,100,980,0
1608.32,2880,0.77,15.42,11.8,36,100,990,0
1608.51,2880,0.77,15.44,11.4,36,99,990,0
1608.71,2880,0.77,15.69,11.4,36,99,990,0
1608.9,2880,0.77,15.61,11.4,36,99,990,0
1609.09,2880,1.02,15.81,11.4,36,99,990,0
1609.3,2880,0.77,16.17,11.8,36,99,990,0
1609.48,2880,1.02,16.89,12.2,35.3,99,1000,0
1609.67,2840,1.02,16.69,12.2,35.3,99,1000,0
1609.87,2840,1.02,17.14,12.2,35.3,98,1000,0
1610.05,2840,1.02,15.83,12.2,34.5,98,1010,0
1610.25,2840,0.77,15.06,11.4,35.3,98,1010,0
1610.45,2840,0.77,13.94,11,36,98,1000,0
1610.63,2840,0.77,14.31,11,36.8,98,1000,0
1610.84,2840,0.77,12.03,10.2,36.8,98,1000,0
1611.03,2840,0.77,11.92,9.4,38.3,98,990,0
1611.21,2840,0.77,11.97,9.8,38.3,97,980,0
1611.42,2840,0.77,11.17,9.4,38.3,97,980,0
1611.61,2800,0.77,11.06,9.4,38.3,97,970,0
1611.8,2800,0.77,11.64,9.4,38.3,97,970,0
1612.01,2800,0.77,11.31,9.4,38.3,97,970,0
1612.19,2800,0.77,11.47,9,39,97,960,0
1612.4,2800,0.77,11.39,9.4,38.3,97,960,0
1612.59,2800,0.77,11.56,9.4,38.3,97,960,0
1612.78,2800,0.77,13.75,10.2,38.3,96,960,0
1612.98,2800,0.77,13.61,10.6,36.8,96,960,0
1613.17,2800,0.77,14.17,10.6,36.8,96,960,0
1613.36,2760,0.77,14.78,11.4,36,96,960,0
1613.57,2760,0.77,14.61,11,35.3,96,970,0
1613.76,2760,1.02,14.64,11,35.3,95,970,0
1613.97,2760,1.02,14.5,11.4,35.3,95,970,0
1614.15,2760,1.02,15.69,11,35.3,95,980,0
1614.34,2760,1.02,17.47,11.8,35.3,95,980,0
1614.55,2760,1.28,18.56,12.9,33.8,95,980,0
1614.73,2760,1.28,20.61,13.3,33,94,990,0
1614.91,2720,1.28,21.39,14.5,31.5,94,1010,0
1615.12,2760,1.53,25.53,14.9,30.8,94,1020,0
1615.31,2760,1.53,25.39,16.5,28.5,94,1040,0
1615.49,2760,1.79,27.31,16.9,28.5,94,1060,0
1615.7,2760,1.53,25.47,16.5,27.8,94,1070,0
1615.9,2760,1.79,25.44,16.5,28.5,95,1090,0
1616.11,2760,1.79,25.81,16.1,28.5,95,1090,0
1616.3,2760,1.79,25.86,16.1,28.5,95,1090,0
1616.48,2760,1.79,26.53,16.5,27.8,95,1090,0
1616.68,2760,1.53,25.47,16.5,27.8,95,1100,0
1616.87,2800,1.28,16.86,13.7,28.5,95,1110,0
1617.05,2800,1.02,15.64,11.8,33.8,96,1080,0
1617.26,2800,0.77,14.11,10.6,35.3,96,1060,0
1617.45,2800,0.77,13,10.6,36,96,1040,0
1617.66,2800,1.02,13.25,10.6,36.8,96,1020,0
1617.84,2800,0.77,12.44,9.8,37.5,96,1010,0
1618.03,2800,0.77,11.78,9.8,37.5,96,1000,0
1618.23,2800,1.02,16.11,9.8,37.5,96,990,0
1618.41,2800,1.28,21.14,13.3,34.5,96,980,0
1618.61,2800,1.53,23.47,14.9,31.5,96,1000,0
1618.83,2800,1.53,25.44,16.1,30,96,1030,0
1619.01,2800,1.53,27.11,16.9,28.5,96,1040,0
1619.19,2800,1.79,28.75,17.6,27.8,96,1070,0
1619.4,2800,1.79,28.06,17.6,27,96,1090,0
1619.59,2800,1.79,28.11,17.3,26.3,96,1100,0
1619.79,2800,1.79,27.86,17.3,27,96,1110,0
1619.98,2800,2.29,37.31,18,26.3,96,1090,0
1620.16,2800,2.55,44.14,25.1,23.3,96,1100,0
1620.39,2840,2.55,45,30.6,20.3,96,1130,0
1620.57,2840,2.81,43.78,31.8,20.3,97,1150,0
1620.76,2840,2.55,38.33,26.7,19.5,97,1150,0
1620.96,2880,1.79,28.69,21.2,22.5,98,1100,0
1621.15,2880,1.53,25.86,16.9,25.5,98,1080,0
1621.34,2880,1.53,25.36,17.3,29.3,99,1050,0
1621.56,2880,1.28,22.06,17.3,29.3,99,1040,0
1621.74,2880,1.28,19.22,14.9,32.3,99,1030,0
1621.95,2880,1.02,14.97,11.8,35.3,99,1010,0
1622.14,2880,1.02,15.53,11.8,36.8,99,990,0
1622.32,2880,1.02,15.36,12.2,36.8,99,980,0
1622.53,2880,1.02,15.39,11.8,36.8,99,970,0
1622.71,2880,1.02,15.19,11.8,36.8,99,970,0
1622.9,2880,1.02,17.58,12.5,36.8,99,960,0
1623.1,2880,1.02,18.78,13.3,35.3,99,980,0
1623.29,2880,1.28,17.36,12.9,35.3,99,990,0
1623.5,2880,1.53,23.22,14.5,34.5,99,1000,0
1623.68,2880,1.53,24.58,16.1,31.5,99,1020,0
1623.87,2880,1.28,23.5,15.7,30.8,99,1040,0
1624.09,2880,1.53,24.06,15.3,31.5,99,1050,0
1624.29,2880,1.53,23.25,15.3,30.8,99,1060,0
1624.48,2880,1.53,23.25,14.9,30.8,99,1070,0
1624.68,2880,1.53,23.36,14.9,30.8,99,1070,0
1624.87,2880,1.53,23.06,14.9,30.8,99,1080,0
1625.08,2880,1.53,22.81,14.9,30.8,99,1080,0
1625.27,2880,1.28,21.47,14.5,30.8,99,1080,0
1625.46,2880,1.28,22.25,14.5,31.5,99,1070,0
1625.69,2880,1.28,22.06,14.5,31.5,99,1070,0
1625.87,2880,1.28,21,14.5,31.5,99,1070,0
1626.06,2880,1.02,16.06,12.5,32.3,99,1070,0
1626.28,2840,1.02,16.19,11.8,35.3,99,1050,0
1626.46,2840,1.02,15.39,11.4,35.3,98,1040,0
1626.67,2840,1.02,15.03,11.4,35.3,98,1030,0
1626.87,2840,1.02,15.06,11,36,98,1020,0
1627.06,2840,0.77,13.78,10.6,36,98,1010,0
1627.26,2840,0.77,13.83,10.6,36.8,98,1000,0
1627.45,2840,0.77,14.06,10.6,36.8,98,1000,0
1627.63,2840,0.77,13.89,10.6,36.8,98,990,0
1627.84,2840,1.02,16.11,10.6,36.8,98,990,0
1628.03,2840,1.02,19.25,12.9,34.5,98,990,0
1628.22,2840,1.28,19.97,13.7,33,97,1000,0
1628.42,2840,1.28,20.72,13.7,33,97,1010,0
1628.61,2840,1.28,24.28,14.5,32.3,97,1020,0
1628.81,2840,1.53,25.06,15.7,30,97,1030,0
1629,2840,1.53,26.33,16.5,30,97,1050,0
1629.18,2840,1.79,27.86,16.9,28.5,97,1070,0
1629.4,2840,1.79,27.67,16.9,27.8,97,1080,0
1629.59,2840,1.53,26.61,16.9,27.8,97,1100,0
1629.78,2840,1.79,27,16.5,27.8,97,1100,0
1629.98,2840,1.79,27.11,16.9,27.8,97,1100,0
1630.17,2840,1.79,27.78,16.9,27,97,1100,0
1630.36,2840,1.79,26.67,16.9,27,97,1110,0
1630.56,2840,1.79,27.28,16.9,27.8,97,1100,0
1630.75,2840,1.79,27.42,17.3,27,97,1110,0
1630.95,2840,1.79,30.14,17.3,27,98,1110,0
1631.14,2840,1.79,30.08,18,26.3,98,1110,0
1631.32,2880,2.04,31.08,18.4,26.3,98,1110,0
1631.53,2880,2.04,31.08,18.8,24.8,98,1120,0
1631.71,2880,1.79,31.47,18.8,24.8,99,1120,0
1631.9,2880,1.79,30.83,18.8,24.8,99,1120,0
1632.1,2880,2.04,32.17,18.8,24.8,99,1120,0
1632.29,2920,2.04,31.11,19.2,24.8,100,1120,0
1632.48,2920,1.79,32.03,18.8,24.8,100,1120,0
1632.69,2920,1.79,31.94,18.8,24.8,100,1120,0
1632.87,2920,2.04,32.06,18.8,24.8,100,1120,0
1633.07,2920,1.79,28.64,19.2,24.8,100,1120,0
1633.26,2920,1.53,26.78,16.9,26.3,100,1120,0
1633.46,2920,1.53,26.58,16.5,27.8,100,1110,0
1633.67,2920,1.53,22.75,15.3,28.5,100,1100,0
1633.86,2920,1.28,21.39,14.5,30.8,100,1090,0
1634.05,2920,1.02,16.83,12.9,32.3,100,1080,0
1634.24,2880,1.02,14.78,12.2,34.5,100,1060,0
1634.43,2880,0.77,11.33,9.4,36,100,1040,0
1634.65,2880,0.77,10.78,9,37.5,100,1020,0
1634.84,2880,0.51,8.44,7.8,39,100,1010,0
1635.04,2880,0.51,8.56,7.5,39,99,990,0
1635.24,2880,0.51,8.5,7.5,29.3,99,980,0
1635.43,2880,0.51,8.31,7.5,30.8,99,970,0
1635.62,2840,0.51,8.64,7.5,30,99,970,0
1635.84,2840,0.51,9.17,7.8,22.5,98,960,0
1636.04,2840,0.51,8.67,7.8,17.3,98,960,0
1636.24,2840,0.51,8.97,7.5,15.8,98,950,0
1636.43,2840,0.51,11.25,7.8,22.5,98,950,0
1636.62,2840,0.77,15.36,10.2,20.3,98,940,0
1636.82,2800,1.02,17.36,12.2,19.5,97,950,0
1637.02,2800,1.28,20.25,14.1,24.8,97,960,0
1637.21,2800,1.28,22.69,14.9,28.5,97,980,0
1637.42,2800,1.28,22.67,14.9,30,97,1000,0
1637.61,2800,1.28,21.61,14.9,30.8,97,1020,0
1637.81,2800,1.28,22.36,14.9,30.8,97,1040,0
1638,2800,1.28,21.69,14.5,30.8,97,1050,0
1638.19,2800,1.28,21.75,14.5,30.8,97,1050,0
1638.39,2800,1.28,22,14.5,30.8,97,1050,0
1638.57,2840,1.28,22.11,14.5,30,97,1060,0
1638.76,2840,1.28,21.33,14.5,30,97,1060,0
1638.96,2840,1.28,21.94,14.5,30.8,97,1060,0
1639.15,2840,1.28,21.81,14.5,30.8,97,1060,0
1639.34,2840,1.28,21,14.5,30.8,97,1060,0
1639.54,2840,1.28,21.64,14.1,30.8,97,1060,0
1639.74,2840,1.28,21.61,14.1,31.5,97,1060,0
1639.97,2840,1.28,20.92,14.5,30.8,97,1060,0
1640.15,2840,1.28,21.22,14.5,31.5,98,1060,0
1640.34,2840,1.28,20.08,13.7,31.5,98,1060,0
1640.54,2840,1.28,20.72,13.7,32.3,98,1060,0
1640.73,2840,1.28,20.69,13.7,32.3,98,1050,0
1640.93,2840,1.28,20.97,13.7,32.3,98,1050,0
1641.12,2840,1.28,20.72,13.7,31.5,98,1050,0
1641.31,2840,1.28,20.47,13.7,31.5,98,1050,0
1641.51,2840,1.28,21.03,14.1,32.3,97,1050,0
1641.7,2800,1.28,20.97,14.1,31.5,97,1050,0
1641.88,2800,1.28,21.11,14.1,31.5,97,1050,0
1642.09,2800,1.28,20.42,14.1,31.5,97,1050,0
1642.28,2800,1.28,20.69,14.1,31.5,97,1050,0
1642.47,2800,1.28,18.81,13.3,31.5,97,1050,0
1642.67,2800,1.28,19,13.3,32.3,97,1050,0
1642.87,2800,1.28,19.58,13.3,32.3,97,1050,0
1643.08,2800,1.28,18.69,13.3,32.3,97,1040,0
1643.26,2800,1.02,16.11,13.3,33,97,1040,0
1643.45,2800,1.02,16.33,11.8,34.5,97,1040,0
1643.65,2800,1.02,16.61,12.2,34.5,96,1030,0
1643.84,2800,1.02,16.78,12.2,33.8,96,1020,0
1644.03,2800,1.02,16.19,12.2,33.8,96,1020,0
1644.23,2800,1.02,15.06,11.8,34.5,96,1020,0
1644.42,2800,1.02,14.19,11,35.3,96,1010,0
1644.63,2800,0.77,14,10.6,35.3,96,1010,0
1644.82,2800,0.77,13.86,10.6,36,96,1000,0
1645.01,2800,0.77,13.78,10.6,36,96,1000,0
1645.22,2800,0.77,13.89,10.6,36,96,990,0
1645.42,2800,0.77,14.11,10.6,36,96,990,0
1645.6,2800,1.02,15.58,11.4,36,96,980,0
1645.81,2800,1.28,21,13.3,34.5,96,990,0
1646.01,2800,1.28,22.83,14.5,32.3,96,1000,0
1646.22,2800,1.53,25.67,16.1,30,96,1020,0
1646.4,2800,1.53,25.67,16.9,28.5,96,1040,0
1646.59,2800,1.79,27.22,16.9,28.5,96,1060,0
1646.8,2800,1.79,28.08,17.3,27.8,96,1080,0
1646.98,2800,1.79,29.94,18,27,96,1100,0
1647.17,2800,1.79,29.89,18,26.3,96,1110,0
1647.37,2840,2.04,30.67,18.4,26.3,97,1110,0
1647.56,2840,2.04,31.14,18.4,24.8,97,1120,0
1647.76,2840,1.79,29.44,18.4,24.8,97,1120,0
1647.94,2840,1.79,30.56,18.4,24.8,97,1120,0
1648.14,2840,2.04,30.58,18.4,24.8,98,1120,0
1648.33,2840,2.04,30.81,18.4,24.8,98,1120,0
1648.53,2880,1.79,29.31,18.4,24.8,98,1120,0
1648.72,2880,1.79,28.31,17.6,25.5,98,1120,0
1648.92,2880,1.79,27.14,16.5,27,98,1110,0
1649.11,2880,1.79,26.58,16.5,27.8,99,1110,0
1649.29,2880,1.53,23.06,15.7,27.8,99,1100,0
1649.5,2880,1.53,22.86,15.3,30,99,1090,0
1649.68,2880,1.53,22.67,14.9,30.8,99,1080,0
1649.88,2880,1.53,23.92,14.9,30.8,99,1080,0
1650.07,2880,1.53,25.92,15.7,30,99,1080,0
1650.26,2880,1.53,24.92,16.5,29.3,100,1080,0
1650.49,2880,1.79,26.92,16.5,29.3,99,1090,0
1650.69,2880,1.79,27.5,16.9,28.5,99,1090,0
1650.87,2880,1.79,27.58,16.9,27.8,99,1100,0
1651.07,2880,1.53,27.25,16.9,27.8,99,1100,0
1651.26,2880,1.79,27.56,16.9,27.8,99,1100,0
1651.47,2880,1.53,24.44,16.9,27.8,99,1100,0
1651.65,2880,1.53,24.06,15.3,29.3,99,1100,0
1651.84,2880,1.28,22.17,14.9,30,99,1090,0
1652.05,2880,1.28,21.03,14.5,30.8,99,1080,0
1652.23,2880,1.28,21.64,14.1,31.5,99,1070,0
1652.42,2880,1.28,21.67,14.1,31.5,99,1070,0
1652.62,2880,1.28,21.11,14.5,31.5,99,1060,0
1652.81,2880,1.28,21.53,14.5,31.5,99,1060,0
1652.99,2880,1.28,21.69,14.5,31.5,99,1060,0
1653.2,2880,1.28,21.53,14.5,32.3,99,1060,0
1653.38,2880,1.28,21.86,14.5,32.3,99,1060,0
1653.58,2880,1.53,24.81,14.9,32.3,99,1060,0
1653.77,2920,1.53,24.64,16.1,30,99,1070,0
1653.97,2920,1.53,25.64,16.1,30,100,1080,0
1654.17,2920,1.53,25.11,16.1,29.3,100,1090,0
1654.37,2920,1.53,25.22,16.1,29.3,100,1090,0
1654.55,2920,1.53,25.39,16.1,29.3,100,1090,0
1654.76,2920,1.53,25.36,16.1,29.3,101,1090,0
1654.95,2920,1.53,25.92,16.1,30,101,1090,0
1655.17,2920,1.53,25.5,16.5,29.3,101,1100,0
1655.36,2960,1.53,25.42,16.1,29.3,101,1100,0
1655.54,2960,1.53,25.81,16.1,29.3,101,1100,0
1655.76,2960,1.53,25.92,16.5,29.3,101,1100,0
1655.95,2960,1.53,23.36,16.1,29.3,101,1100,0
1656.14,2960,1.28,21.14,14.5,30.8,101,1090,0
1656.34,2960,1.28,18.25,13.7,32.3,101,1080,0
1656.53,2960,1.02,16.78,12.5,33.8,101,1070,0
1656.71,2920,1.02,16.25,12.2,34.5,101,1050,0
1656.92,2920,1.02,15.67,11.8,35.3,101,1040,0
1657.11,2920,1.02,15.78,11.4,36,101,1030,0
1657.31,2920,1.02,17.11,11.8,36,101,1020,0
1657.5,2920,1.02,18.36,12.5,35.3,101,1020,0
1657.68,2920,1.02,17.64,12.9,34.5,101,1020,0
1657.89,2880,1.02,18.42,12.9,34.5,100,1020,0
1658.07,2880,1.02,19.39,13.3,33.8,100,1020,0
1658.26,2880,1.28,21,13.3,33.8,100,1030,0
1658.47,2880,1.28,23.61,14.9,33,99,1030,0
1658.65,2880,1.53,24.78,16.1,30.8,99,1050,0
1658.84,2880,1.53,25.11,16.1,30,99,1060,0
1659.05,2880,1.53,24.22,15.7,30,99,1070,0
1659.23,2840,1.28,19.5,14.5,30.8,99,1090,0
1659.44,2840,1.28,16.75,12.9,32.3,99,1080,0
1659.62,2840,1.02,17.11,12.2,33.8,98,1060,0
1659.81,2840,1.02,17.25,12.5,33.8,98,1050,0
1660.01,2840,1.02,17.53,12.5,33.8,98,1040,0
1660.2,2840,1.02,17.69,12.5,33.8,98,1030,0
1660.39,2840,1.28,22.22,13.7,33.8,98,1030,0
1660.59,2840,1.53,26.53,16.1,30.8,98,1030,0
1660.78,2880,1.79,32.78,18.8,28.5,98,1050,0
1660.96,2880,2.04,34.86,20,25.5,98,1090,0
1661.17,2880,2.29,41.36,22.4,24,99,1110,0
1661.36,2920,2.29,40.78,23.9,23.3,99,1140,0
1661.56,2920,2.29,38.36,22.7,23.3,100,1140,0
1661.74,2960,2.29,38.97,22.7,23.3,100,1140,0
1661.93,2960,2.29,38.5,22.7,23.3,101,1140,0
1662.13,2960,2.29,37.61,22.7,23.3,101,1140,0
1662.32,2960,2.29,37.11,22.7,23.3,101,1130,0
1662.5,2960,2.55,40.67,23.1,23.3,101,1130,0
1662.71,2960,2.55,45.25,25.9,23.3,102,1120,0
1662.9,2960,2.81,56.14,35.3,20.3,102,1160,0
1663.09,3000,3.06,59.47,39.2,19.5,102,1250,0
1663.3,3000,3.31,67.17,64.7,18,102,1380,0
1663.48,3040,3.83,76.94,99.6,15,103,1530,0
1663.68,3080,4.59,85.36,99.6,9,103,1690,0
1663.87,3080,5.1,83.61,98.8,4.5,104,1800,0
1664.06,3120,5.1,86.47,98.4,3.8,105,1840,0
1664.26,3160,5.36,87.44,99.6,3.8,106,1860,0
1664.45,3160,5.36,91.33,99.6,3.8,107,1880,0
1664.63,3200,5.36,88.56,99.6,3.8,108,1890,0
1664.84,3240,5.36,90.75,99.6,5.3,109,1890,0
1665.03,3240,5.1,88.81,99.6,3,110,1900,0
1665.22,3280,5.1,93.83,99.6,4.5,111,1890,0
1665.42,3280,5.1,93.64,99.6,2.3,112,1890,0
1665.6,3320,5.1,95.56,99.6,5.3,112,1900,0
1665.82,3320,5.1,93.81,99.6,3.8,113,1890,0
1666.01,3360,5.1,93.39,99.6,5.3,114,1880,0
1666.2,3400,5.1,95.44,99.6,5.3,115,1880,0
1666.42,3440,5.1,91.67,99.6,6,116,1850,0
1666.62,3480,5.1,94.5,99.6,3.8,117,1840,0
1666.81,3520,5.1,96.42,99.6,6,118,1830,0
1667.01,3520,5.1,97.81,99.6,7.5,119,1820,0
1667.2,3560,5.36,98.14,99.6,7.5,120,1840,0
1667.41,3560,5.1,99.56,99.6,6,121,1840,0
1667.6,3600,5.36,99.25,99.6,8.3,122,1850,0
1667.79,3600,5.36,98.89,99.6,6,123,1860,0
1667.99,3640,5.36,100.75,99.6,5.3,124,1870,0
1668.18,3680,5.61,103.81,99.2,6,124,1890,0
1668.37,3680,5.61,103.94,99.2,6,125,1910,0
1668.57,3720,5.61,108.11,99.6,6.8,126,1910,0
1668.77,3760,5.61,106.83,98.4,6,127,1910,0
1668.96,3760,5.61,105.86,98.8,6,128,1930,0
1669.17,3800,5.87,109.94,98,3.8,129,1950,0
1669.36,3840,5.87,110,97.3,3.8,130,1960,0
1669.56,3880,6.12,114.56,96.9,4.5,131,1970,0
1669.74,3880,6.38,115.53,97.6,6,132,2000,0
1669.93,3920,6.38,118.89,96.9,3,133,1990,0
1670.13,3960,7.14,119.17,97.3,3,134,2020,0
1670.32,4000,6.12,108.89,91.4,0,135,2000,0
1670.51,4000,4.34,81.31,37.6,3.8,136,1890,0
1670.73,4040,3.83,71.94,30.2,9,137,1680,0
1670.92,4040,3.57,73.28,30.2,15,138,1530,0
1671.11,4040,3.31,75.67,32.5,12.8,138,1460,0
1671.31,4080,3.31,76.94,36.5,12.8,139,1410,0
1671.49,4080,3.06,75.78,38.8,15,139,1400,0
1671.71,4080,2.81,69.47,37.3,18.8,140,1410,0
1671.9,4080,2.55,57.61,30.6,13.5,140,1410,0
1672.09,4080,1.79,38.39,20.8,23.3,140,1330,0
1672.29,4120,2.04,41.86,22,27,141,1200,0
1672.48,4120,2.04,48.97,23.1,27,141,1140,0
1672.66,4080,2.04,50.86,25.9,27,141,1130,0
1672.87,4080,2.04,51.92,26.7,26.3,141,1130,0
1673.06,4120,2.04,51.22,26.7,27,141,1140,0
1673.29,4120,2.04,50.58,26.3,27,141,1140,0
1673.48,4120,2.04,49.44,26.3,27,141,1140,0
1673.66,4120,1.79,43.5,23.1,27,141,1150,0
1673.87,4120,1.79,43.61,23.1,27,141,1140,0
1674.06,4080,1.79,44.78,23.1,27,141,1140,0
1674.24,4080,1.79,44.89,23.1,27,141,1140,0
1674.45,4080,2.04,45.33,23.1,27,141,1140,0
1674.64,4080,2.04,45.92,22.7,27,141,1140,0
1674.83,4080,2.29,52.03,23.9,27,141,1120,0
1675.03,4080,2.29,55.08,27.5,27,141,1130,0
1675.21,4080,2.29,54.17,29,26.3,140,1130,0
1675.42,4080,2.29,54.53,29,26.3,141,1130,0
1675.6,4120,2.29,58.39,32.9,26.3,141,1120,0
1675.79,4120,2.55,62.22,36.1,25.5,141,1120,0
1675.99,4160,2.55,70.75,42,25.5,142,1170,0
1676.18,4160,2.81,72.78,43.1,25.5,142,1220,0
1676.37,4160,2.81,77.33,43.1,25.5,142,1280,0
1676.58,4160,3.57,79.28,40.8,24,143,1360,0
1676.76,4040,0,14.11,25.9,15.8,143,1340,0
1676.97,3760,0,5.78,7.5,-3,143,1170,0
1677.17,3480,0,10.19,9.4,-2.3,143,1060,0
1677.37,3200,0,11.11,9.8,-3.8,143,1020,0
1677.59,3160,0,10.19,9.4,-3.8,142,990,0
1677.78,3400,0,10.36,9,-3.8,142,970,0
1677.97,3400,0,13.03,10.2,-3,141,960,0
1678.17,3400,0,12.72,10.2,-3.8,141,950,0
1678.36,3400,0,12.33,10.2,-3.8,140,950,0
1678.56,3360,0,12.47,10.2,-3.8,140,950,0
1678.74,3360,0,12.64,10.2,-3.8,140,940,0
1678.93,3360,0,13.83,10.2,-3.8,139,950,0
1679.14,3360,0,12.19,10.2,-4.5,139,960,0
1679.32,3320,0,12.39,9.8,-3.8,138,960,0
1679.51,3320,0,12.14,9.8,-3.8,138,960,0
1679.72,3280,0,11.64,9.8,-3.8,137,960,0
1679.9,3280,0,11.39,9.8,-3.8,137,960,0
1680.1,3280,0,11.81,9.8,-3.8,136,960,0
1680.31,3240,0,11.08,9.8,-3.8,135,960,0
1680.49,3240,0,11.97,9.8,-3.8,135,960,0
1680.7,3200,0,11.36,9.4,-3.8,134,960,0
1680.9,3200,0,11.17,9.4,-3.8,133,960,0
1681.09,3200,0,11.58,9.4,-3.8,132,960,0
1681.29,3200,0,11.69,9.4,-3.8,132,960,0
1681.48,3200,0,10.33,9.4,-3.8,132,960,0
1681.67,3200,0,11.94,9.4,-3,132,960,0
1681.87,3160,0,11.69,9.4,-3.8,131,960,0
1682.06,3160,0,11.69,9.4,-3.8,131,960,0
1682.27,3160,0,10.97,9.4,-3.8,131,960,0
1682.47,3120,0,11.44,9.4,-3.8,130,960,0
1682.65,3120,0,11.75,9,-3.8,130,960,0
1682.86,3120,0,10.67,9,-3.8,129,960,0
1683.05,3080,0,11.11,9,-3.8,129,960,0
1683.23,3040,0,10.56,9,-3.8,128,960,0
1683.43,3040,0,10.72,9,-3.8,127,960,0
1683.62,3040,0,10.28,9,-3.8,126,960,0
1683.83,3040,0,10.42,9,-3.8,126,960,0
1684.01,3000,0,10.14,9,-3,125,960,0
1684.21,3000,0,10.67,9,-3.8,125,960,0
1684.44,3000,0,10.58,9,-3.8,124,960,0
1684.62,3000,0,10.75,9,-3.8,124,960,0
1684.81,3000,0,10.53,9,-3.8,124,960,0
1685.01,2960,0,9.81,9,-4.5,123,960,0
1685.2,2960,0,10.56,9,-3.8,123,960,0
1685.4,2960,0,10.89,9,-4.5,122,960,0
1685.59,2920,0,10.42,9,-4.5,122,960,0
1685.78,2920,0,10.33,8.6,-4.5,121,960,0
1685.97,2880,0,10.83,8.6,-4.5,121,960,0
1686.17,2880,0,9.75,8.6,-4.5,120,960,0
1686.36,2880,0,9.83,8.6,-4.5,119,960,0
1686.56,2880,0,10.28,8.6,-3.8,119,960,0
1686.74,2880,0,10.08,8.6,-4.5,119,960,0
1686.93,2840,0,10.36,8.6,-4.5,118,960,0
1687.13,2840,0,9.83,8.6,-4.5,118,960,0
1687.32,2840,0,10.39,8.6,-4.5,118,960,0
1687.53,2840,0,9.97,8.6,-4.5,117,960,0
1687.73,2800,0,9.92,8.2,-4.5,117,960,0
1687.92,2800,0,9.86,8.2,-4.5,116,960,0
1688.12,2800,0,9.11,8.2,-4.5,116,950,0
1688.31,2760,0,9.61,8.2,-3.8,115,950,0
1688.49,2760,0,9.72,8.2,-3.8,115,950,0
1688.7,2720,0,9.31,8.2,-4.5,114,950,0
1688.89,2720,0.51,9.28,8.2,-4.5,114,950,0
1689.09,2720,0.77,9.31,8.2,-3.8,113,950,0
1689.28,2720,0.51,9.28,8.2,-0.8,113,950,0
1689.46,2720,0.51,9.5,8.2,2.3,112,950,0
1689.67,2720,0.51,9.28,8.2,3.8,112,940,0
1689.85,2720,0.51,9.19,8.2,6,112,940,0
1690.04,2720,0.51,9.39,8.2,6.8,112,940,0
1690.24,2720,0.51,9.28,8.2,6,112,940,0
1690.43,2680,0.51,9.11,8.2,4.5,111,940,0
1690.62,2680,0.51,9.64,8.2,1.5,111,940,0
1690.83,2680,0.51,9.47,8.2,-3,111,930,0
1691.01,2680,0.51,9.14,8.2,-4.5,111,930,0
1691.21,2640,0.51,9.03,8.2,-4.5,110,930,0
1691.4,2640,0,9.36,7.8,18,110,930,0
1691.61,2600,0,9.33,7.8,0,109,930,0
1691.81,2600,0,8.83,7.8,-4.5,109,940,0
1691.99,2600,0,8.61,7.8,-4.5,108,940,0
1692.19,2600,0,8.69,7.8,-4.5,108,940,0
1692.39,2560,0,9.06,7.8,-4.5,107,940,0
1692.58,2560,0,9.03,7.8,-4.5,107,940,0
1692.76,2560,0,9.36,7.8,-4.5,106,940,0
1692.97,2560,0,8.69,7.8,-4.5,106,940,0
1693.15,2520,0,8.44,7.8,-4.5,105,940,0
1693.35,2520,0,8.86,7.5,-4.5,105,940,0
1693.56,2520,0,8.83,7.5,-4.5,105,940,0
1693.75,2520,0,8.67,7.5,-4.5,104,940,0
1693.96,2480,0,8.58,7.5,-4.5,104,940,0
1694.15,2480,0,8.61,7.5,-4.5,103,940,0
1694.34,2480,0,8.72,7.5,-4.5,103,940,0
1694.54,2480,0,8.61,7.5,-5.3,102,940,0
1694.73,2440,0,8.39,7.5,-5.3,102,940,0
1694.93,2440,0,8.22,7.5,-5.3,102,940,0
1695.12,2440,0,8.47,7.5,-5.3,101,940,0
1695.31,2440,0,8.5,7.5,-5.3,101,940,0
1695.53,2440,0,8.44,7.5,-5.3,101,940,0
1695.71,2400,0,8.42,7.5,-5.3,100,940,0
1695.9,2400,0,8.11,7.5,-5.3,100,940,0
1696.11,2400,0,7.92,7.1,-5.3,99,940,0
1696.3,2400,0,7.89,7.1,-5.3,99,940,0
1696.48,2400,0,7.83,7.1,-5.3,99,940,0
1696.68,2360,0.51,8.06,7.1,-5.3,98,940,0
1696.87,2360,0.51,7.33,7.1,-4.5,98,940,0
1697.07,2360,0.77,8.19,7.1,-2.3,98,940,0
1697.26,2360,0.51,7.61,7.1,-1.5,98,930,0
1697.45,2360,0.51,7.61,7.1,0,98,930,0
1697.65,2360,0.51,7.92,7.1,0.8,97,930,0
1697.84,2360,0.51,7.58,7.1,1.5,97,930,0
1698.03,2320,0.77,7.61,7.1,1.5,97,930,0
1698.24,2320,0.77,7.97,7.1,1.5,96,930,0
1698.43,2320,0.77,7.72,7.1,0.8,96,930,0
1698.62,2320,0.51,7.64,7.1,2.3,96,930,0
1698.82,2280,0.77,8.17,7.1,3.8,95,930,0
1699.01,2280,0.77,8.19,7.1,12.8,95,920,0
1699.21,2280,1.02,11.28,7.8,17.3,95,920,0
1699.4,2280,1.28,13.31,10.2,16.5,94,920,0
1699.59,2240,1.28,14.67,11.4,15.8,94,920,0
1699.79,2240,1.53,16.11,12.2,15,94,930,0
1699.98,2240,1.28,15.14,12.5,19.5,93,940,0
1700.17,2240,1.02,12.81,11,24,93,950,0
1700.37,2240,1.02,12.33,9.8,27,93,960,0
1700.56,2240,1.02,12.69,9.8,27.8,93,950,0
1700.75,2240,1.28,14.44,11,27.8,93,950,0
1700.95,2240,1.28,13.81,11,27,93,960,0
1701.14,2240,1.28,14.03,10.6,27.8,93,960,0
1701.34,2240,1.02,13.86,10.6,27.8,92,960,0
1701.53,2200,1.02,12.56,10.6,27.8,92,960,0
1701.71,2200,1.02,9.58,9,27.8,92,960,0
1701.92,2200,0.77,7.92,7.8,28.5,91,960,0
1702.11,2160,0.51,6.17,6.3,27.8,91,950,0
1702.29,2200,0.51,6.36,5.9,12.8,91,950,0
1702.5,2200,0.51,6.92,6.3,2.3,91,940,0
1702.68,2200,0.51,6.83,6.3,-2.3,91,940,0
1702.91,2200,0.51,6.89,6.3,-4.5,91,940,0
1703.09,2200,0,7.03,6.7,11.3,91,930,0
1703.28,2200,0,7.14,6.7,-3,91,930,0
1703.49,2200,0,7.36,6.7,-5.3,90,930,0
1703.69,2160,0,7.44,6.7,-5.3,90,940,0
1703.87,2160,0,7.44,6.3,-5.3,90,940,0
1704.1,2160,0,7.14,6.3,-5.3,90,940,0
1704.29,2160,0,6.78,6.3,-5.3,89,940,0
1704.51,2120,0,7.03,6.3,-4.5,89,940,0
1704.7,2120,0,7.31,6.3,-5.3,88,940,0
1704.89,2120,0,6.94,6.3,-5.3,88,940,0
1705.09,2120,0,7,6.3,-4.5,88,940,0
1705.28,2080,0,6.5,6.3,-5.3,87,940,0
1705.46,2080,0,6.75,6.3,-4.5,87,940,0
1705.67,2080,0,6.94,6.3,-4.5,87,940,0
1705.86,2080,0,6.42,6.3,-5.3,86,940,0
1706.06,2040,0,6.75,5.9,-4.5,86,940,0
1706.24,2040,0,6.56,5.9,-5.3,85,940,0
1706.43,2000,0,6.44,5.9,-5.3,84,940,0
1706.64,1960,0,5.89,5.9,-5.3,83,940,0
1706.82,1920,0,6.44,5.5,-5.3,82,940,0
1707.01,1880,0,6.03,5.5,-5.3,81,940,0
1707.21,1880,0,5.56,5.5,-6,80,940,0
1707.4,1840,0,5.89,5.5,-6.8,78,940,0
1707.59,1800,0,5.36,5.5,-6.8,77,940,0
1707.8,1760,0,5.69,5.5,-7.5,75,940,0
1707.97,1720,0,5.69,5.1,-7.5,74,940,0
1708.18,1680,0,5.03,5.1,-7.5,72,930,0
1708.37,1640,0,5.22,5.1,-7.5,71,930,0
1708.56,1640,0,5.17,5.1,-7.5,70,930,0
1708.78,1600,0,5.17,4.7,-7.5,68,930,0
1708.97,1560,0,4.86,4.7,-6.8,67,930,0
1709.15,1520,0,4.81,4.7,-6.8,66,930,0
1709.36,1520,0,4.64,4.7,-6.8,65,930,0
1709.55,1520,0,4.81,4.7,-6.8,64,930,0
1709.73,1520,0,4.53,4.7,-6.8,63,930,0
1709.93,1520,0,4.36,4.7,-6.8,63,930,0
1710.13,1520,0.77,5.64,4.7,-6.8,63,920,0
1710.33,1520,1.28,8.42,7.1,15,62,920,0
1710.53,1520,2.04,13.06,10.2,15,62,920,0
1710.71,1480,2.29,12.92,10.6,16.5,62,920,0
1710.92,1520,2.29,14.78,12.2,19.5,62,930,0
1711.12,1520,2.29,14.83,12.5,21,62,940,0
1711.31,1520,2.29,14.75,12.9,22.5,62,940,0
1711.51,1520,2.55,15.08,12.9,21.8,62,950,0
1711.7,1520,2.29,13.72,12.2,21.8,62,960,0
1711.9,1520,2.04,12.47,11,23.3,62,960,0
1712.09,1520,2.04,10.89,9.8,24.8,62,970,0
1712.28,1520,1.79,10.75,9,24,62,960,0
1712.48,1520,1.53,10.5,9.4,26.3,62,960,0
1712.67,1520,1.53,10.61,9,26.3,63,960,0
1712.86,1520,1.53,9.72,8.6,27,63,950,0
1713.06,1520,1.53,10.19,8.6,27.8,63,950,0
1713.25,1520,1.53,10.11,8.6,27.8,63,950,0
1713.46,1520,1.79,12.17,9,27.8,63,940,0
1713.65,1520,1.79,13.28,10.6,25.5,63,940,0
1713.85,1560,1.79,13.58,11.4,24.8,63,950,0
1714.07,1560,2.04,14.25,11.4,24,63,950,0
1714.26,1560,2.04,15.92,12.5,23.3,64,960,0
1714.45,1560,2.55,19.19,14.5,21.8,64,960,0
1714.65,1560,3.06,22.86,19.6,18,64,970,0
1714.84,1560,3.06,24.81,23.1,13.5,64,990,0
1715.04,1600,2.81,25.31,27.8,11.3,65,1020,0
1715.23,1600,3.06,26.53,31.8,11.3,65,1050,0
1715.41,1600,3.06,26.58,29.4,11.3,65,1080,0
1715.62,1600,3.06,26.53,29.4,10.5,66,1110,0
1715.81,1600,3.06,27.33,29.4,10.5,66,1130,0
1715.99,1640,3.06,27.22,30.6,10.5,66,1150,0
1716.2,1640,3.06,28.33,31,9.8,67,1170,0
1716.38,1640,2.81,26.75,26.7,9.8,67,1180,0
1716.61,1640,2.81,27.97,25.1,10.5,68,1190,0
1716.79,1680,3.06,27.25,23.1,11.3,68,1190,0
1716.98,1680,3.06,27.56,22.7,11.3,68,1190,0
1717.19,1680,2.81,27.47,22.7,11.3,69,1200,0
1717.37,1680,2.81,27.94,22.7,12,69,1200,0
1717.56,1720,3.06,28.08,23.1,11.3,70,1200,0
1717.76,1720,3.06,28.36,23.9,11.3,70,1200,0
1717.95,1720,2.81,28.39,23.5,11.3,70,1200,0
1718.13,1720,2.81,28.67,23.9,10.5,71,1200,0
1718.34,1720,3.06,27.22,22.4,10.5,71,1210,0
1718.53,1760,2.81,23.83,20.8,12.8,71,1180,0
1718.73,1760,2.81,24.06,20,13.5,72,1140,0
1718.92,1760,2.55,22.5,18.4,15,72,1120,0
1719.11,1760,2.29,19.83,16.1,18,72,1110,0
1719.31,1760,2.04,16.44,14.1,21,72,1100,0
1719.51,1760,1.53,13.94,11.8,25.5,73,1080,0
1719.7,1760,1.53,12.25,10.2,27.8,73,1050,0
1719.9,1760,1.28,11.03,9.4,30,73,1030,0
1720.09,1760,1.02,9.17,7.8,31.5,73,1010,0
1720.29,1760,1.02,8.47,7.8,32.3,73,1000,0
1720.48,1760,1.02,8.61,7.5,27.8,72,980,0
1720.67,1760,0.77,8.17,7.5,22.5,72,970,0
1720.87,1720,0.77,7.86,7.1,18,72,960,0
1721.07,1720,1.02,8.25,7.1,15.8,72,950,0
1721.26,1720,1.28,13.83,8.2,15,72,940,0
1721.46,1720,1.53,15.36,11.8,15.8,72,940,0
1721.65,1720,2.04,17.83,12.9,18.8,72,950,0
1721.84,1720,2.04,18.58,14.5,21.8,72,960,0
1722.05,1760,2.04,19.28,15.7,23.3,72,970,0
1722.24,1760,2.29,21.81,16.9,24,72,990,0
1722.45,1760,2.55,23.86,18.4,21,72,1000,0
1722.63,1760,2.55,24.81,19.6,19.5,72,1020,0
1722.83,1760,2.55,26.14,20.4,18.8,72,1040,0
1723.03,1760,2.55,26.36,20.8,18,73,1060,0
1723.22,1800,2.81,25.92,21.2,16.5,73,1070,0
1723.4,1800,2.81,26.86,22.4,16.5,73,1090,0
1723.61,1800,2.81,27.72,22.7,15.8,74,1100,0
1723.8,1800,2.81,27.56,23.9,15.8,74,1100,0
1724,1840,2.81,28.33,24.7,15,74,1110,0
1724.19,1840,2.81,28.97,26.3,15,75,1120,0
1724.39,1840,2.81,29.86,27.1,15,75,1120,0
1724.59,1880,2.81,31.47,27.8,13.5,76,1140,0
1724.78,1880,3.06,31.42,27.1,13.5,76,1160,0
1724.97,1880,3.06,31.5,27.5,11.3,77,1180,0
1725.17,1880,2.81,31.97,27.5,11.3,77,1190,0
1725.36,1920,2.81,32,27.1,10.5,78,1200,0
1725.54,1920,3.06,32.47,27.1,11.3,78,1210,0
1725.75,1920,3.31,32.03,26.3,13.5,79,1220,0
1725.95,1920,2.81,28.97,25.1,9.8,79,1230,0
1726.15,1920,2.55,23.58,20,10.5,79,1190,0
1726.35,1960,2.29,23.14,17.3,16.5,80,1080,0
1726.54,1960,2.29,23.08,17.6,21,80,1060,0
1726.74,1960,2.04,22.53,18.4,23.3,80,1040,0
1726.93,1960,2.29,25.89,18.8,22.5,80,1070,0
1727.13,1960,2.29,25.17,18.4,21,81,1080,0
1727.32,1960,2.29,24.67,18.4,21,81,1090,0
1727.51,1960,2.29,25.22,18.4,21,81,1090,0
1727.71,1960,2.29,24.81,18.4,21,81,1090,0
1727.9,2000,2.29,24.53,18.4,23.3,81,1100,0
1728.09,2000,2.29,24.53,18,24.8,82,1090,0
1728.3,2000,2.29,24.64,18,24.8,82,1090,0
1728.48,2000,2.29,24.22,18,24,82,1100,0
1728.67,2000,2.04,23.31,17.3,24.8,82,1100,0
1728.87,2000,2.04,22.06,16.5,26.3,82,1090,0
1729.06,2000,2.04,19.94,14.5,27.8,82,1090,0
1729.26,2000,1.79,17.42,13.7,30,82,1080,0
1729.45,2000,1.53,15.89,12.5,30.8,82,1060,0
1729.63,2000,1.79,17.31,12.2,30.8,82,1050,0
1729.84,2000,1.53,16.19,12.2,30.8,82,1040,0
1730.03,2000,1.53,16.08,11.8,30.8,82,1030,0
1730.21,2000,1.53,16,11.8,31.5,82,1020,0
1730.42,2000,1.53,15.86,11.8,31.5,82,1010,0
1730.6,2000,1.53,15.67,11.8,31.5,82,1010,0
1730.79,2000,1.53,15.89,11.8,31.5,82,1010,0
1730.99,2000,1.28,15.83,11.8,31.5,82,1000,0
1731.18,2000,1.53,15.78,11.8,31.5,82,1000,0
1731.4,2000,1.53,15.72,11.8,31.5,82,1000,0
1731.59,2000,1.53,16.19,12.2,31.5,82,1000,0
1731.78,2000,1.53,16.14,12.2,31.5,82,1000,0
1731.98,2000,1.53,16.47,12.2,31.5,82,1000,0
1732.16,2000,1.53,17.11,12.9,30.8,82,1000,0
1732.35,2000,1.53,18,12.9,30.8,82,1000,0
1732.56,2000,1.53,18.72,13.7,30.8,82,1010,0
1732.75,2000,1.79,18.92,14.1,30.8,82,1010,0
1732.95,2000,1.79,19.44,14.1,30,82,1020,0
1733.13,2000,1.53,19.19,14.1,30,82,1020,0
1733.34,2000,1.79,19.33,14.1,30,82,1030,0
1733.54,2000,1.79,19.72,14.1,30,83,1030,0
1733.73,2040,1.79,20.75,14.9,30,83,1030,0
1733.92,2040,1.79,20.75,15.7,30,83,1040,0
1734.12,2040,1.79,22.5,16.1,30,83,1040,0
1734.31,2040,2.04,23.81,16.5,28.5,83,1050,0
1734.51,2040,2.29,27.53,18,27.8,84,1060,0
1734.7,2040,2.55,29.83,20,23.3,84,1070,0
1734.89,2040,2.55,32.56,22.7,18.8,84,1090,0
1735.11,2080,2.55,32.78,24.7,18,84,1110,0
1735.29,2080,2.55,32.72,26.3,18,85,1120,0
1735.48,2080,2.55,32.78,26.7,18,85,1120,0
1735.68,2080,2.55,32.42,27.8,18,85,1140,0
1735.87,2080,2.81,35.56,29,17.3,86,1160,0
1736.07,2120,3.06,36.14,29.8,15.8,86,1190,0
1736.26,2120,3.06,36.14,30.2,15,86,1220,0
1736.45,2120,3.06,38.11,29.4,15.8,87,1240,0
1736.65,2120,3.06,39.14,28.6,15.8,87,1260,0
1736.84,2160,3.06,38.64,28.2,15,88,1280,0
1737.03,2160,3.06,38.89,28.2,12.8,88,1300,0
1737.23,2160,3.06,40.25,27.8,14.3,88,1310,0
1737.42,2160,3.06,39.06,27.5,12.8,89,1310,0
1737.61,2160,3.06,37.61,27.5,14.3,89,1300,0
1737.81,2200,3.06,35.22,26.3,15,90,1290,0
1737.99,2200,2.81,32.75,25.5,15,90,1250,0
1738.2,2200,2.81,32.08,23.1,16.5,90,1190,0
1738.38,2200,2.81,32.47,23.1,17.3,91,1150,0
1738.57,2240,2.55,32.11,23.5,18.8,91,1140,0
1738.78,2240,2.55,32.44,23.5,20.3,91,1130,0
1738.98,2240,2.55,32.5,23.5,20.3,92,1130,0
1739.16,2240,2.81,32.86,23.1,20.3,92,1130,0
1739.37,2240,2.55,32.06,23.5,20.3,92,1130,0
1739.55,2280,2.55,31.06,22.7,20.3,92,1130,0
1739.75,2280,2.29,30.42,22,21,93,1120,0
1739.95,2280,2.29,29.39,21.6,21.8,93,1120,0
1740.13,2280,2.55,29.83,20.4,22.5,93,1120,0
1740.34,2280,2.29,29.92,20,22.5,94,1120,0
1740.52,2280,2.29,29.42,20,23.3,94,1110,0
1740.71,2280,2.29,28.97,19.6,23.3,94,1110,0
1740.91,2320,2.29,28.69,19.6,23.3,94,1110,0
1741.12,2320,2.29,29,19.2,24,95,1110,0
1741.31,2320,2.29,28.64,19.2,23.3,95,1110,0
1741.53,2320,2.29,29.08,19.2,24,95,1110,0
1741.72,2320,2.29,30.11,19.2,24,95,1110,0
1741.93,2320,2.29,30.11,20,23.3,95,1110,0
1742.13,2320,2.29,30.56,20,22.5,95,1110,0
1742.32,2320,2.29,30.03,20,22.5,95,1120,0
1742.53,2320,2.29,30.58,20,22.5,96,1110,0
1742.71,2320,2.29,29.67,19.6,22.5,96,1120,0
1742.91,2320,2.04,28.47,19.2,23.3,96,1120,0
1743.11,2320,2.29,28.58,18.8,23.3,96,1110,0
1743.29,2320,2.29,28.14,18.8,23.3,96,1110,0
1743.5,2320,2.04,27,18.4,24,96,1110,0
1743.68,2360,2.04,25.94,17.3,25.5,96,1110,0
1743.87,2320,2.04,25.03,16.9,26.3,96,1100,0
1744.08,2360,1.79,23.89,16.5,26.3,96,1100,0
1744.26,2360,1.79,24.19,16.1,27.8,96,1090,0
1744.48,2360,1.79,23.69,16.1,27.8,97,1080,0
1744.66,2360,1.79,23.33,16.1,27.8,97,1080,0
1744.85,2360,1.79,23.86,16.1,27.8,97,1080,0
1745.06,2360,1.79,24.08,16.1,27.8,97,1080,0
1745.25,2360,1.79,24.78,16.1,27.8,97,1080,0
1745.43,2360,1.79,25.67,16.5,27.8,97,1080,0
1745.64,2360,2.04,25.25,16.9,26.3,97,1080,0
1745.83,2360,1.79,25.39,16.9,26.3,97,1080,0
1746.02,2360,1.79,25.78,17.3,26.3,97,1090,0
1746.23,2360,2.04,26.58,17.3,26.3,97,1090,0
1746.42,2360,2.04,27.75,17.6,25.5,97,1090,0
1746.62,2360,2.04,27.92,18,24.8,97,1100,0
1746.81,2360,2.04,28.19,18.4,24,97,1100,0
1746.99,2360,2.04,28.22,18,24,98,1100,0
1747.2,2400,2.04,28.11,18,24,98,1110,0
1747.39,2400,2.29,29.78,18.8,24,98,1100,0
1747.58,2400,2.29,29.97,19.6,24,98,1110,0
1747.78,2400,2.29,30.72,19.6,22.5,98,1110,0
1747.96,2400,2.29,30.44,20,22.5,99,1110,0
1748.15,2400,2.29,31.08,20.4,22.5,99,1110,0
1748.35,2400,2.29,30.72,20.4,21.8,99,1120,0
1748.54,2400,2.29,32.42,20.4,21.8,99,1120,0
1748.74,2400,2.29,32.86,20.8,21.8,99,1120,0
1748.93,2440,2.55,33.08,21.2,21,99,1120,0
1749.12,2440,2.55,34.08,22,21,100,1120,0
1749.32,2440,2.55,35.25,22.7,20.3,100,1120,0
1749.51,2440,2.55,35.83,23.1,20.3,100,1120,0
1749.7,2440,2.81,36.83,24.3,20.3,100,1120,0
1749.91,2440,2.81,37.64,25.1,19.5,101,1130,0
1750.09,2480,2.81,37.22,25.5,19.5,101,1140,0
1750.28,2480,2.81,37.53,25.5,19.5,101,1140,0
1750.48,2480,2.81,37.5,25.9,19.5,101,1140,0
1750.67,2480,2.81,38.11,25.9,19.5,102,1140,0
1750.88,2520,2.81,38.47,26.3,19.5,102,1140,0
1751.07,2520,2.55,36.86,26.7,19.5,103,1140,0
1751.26,2520,2.55,35.69,23.9,19.5,103,1140,0
1751.46,2520,2.55,33.22,22.4,20.3,103,1130,0
1751.65,2520,2.29,33.17,21.6,21.8,104,1130,0
1751.83,2520,2.29,33.17,20.8,21.8,104,1120,0
1752.05,2520,2.29,31.28,20.8,21.8,104,1120,0
1752.23,2520,2.29,32.44,20.4,22.5,104,1120,0
1752.42,2520,2.04,31.69,20.4,22.5,104,1120,0
1752.62,2520,2.29,31.31,20.4,23.3,104,1120,0
1752.82,2520,2.29,31.53,20.4,23.3,104,1120,0
1753.03,2520,2.29,32.06,20.4,23.3,104,1120,0
1753.22,2520,2.29,32.69,20.8,23.3,104,1120,0
1753.41,2520,2.29,32.78,21.2,21.8,104,1120,0
1753.61,2560,2.29,33.53,21.2,22.5,104,1120,0
1753.8,2560,2.29,33.17,21.2,21.8,105,1120,0
1753.98,2560,2.29,33.53,21.2,21.8,105,1120,0
1754.18,2560,2.29,33.58,21.2,21.8,105,1120,0
1754.37,2560,2.29,31.67,21.2,21.8,105,1120,0
1754.56,2560,2.04,30.11,19.2,23.3,105,1130,0
1754.76,2560,2.04,29.14,18.8,23.3,105,1120,0
1754.95,2560,2.04,28.97,18.8,24.8,105,1110,0
1755.15,2560,2.04,28.72,18.4,24.8,105,1110,0
1755.34,2560,2.04,29.22,18.4,24.8,106,1110,0
1755.53,2560,2.04,30.11,18.4,24.8,106,1110,0
1755.73,2560,2.04,28.69,18.4,24.8,106,1110,0
1755.92,2560,1.28,17,16.1,24.8,106,1120,0
1756.12,2560,1.28,16.5,12.2,30,106,1090,0
1756.34,2560,1.02,12.06,12.9,31.5,106,1070,0
1756.52,2560,0.77,8.36,8.6,36,106,1040,0
1756.73,2560,0.77,9.14,7.8,37.5,106,1020,0
1756.92,2560,0.51,8.69,7.5,31.5,106,1000,0
1757.1,2560,0.51,8.36,7.5,28.5,106,990,0
1757.31,2520,0.51,8.44,7.5,21.8,105,970,0
1757.52,2520,0.51,8.47,7.5,15,105,960,0
1757.7,2520,0.51,7.86,7.5,10.5,105,960,0
1757.9,2520,0.51,8.25,7.5,9.8,105,950,0
1758.09,2520,0.51,8.11,7.1,9.8,104,950,0
1758.29,2520,0.51,8,7.1,9.8,104,940,0
1758.48,2480,0.51,7.72,7.1,9.8,104,940,0
1758.67,2480,0.51,7.72,7.1,8.3,103,940,0
1758.87,2480,0.51,7.64,7.1,6,103,940,0
1759.06,2480,0.51,8.03,7.1,4.5,103,930,0
1759.24,2480,0.51,7.69,7.1,2.3,102,930,0
1759.45,2480,0.51,7.39,7.1,3.8,102,930,0
1759.63,2440,0.51,7.56,7.1,4.5,102,930,0
1759.82,2440,0.51,7.58,7.1,6,101,930,0
1760.03,2440,0.51,7.81,7.1,5.3,101,930,0
1760.22,2440,0.51,8.06,7.1,3.8,101,930,0
1760.43,2440,0.51,7.92,7.1,2.3,100,930,0
1760.62,2440,0.51,7.53,6.7,3,100,930,0
1760.8,2400,0.51,7.61,6.7,3.8,100,930,0
1761.02,2400,0.51,7.22,6.7,3.8,100,920,0
1761.2,2400,0.51,7.53,6.7,4.5,99,920,0
1761.38,2400,0.51,7.17,6.7,4.5,99,920,0
1761.61,2400,0.51,7.25,6.7,6,99,920,0
1761.8,2400,0.51,7.42,6.7,6.8,99,920,0
1762,2360,0.51,7.72,6.7,6,98,920,0
1762.2,2360,0.51,7.47,6.7,6.8,98,920,0
1762.39,2400,0.77,11.14,7.5,17.3,98,920,0
1762.6,2360,1.28,16.25,11.4,16.5,98,920,0
1762.79,2360,1.28,19.11,13.3,14.3,98,920,0
1762.98,2360,1.53,21.5,15.3,19.5,98,940,0
1763.18,2360,1.53,23.72,16.5,24,98,970,0
1763.37,2360,1.79,25.11,16.9,26.3,98,990,0
1763.57,2360,1.79,26.25,17.3,27,98,1020,0
1763.77,2360,1.79,25.33,17.6,27,98,1050,0
1763.97,2360,1.79,25.69,17.3,27,98,1070,0
1764.17,2400,2.04,26.92,16.9,25.5,98,1080,0
1764.35,2400,2.04,26.53,17.6,25.5,98,1090,0
1764.54,2400,2.04,27.08,17.6,24.8,98,1100,0
1764.75,2400,2.04,26.78,17.6,24.8,98,1100,0
1764.93,2400,2.04,27.47,17.6,25.5,98,1100,0
1765.13,2400,2.04,24.44,17.6,25.5,99,1100,0
1765.33,2400,1.53,19.61,14.9,26.3,99,1110,0
1765.52,2400,1.53,17.67,13.3,28.5,99,1090,0
1765.72,2400,1.53,17.56,12.9,29.3,99,1070,0
1765.91,2400,1.53,17.75,12.5,30,99,1050,0
1766.09,2400,1.79,24.28,13.7,30,98,1030,0
1766.3,2400,2.04,27.31,16.9,27.8,98,1040,0
1766.48,2400,2.04,28.42,18.4,26.3,98,1060,0
1766.67,2400,2.04,28.31,18.4,25.5,98,1080,0
1766.89,2400,2.04,27.14,18.4,24.8,98,1100,0
1767.07,2400,2.04,27.25,18,24.8,99,1100,0
1767.28,2400,2.04,28.08,18,24.8,99,1100,0
1767.46,2400,2.04,27.78,18,24,99,1110,0
1767.65,2400,1.79,23.92,16.5,24.8,99,1110,0
1767.86,2400,1.79,22.44,15.7,27,99,1100,0
1768.05,2400,1.79,22.31,14.9,27.8,99,1090,0
1768.23,2400,1.79,22.64,15.3,27.8,99,1080,0
1768.43,2400,1.53,22.5,15.3,27.8,99,1070,0
1768.62,2400,1.79,22.58,14.9,27.8,99,1070,0
1768.82,2400,1.79,20.58,14.9,27.8,99,1070,0
1769.01,2400,1.53,19.28,14.1,28.5,99,1070,0
1769.19,2400,1.53,16.39,12.9,29.3,99,1060,0
1769.4,2400,1.28,17.28,12.2,30,99,1050,0
1769.59,2400,1.28,16.97,12.2,30,99,1040,0
1769.78,2400,1.28,17.11,12.2,30,99,1030,0
1769.98,2400,1.28,15.64,11.8,30,99,1020,0
1770.17,2400,1.28,16.08,11.8,30.8,98,1020,0
1770.39,2360,1.28,16.81,11.8,30.8,98,1010,0
1770.58,2360,1.53,19.06,13.3,30.8,98,1010,0
1770.78,2360,1.28,18.44,13.3,30,98,1010,0
1770.98,2360,1.28,19.22,13.3,30,98,1020,0
1771.17,2400,1.53,20.03,13.7,29.3,98,1020,0
1771.37,2400,1.53,20.03,13.7,29.3,98,1030,0
1771.57,2400,1.53,20.97,13.7,29.3,98,1030,0
1771.76,2400,1.53,22.42,15.3,28.5,98,1030,0
1771.97,2400,1.79,23.33,15.7,27.8,98,1040,0
1772.17,2400,1.79,25.33,16.5,27.8,99,1050,0
1772.37,2400,1.79,26.5,16.9,27,99,1070,0
1772.57,2400,1.79,25.33,17.3,26.3,99,1080,0
1772.76,2400,2.04,26.53,17.3,26.3,99,1090,0
1772.96,2400,2.04,26.44,17.3,25.5,99,1090,0
1773.18,2400,2.04,27.47,17.3,25.5,99,1090,0
1773.37,2400,2.04,29.42,18.8,24.8,99,1100,0
1773.58,2440,2.29,31.47,19.6,23.3,99,1100,0
1773.76,2400,2.29,30.53,20.4,22.5,100,1110,0
1773.95,2440,2.29,32.75,20.8,21.8,100,1110,0
1774.16,2440,2.29,33.17,21.2,21,100,1120,0
1774.34,2440,2.29,30.47,20.8,21,100,1120,0
1774.52,2440,2.04,25.58,18.4,22.5,100,1130,0
1774.73,2440,1.53,20.64,14.9,26.3,100,1120,0
1774.92,2440,1.53,19.28,13.7,27.8,100,1090,0
1775.12,2440,1.53,18.83,13.3,28.5,100,1070,0
1775.31,2440,1.53,19.86,13.7,28.5,100,1060,0
1775.49,2440,1.79,24.75,14.5,28.5,100,1040,0
1775.7,2440,1.79,26.56,17.3,27,101,1050,0
1775.88,2440,1.79,26.69,17.6,26.3,101,1070,0
1776.08,2440,1.79,25.33,16.5,25.5,101,1080,0
1776.28,2440,1.79,23.5,16.5,26.3,101,1090,0
1776.47,2480,1.53,20.44,14.5,27,101,1090,0
1776.65,2480,1.53,19.67,13.7,27.8,101,1070,0
1776.86,2440,1.53,20,13.7,28.5,101,1060,0
1777.05,2440,1.53,20.22,13.7,28.5,101,1060,0
1777.25,2440,1.53,19.94,13.7,28.5,101,1050,0
1777.43,2440,1.53,18.28,13.7,28.5,101,1050,0
1777.62,2440,1.53,19.19,12.9,29.3,101,1040,0
1777.83,2440,1.53,19.69,13.3,29.3,101,1030,0
1778.01,2440,1.53,20.64,14.1,28.5,101,1030,0
1778.2,2440,1.53,21.94,14.1,28.5,101,1030,0
1778.4,2440,1.79,24.78,15.3,27.8,100,1040,0
1778.59,2440,1.79,25.42,16.5,27,100,1050,0
1778.77,2440,1.79,22.22,16.5,27,100,1070,0
1778.98,2440,1.53,19.97,14.1,27.8,100,1070,0
1779.17,2440,1.53,20.81,13.7,28.5,100,1060,0
1779.37,2400,1.53,20.47,13.7,27.8,100,1060,0
1779.55,2400,1.53,21.06,13.7,28.5,100,1050,0
1779.75,2400,1.53,21.64,14.5,27.8,100,1050,0
1779.95,2400,1.53,22.97,14.9,27.8,100,1050,0
1780.13,2440,1.79,23.44,15.7,27,100,1050,0
1780.32,2440,1.79,24.81,16.9,27,100,1060,0
1780.53,2440,1.79,26.69,17.3,27,100,1070,0
1780.71,2440,1.79,26.33,16.9,26.3,100,1080,0
1780.9,2440,2.04,26.08,16.9,25.5,100,1090,0
1781.1,2440,1.79,24.03,16.9,25.5,100,1090,0
1781.3,2440,1.53,22.67,14.9,27,100,1090,0
1781.5,2440,1.79,22.5,14.9,27.8,100,1080,0
1781.69,2440,1.79,22.69,14.9,27.8,100,1070,0
1781.88,2440,1.02,12.22,12.9,27.8,100,1050,0
1782.09,2440,0.77,11.39,9.8,31.5,100,1010,0
1782.28,2440,0.77,9.75,9.8,27,100,990,0
1782.47,2440,0.77,8.61,8.6,21,100,970,0
1782.68,2440,0.51,7.19,7.5,14.3,100,960,0
1782.87,2400,0.51,6.86,6.7,8.3,100,950,0
1783.08,2440,0.51,6.89,6.7,6.8,100,940,0
1783.28,2400,0.51,7.78,6.7,4.5,100,930,0
1783.49,2400,0.51,7.67,6.7,2.3,100,930,0
1783.71,2400,0.51,8.42,6.7,-0.8,99,920,0
1783.9,2400,0.51,8.56,7.5,-4.5,99,920,0
1784.11,2400,0,8.72,7.5,-5.3,99,930,0
1784.31,2360,0.77,8.14,7.5,6.8,98,930,0
1784.5,2360,0,8.03,7.5,-3.8,98,930,0
1784.7,2360,0,8.33,7.5,-5.3,98,930,0
1784.89,2360,0,7.97,7.1,-5.3,97,930,0
1785.07,2320,0,8.08,7.1,-5.3,97,930,0
1785.28,2320,0,8.25,7.1,-5.3,97,930,0
1785.46,2320,0,8.31,7.1,-5.3,96,930,0
1785.65,2320,0,7.5,7.1,-5.3,96,930,0
1785.86,2320,0,7.72,6.7,-4.5,96,940,0
1786.04,2280,0.77,7.5,6.7,-5.3,95,940,0
1786.25,2280,0.77,7.42,6.7,-2.3,95,930,0
1786.43,2280,0.77,7.47,6.7,3.8,95,930,0
1786.62,2280,0.77,8.22,7.1,11.3,94,930,0
1786.82,2280,1.02,11.83,8.2,17.3,94,930,0
1787.01,2240,1.53,15.33,11.4,16.5,94,920,0
1787.2,2280,1.53,16.78,12.5,15,93,930,0
1787.4,2240,1.79,19.19,13.3,14.3,93,940,0
1787.59,2240,1.79,20.53,14.9,13.5,93,950,0
1787.78,2240,2.04,20.97,15.3,17.3,93,970,0
1787.99,2240,1.79,20.75,14.9,23.3,93,990,0
1788.18,2240,1.79,20.83,14.9,27,93,1010,0
1788.38,2240,1.53,20.03,14.5,28.5,93,1020,0
1788.57,2240,1.79,20.36,14.5,29.3,93,1020,0
1788.76,2240,1.79,20.08,14.1,29.3,92,1030,0
1788.96,2240,1.79,20.25,14.1,30,92,1030,0
1789.15,2240,1.53,20.03,14.1,30,92,1030,0
1789.34,2240,1.53,19.72,14.1,30,92,1030,0
1789.54,2240,1.53,19.86,14.1,29.3,92,1040,0
1789.73,2240,1.79,20.39,13.7,29.3,92,1040,0
1789.92,2240,1.79,20.06,13.7,30,92,1040,0
1790.12,2240,1.53,19.75,13.7,30,92,1040,0
1790.31,2240,1.53,19.69,13.7,30,92,1040,0
1790.51,2240,1.79,19.81,13.7,30,92,1040,0
1790.7,2240,1.79,21.03,14.5,30,92,1030,0
1790.89,2240,1.79,23.81,15.7,30,92,1040,0
1791.09,2240,2.04,26.69,17.3,29.3,92,1050,0
1791.28,2240,2.29,28.25,18.4,27,93,1060,0
1791.46,2240,2.29,27.11,18.8,25.5,93,1080,0
1791.68,2280,2.29,28.31,19.2,24.8,93,1100,0
1791.87,2280,2.29,29.36,19.6,24.8,93,1100,0
1792.05,2280,2.55,30.69,20,23.3,93,1110,0
1792.26,2280,2.29,29.97,20.4,21.8,93,1110,0
1792.47,2280,2.04,26.67,18.8,22.5,94,1120,0
1792.66,2280,2.04,25.97,18,25.5,94,1110,0
1792.86,2280,2.04,24.25,17.3,25.5,94,1110,0
1793.04,2280,2.04,24.36,16.5,27,94,1100,0
1793.25,2280,1.79,23.28,15.7,27,94,1090,0
1793.43,2320,1.79,21.89,15.7,28.5,95,1090,0
1793.62,2320,1.79,21.14,14.9,28.5,95,1080,0
1793.83,2320,1.53,16.53,13.7,28.5,95,1080,0
1794.01,2320,1.28,14.83,11.8,30,95,1060,0
1794.2,2320,1.02,11.67,10.6,31.5,95,1050,0
1794.4,2320,1.02,10.67,9,30,95,1030,0
1794.59,2320,1.02,11.39,9,28.5,95,1010,0
1794.79,2280,0.77,9.61,9,27.8,95,990,0
1794.98,2280,0.77,9.72,8.2,27.8,95,980,0
1795.17,2280,0.77,9.81,8.6,27.8,95,970,0
1795.37,2280,0.77,9.92,8.6,27.8,95,970,0
1795.56,2280,0.77,10.19,8.6,27.8,95,960,0
1795.74,2280,0.77,10.47,8.6,27.8,95,960,0
1795.95,2280,0.77,10.47,8.6,27.8,95,950,0
1796.13,2280,1.02,13.56,8.6,27.8,94,950,0
1796.33,2280,1.02,13.28,11,26.3,94,950,0
1796.53,2280,1.02,14.25,10.6,26.3,94,950,0
1796.71,2280,1.28,16.44,11.8,25.5,94,960,0
1796.91,2280,1.28,17.19,12.9,24.8,94,960,0
1797.1,2280,1.28,17.39,12.9,24,94,970,0
1797.29,2280,1.28,18.42,13.3,24,94,980,0
1797.5,2240,1.53,18.69,13.3,24,93,990,0
1797.68,2240,1.53,18.64,13.3,24,93,1000,0
1797.87,2240,1.53,18.31,13.3,24,93,1010,0
1798.07,2240,1.53,18.56,13.3,24,93,1010,0
1798.26,2240,1.53,18.89,13.3,27,93,1020,0
1798.44,2240,1.53,18.89,13.3,29.3,93,1020,0
1798.67,2240,1.53,18.89,13.3,29.3,93,1020,0
1798.85,2240,1.53,19.47,13.7,29.3,93,1020,0
1799.06,2240,1.53,19.22,13.7,30,93,1030,0
1799.24,2240,1.53,17.5,13.7,30,93,1030,0
1799.43,2240,1.28,14.58,11.4,30.8,93,1030,0
1799.63,2240,1.02,12.78,10.6,30.8,93,1020,0
1799.82,2240,1.02,12.92,10.2,31.5,93,1010,0
1800.01,2240,1.28,13.61,10.2,29.3,93,1000,0
1800.21,2240,1.28,15.19,10.6,29.3,93,990,0
1800.4,2240,1.28,15.31,11.4,28.5,93,990,0
1800.61,2240,1.28,15.72,11.4,27.8,93,990,0
1800.81,2240,1.28,16.72,12.2,27.8,93,990,0
1801,2240,1.53,17.67,12.5,27,93,990,0
1801.2,2280,1.28,17.75,12.9,27,93,1000,0
1801.38,2280,1.53,18.17,12.9,27,93,1000,0
1801.57,2280,1.53,20.86,14.1,27.8,93,1000,0
1801.77,2280,2.04,24.25,16.1,28.5,93,1010,0
1801.96,2280,2.04,27.22,17.6,28.5,93,1030,0
1802.15,2280,2.04,28.25,18.8,26.3,93,1060,0
1802.36,2280,2.29,29.78,19.2,25.5,94,1080,0
1802.54,2280,2.29,30.33,19.6,24.8,94,1090,0
1802.75,2280,2.29,30.17,20,23.3,94,1100,0
1802.93,2280,2.29,30.78,20.4,22.5,94,1110,0
1803.12,2280,2.29,30.14,20.4,21,94,1110,0
1803.33,2320,2.55,30.72,20.8,21.8,94,1120,0
1803.51,2320,2.29,29.97,20.8,21.8,95,1120,0
1803.7,2320,2.29,31.31,20.8,21.8,95,1120,0
1803.92,2320,2.29,30.61,20.8,21.8,95,1120,0
1804.11,2320,2.55,31.53,21.2,21.8,95,1120,0
1804.29,2320,2.55,31.47,21.2,21.8,95,1120,0
1804.51,2320,2.29,31.83,21.2,21.8,96,1120,0
1804.72,2320,2.55,31.58,21.6,21,96,1120,0
1804.92,2360,2.55,32.11,21.6,21,96,1120,0
1805.1,2360,2.55,32.14,21.2,21.8,96,1120,0
1805.29,2360,2.55,32.25,21.6,21,97,1120,0
1805.49,2360,2.29,31.56,22,21,97,1120,0
1805.68,2360,2.29,30.92,20.4,21,97,1120,0
1805.87,2360,2.04,25.14,18.8,23.3,97,1120,0
1806.07,2360,1.53,20.89,15.7,26.3,98,1120,0
1806.27,2360,1.28,16.81,13.3,28.5,98,1100,0
1806.47,2360,1.53,17.33,12.5,30,98,1070,0
1806.65,2360,1.28,16.86,12.5,30,98,1050,0
1806.84,2360,1.28,16.39,12.2,30,98,1040,0
1807.05,2360,1.28,16.33,11.8,30.8,98,1020,0
1807.23,2360,1.28,16.53,11.8,30.8,98,1020,0
1807.42,2360,1.28,15.83,11.8,30.8,97,1010,0
1807.62,2360,1.28,16.11,11.8,31.5,97,1010,0
1807.81,2360,1.53,20.97,12.9,31.5,97,1000,0
1807.99,2360,1.79,23.69,16.1,29.3,97,1010,0
1808.2,2360,1.79,24.69,16.5,28.5,97,1020,0
1808.38,2360,2.04,25.72,17.3,27.8,97,1040,0
1808.59,2360,2.04,26.33,17.6,27,97,1060,0
1808.78,2360,1.79,22.97,17.6,26.3,97,1080,0
1808.97,2360,1.53,19.36,14.5,27.8,97,1080,0
1809.18,2360,1.28,16.67,12.5,29.3,97,1070,0
1809.37,2360,1.28,16.72,11.8,30,97,1050,0
1809.56,2360,1.28,16.42,11.8,30,97,1040,0
1809.76,2360,1.28,16.14,11.8,30.8,97,1030,0
1809.95,2360,1.28,16.36,12.2,30.8,97,1020,0
1810.15,2360,1.28,16.75,12.2,30.8,97,1020,0
1810.34,2360,1.53,21.92,13.7,30,97,1010,0
1810.53,2360,1.79,23.89,16.5,28.5,97,1020,0
1810.73,2360,1.79,24.39,16.5,28.5,97,1040,0
1810.92,2360,1.79,24.81,16.5,27.8,97,1050,0
1811.11,2360,1.79,24.94,16.5,27.8,97,1060,0
1811.32,2360,1.79,24.75,16.5,27.8,97,1070,0
1811.51,2360,1.79,24.25,16.5,27.8,97,1080,0
1811.7,2360,1.79,24.17,16.5,27.8,97,1080,0
1811.9,2360,1.79,24.22,16.1,27.8,97,1080,0
1812.09,2360,1.79,24.69,16.1,27.8,97,1080,0
1812.29,2360,1.79,24.69,16.1,27.8,97,1090,0
1812.48,2360,1.79,24.17,16.1,27.8,97,1090,0
1812.69,2360,1.79,24.58,16.1,27.8,97,1090,0
1812.89,2360,1.79,24.83,16.1,27.8,97,1080,0
1813.07,2360,1.28,16.81,15.3,27.8,97,1100,0
1813.26,2360,0.77,8.56,10.2,30.8,97,1050,0
1813.46,2360,0.77,9.75,8.6,32.3,97,1010,0
1813.65,2360,0.77,10.69,9,27.8,97,980,0
1813.85,2360,1.02,12.81,9.4,21,97,960,0
1814.05,2360,1.02,18.44,11,17.3,97,950,0
1814.23,2360,1.28,15.53,11.8,15,97,970,0
1814.44,2360,1.28,15.92,11.8,14.3,97,970,0
1814.64,2360,1.28,15.53,11.8,14.3,97,980,0
1814.83,2360,1.28,16.19,11.8,14.3,97,980,0
1815.03,2360,1.53,18.97,12.5,14.3,97,980,0
1815.22,2360,1.53,21,14.5,17.3,97,990,0
1815.4,2360,1.53,21.61,15.3,21,97,1010,0
1815.6,2360,1.79,22.47,15.3,25.5,97,1020,0
1815.8,2360,1.53,21.83,15.3,27,97,1040,0
1816.01,2360,1.79,22.03,14.9,27.8,97,1040,0
1816.2,2360,1.79,21.31,14.9,27.8,97,1050,0
1816.38,2360,1.79,22.14,14.9,28.5,97,1050,0
1816.58,2360,1.79,23.81,15.7,28.5,97,1060,0
1816.78,2360,1.79,23.94,16.1,27.8,97,1060,0
1816.96,2360,1.79,23.28,16.1,27,97,1070,0
1817.17,2360,1.79,23.89,15.7,27,97,1080,0
1817.36,2360,1.79,23.75,15.7,27.8,97,1080,0
1817.56,2360,1.79,23.81,15.7,27.8,97,1080,0
1817.75,2360,1.79,23.56,15.7,27.8,97,1080,0
1817.93,2360,1.79,23.08,15.7,27.8,97,1080,0
1818.13,2360,1.79,24.81,15.7,27.8,97,1080,0
1818.32,2360,1.79,25.39,16.9,27.8,97,1080,0
1818.51,2360,2.04,25.89,16.9,26.3,97,1090,0
1818.72,2360,2.04,26.08,17.3,26.3,97,1090,0
1818.9,2360,2.04,26.19,16.9,26.3,97,1090,0
1819.09,2360,2.04,26.03,16.9,26.3,97,1090,0
1819.3,2360,2.04,25.81,16.9,26.3,97,1090,0
1819.48,2360,2.04,26.67,16.9,26.3,97,1090,0
1819.69,2360,1.79,26.25,16.9,25.5,97,1090,0
1819.89,2360,1.53,19.06,15.3,26.3,98,1100,0
1820.08,2360,1.28,13.69,11,29.3,98,1090,0
1820.29,2360,1.02,10.86,9.8,30.8,98,1050,0
1820.48,2360,0.77,10.64,9.4,33.8,97,1030,0
1820.67,2360,0.77,8.56,8.2,31.5,97,1010,0
1820.87,2320,0.77,7.81,7.5,27.8,97,990,0
1821.06,2320,0.77,7.75,7.5,21.8,97,980,0
1821.26,2320,0.77,8.14,7.1,18.8,96,970,0
1821.45,2320,0.77,8,7.5,17.3,96,960,0
1821.64,2320,0.77,8.56,7.5,17.3,96,950,0
1821.84,2320,1.02,11.69,8.2,17.3,95,950,0
1822.03,2280,1.02,12.44,9.8,15.8,95,950,0
1822.22,2280,1.02,13.53,10.2,15.8,95,950,0
1822.41,2280,1.02,13.78,10.6,15,95,950,0
1822.61,2280,1.02,14.28,11,15,95,950,0
1822.79,2280,1.02,14.03,11,15,95,960,0
1823,2280,1.02,13.89,10.6,15,95,960,0
1823.19,2280,0.77,10.14,10.6,15,95,970,0
1823.39,2280,0.77,7.58,7.5,15.8,95,960,0
1823.57,2280,0.51,6.53,6.3,17.3,95,960,0
1823.76,2240,0.51,6.03,5.9,17.3,94,950,0
1823.96,2280,0.51,6.03,5.9,17.3,94,950,0
1824.15,2280,0.51,6.67,5.9,17.3,94,940,0
1824.34,2280,0.51,6.72,5.9,13.5,94,940,0
1824.55,2280,0.51,7.36,6.3,3.8,94,930,0
1824.73,2280,0.51,7.19,6.7,-1.5,94,930,0
1824.92,2240,0.51,7.39,6.7,-5.3,93,930,0
1825.13,2240,0.77,7.61,6.7,-5.3,93,930,0
1825.32,2240,0.77,7.58,6.7,4.5,93,930,0
1825.53,2240,0,7.31,6.7,-5.3,92,930,0
1825.72,2200,0,7.5,6.7,-5.3,92,930,0
1825.9,2200,0,7.39,6.7,-5.3,92,930,0
1826.11,2200,0,7.17,6.7,-5.3,91,930,0
1826.3,2200,0,7.36,6.7,-5.3,91,930,0
1826.48,2160,0,7.33,6.7,-5.3,91,930,0
1826.68,2160,0,7.14,6.3,-5.3,90,930,0
1826.87,2160,0,6.92,6.3,-5.3,90,940,0
1827.08,2160,0,6.97,6.3,-5.3,90,940,0
1827.26,2160,0,6.78,6.3,-5.3,89,940,0
1827.45,2160,0,6.89,6.3,-4.5,89,940,0
1827.65,2120,0,7.06,6.3,-5.3,89,940,0
1827.84,2120,0,6.94,6.3,-5.3,88,940,0
1828.02,2120,0,6.92,6.3,-5.3,88,940,0
1828.23,2120,0.77,7.03,6.3,-5.3,87,940,0
1828.41,2120,0.77,6.75,6.3,0,87,940,0
1828.61,2120,1.02,7.86,6.3,6,87,930,0
1828.81,2120,1.28,11.58,7.8,15.8,87,930,0
1828.99,2080,1.53,12.78,10.6,15.8,86,930,0
1829.2,2080,1.53,14.61,10.6,15,86,930,0
1829.38,2080,1.53,15,11.4,14.3,86,930,0
1829.57,2080,1.53,15.83,11.8,14.3,86,940,0
1829.78,2080,1.53,16.11,12.2,14.3,86,950,0
1829.96,2080,1.53,16.03,12.5,14.3,86,950,0
1830.15,2080,1.53,16.14,12.5,14.3,86,960,0
1830.37,2080,1.53,14.78,12.5,14.3,86,970,0
1830.58,2080,1.02,11.36,9.8,14.3,86,970,0
1830.77,2080,1.02,11.11,9,15,86,970,0
1830.96,2080,1.02,11.31,9.4,15,86,960,0
1831.15,2080,1.28,13.83,9.4,15,86,960,0
1831.36,2080,1.53,17.22,12.2,15,86,950,0
1831.54,2080,1.53,16.14,12.9,13.5,86,960,0
1831.73,2080,1.53,17.14,12.9,19.5,86,970,0
1831.93,2080,1.53,18.03,13.3,25.5,86,970,0
1832.12,2080,1.79,19.53,14.1,28.5,86,980,0
1832.32,2080,1.79,20.47,14.1,29.3,86,990,0
1832.53,2080,1.79,20.47,14.9,30,86,1000,0
1832.71,2080,1.79,20.67,14.9,30.8,86,1010,0
1832.92,2080,1.79,20.03,14.9,30.8,86,1020,0
1833.1,2080,2.04,22.06,14.9,30.8,86,1030,0
1833.3,2080,2.04,22.67,16.1,29.3,86,1030,0
1833.5,2080,1.79,21.69,16.1,29.3,86,1040,0
1833.68,2120,1.79,20.39,16.1,29.3,86,1050,0
1833.87,2080,1.53,14.44,12.5,30.8,86,1060,0
1834.09,2080,1.28,13.72,11,31.5,87,1040,0
1834.28,2080,1.28,13.5,10.2,32.3,87,1020,0
1834.46,2120,1.28,13.36,10.2,32.3,87,1010,0
1834.67,2080,1.28,14.22,10.6,31.5,87,1000,0
1834.86,2120,1.28,15.11,11.4,32.3,87,990,0
1835.06,2120,1.53,16.97,12.2,31.5,87,990,0
1835.25,2120,1.28,16.61,12.5,31.5,87,990,0
1835.44,2120,1.02,10.06,9.4,32.3,87,1000,0
1835.66,2080,0.77,8.81,8.2,33,87,990,0
1835.84,2080,0.77,7.53,7.5,27,86,980,0
1836.02,2080,0.51,6.75,6.3,12.8,86,970,0
1836.23,2080,0.51,6.47,5.9,15,86,960,0
1836.42,2040,0.51,5.81,5.5,15.8,86,950,0
1836.61,2080,0.77,8.19,6.3,16.5,85,950,0
1836.81,2080,1.28,13.03,8.6,16.5,85,940,0
1836.99,2040,1.53,15.25,11.4,15,85,940,0
1837.2,2040,1.53,16.97,12.5,14.3,85,940,0
1837.39,2040,1.53,17.33,13.7,18,85,950,0
1837.58,2040,1.53,17.86,13.7,23.3,85,970,0
1837.78,2040,1.53,17.64,13.7,27.8,85,980,0
1837.97,2040,1.53,17.78,13.3,29.3,85,990,0
1838.15,2040,1.53,15.97,12.9,30,85,1000,0
1838.35,2040,1.28,14.28,11,30.8,85,1000,0
1838.55,2040,1.28,14.03,11,32.3,85,990,0
1838.73,2040,1.28,13.97,10.6,32.3,85,990,0
1838.93,2040,1.79,19.06,12.9,31.5,85,980,0
1839.12,2080,1.79,22.06,15.7,30,85,990,0
1839.32,2080,2.04,23.44,17.3,29.3,85,1010,0
1839.51,2080,2.04,24.61,18,28.5,85,1030,0
1839.7,2080,2.04,25,18,27.8,85,1050,0
1839.9,2080,2.04,24.81,18,26.3,85,1060,0
1840.09,2080,2.04,25.42,18,26.3,86,1070,0
1840.28,2080,2.04,24.06,17.6,25.5,86,1080,0
1840.48,2080,2.04,24.47,17.3,26.3,86,1090,0
1840.67,2120,2.04,23.78,16.9,27.8,86,1090,0
1840.85,2120,2.04,24.36,16.9,26.3,86,1080,0
1841.07,2120,2.29,26.72,18,26.3,87,1080,0
1841.26,2120,2.29,28.17,19.2,24,87,1090,0
1841.47,2120,2.29,29.03,20,22.5,87,1090,0
1841.67,2120,2.55,30.89,20.8,20.3,87,1100,0
1841.85,2120,2.55,30,21.2,19.5,87,1110,0
1842.05,2160,2.55,30.31,21.6,19.5,88,1110,0
1842.25,2160,2.55,29.44,21.2,19.5,88,1120,0
1842.43,2160,2.55,31,21.6,20.3,88,1120,0
1842.63,2160,2.55,29.14,21.2,20.3,88,1120,0
1842.82,2160,2.29,27.92,19.6,21.8,89,1120,0
1843.02,2160,2.04,23.97,17.6,23.3,89,1120,0
1843.22,2160,1.79,21.67,15.3,28.5,89,1110,0
1843.41,2160,1.79,21.86,15.3,30,89,1090,0
1843.61,2160,2.04,23.39,15.3,30,89,1080,0
1843.8,2200,2.29,27.94,18.4,28.5,90,1070,0
1843.98,2200,2.29,30.08,20.4,23.3,90,1080,0
1844.18,2200,2.55,30.53,20.8,22.5,90,1090,0
1844.37,2200,2.55,31.19,21.2,21,90,1100,0
1844.56,2200,2.29,29.92,21.2,21,91,1110,0
1844.76,2200,2.29,27.22,20,21.8,91,1120,0
1844.95,2240,2.04,24.17,17.6,24,91,1120,0
1845.13,2240,2.04,24.28,16.9,27.8,91,1110,0
1845.34,2240,2.04,24.19,16.5,28.5,91,1100,0
1845.54,2240,1.79,24.22,16.5,27.8,92,1090,0
1845.75,2240,1.79,24.19,16.5,28.5,92,1080,0
1845.95,2240,2.04,26.22,16.9,27.8,92,1080,0
1846.14,2240,2.29,27.08,17.6,27,92,1080,0
1846.37,2240,2.04,27.72,18,25.5,92,1090,0
1846.56,2240,2.29,27.5,18.8,24.8,93,1090,0
1846.74,2240,2.29,28,18.8,25.5,93,1100,0
1846.95,2240,2.29,27.64,18.4,24.8,93,1100,0
1847.13,2280,2.29,27.61,18.4,24.8,93,1100,0
1847.34,2280,2.29,27.97,18.4,24,93,1110,0
1847.53,2280,2.29,27.61,18.4,24,93,1110,0
1847.71,2280,2.29,27.11,18.4,24.8,93,1110,0
1847.94,2280,2.04,28.14,18.4,24.8,93,1110,0
1848.12,2280,2.04,26.64,18.4,24,93,1110,0
1848.3,2280,2.29,28.53,18.4,25.5,94,1100,0
1848.52,2280,2.29,30.42,19.6,23.3,94,1100,0
1848.71,2280,2.29,30.97,20.4,22.5,94,1110,0
1848.9,2280,2.29,31.75,20.8,21.8,94,1110,0
1849.11,2320,2.55,30.75,20.8,21,94,1120,0
1849.29,2320,2.55,31.64,21.2,21.8,95,1120,0
1849.49,2320,2.29,31.33,20.8,21.8,95,1120,0
1849.68,2320,2.29,28.58,20.8,21.8,95,1120,0
1849.87,2320,2.04,25.19,17.6,22.5,96,1130,0
1850.07,2320,2.04,24.44,16.9,26.3,96,1110,0
1850.26,2360,1.79,24.19,16.1,27.8,96,1100,0
1850.44,2360,1.79,23.56,16.1,27.8,96,1090,0
1850.65,2360,1.79,23.58,16.1,27.8,96,1080,0
1850.84,2360,1.79,24.03,16.1,27.8,97,1080,0
1851.03,2360,2.04,26.75,16.5,27.8,97,1080,0
1851.23,2360,2.04,29.14,18.8,26.3,97,1080,0
1851.42,2360,2.29,29.28,19.2,24.8,97,1090,0
1851.63,2360,2.29,29.78,19.2,23.3,97,1100,0
1851.83,2360,2.04,29.33,19.2,23.3,97,1110,0
1852.01,2360,2.29,28.64,19.2,23.3,97,1110,0
1852.21,2360,2.29,29.89,19.6,23.3,97,1110,0
1852.4,2360,2.29,30.67,19.6,22.5,97,1110,0
1852.59,2400,2.04,29.81,19.6,22.5,98,1110,0
1852.79,2400,2.29,29.97,19.6,23.3,98,1110,0
1852.97,2400,2.29,30,19.6,22.5,98,1110,0
1853.17,2400,2.29,30.08,19.6,22.5,98,1110,0
1853.37,2400,2.29,30.36,19.6,22.5,99,1110,0
1853.55,2400,2.29,29.69,19.6,22.5,99,1110,0
1853.76,2400,2.29,29.72,19.6,22.5,99,1110,0
1853.95,2440,2.29,29.25,19.6,22.5,99,1110,0
1854.14,2440,2.04,28.83,19.2,23.3,100,1120,0
1854.34,2440,1.79,26.14,17.3,24,100,1110,0
1854.53,2440,1.79,25.58,16.9,25.5,100,1100,0
1854.71,2440,2.04,25.53,16.9,25.5,100,1100,0
1854.92,2440,1.79,24.86,16.9,25.5,100,1090,0
1855.1,2440,1.79,24.06,16.9,25.5,100,1090,0
1855.3,2440,1.79,24.56,16.1,27,100,1090,0
1855.5,2440,1.79,24.44,16.1,27,100,1080,0
1855.69,2440,1.79,24.06,16.1,26.3,100,1080,0
1855.9,2440,1.79,24.25,16.1,26.3,100,1080,0
1856.09,2440,1.79,22.92,16.1,26.3,100,1080,0
1856.28,2440,1.79,20.94,14.9,27,101,1080,0
1856.48,2440,1.53,20.53,14.1,27.8,101,1070,0
1856.67,2440,1.53,19.86,13.7,28.5,101,1060,0
1856.85,2440,1.53,19.58,13.7,28.5,101,1050,0
1857.07,2440,1.53,19.39,13.7,28.5,101,1050,0
1857.26,2440,1.53,19.56,13.7,28.5,101,1040,0
1857.46,2440,1.02,13.56,10.6,29.3,101,1040,0
1857.65,2440,1.02,13.22,10.6,33,101,1020,0
1857.84,2440,1.02,13.47,10.6,33,101,1010,0
1858.05,2440,0.77,10.81,9.4,33,101,1000,0
1858.23,2440,0.77,11.14,9,33.8,100,990,0
1858.42,2400,0.77,11.42,9.4,29.3,100,980,0
1858.62,2440,1.02,11.69,9.4,21,100,970,0
1858.81,2440,1.02,11.61,9.8,17.3,100,970,0
1859,2400,0.51,7.53,7.5,16.5,100,970,0
1859.19,2400,0.51,6.72,6.3,4.5,100,960,0
1859.39,2400,0.51,6.72,6.3,12,99,950,0
1859.59,2400,0.51,7.11,6.7,12,99,950,0
1859.78,2400,0.51,7.36,6.7,7.5,99,940,0
1859.96,2400,0.51,7.08,6.7,4.5,99,940,0
1860.17,2400,0.51,7.17,6.7,3.8,99,930,0
1860.36,2400,0.51,7.22,6.7,3.8,99,930,0
1860.54,2360,0.51,7.39,6.7,3,98,930,0
1860.75,2360,0.51,7.28,6.7,2.3,98,930,0
1860.93,2360,0.51,7.56,6.7,2.3,98,930,0
1861.12,2360,0.77,7.5,6.7,0.8,98,930,0
1861.32,2360,0.51,7,6.7,-3.8,98,930,0
1861.51,2360,0.51,7.36,6.7,-1.5,97,920,0
1861.71,2360,0.51,6.97,6.7,-3,97,920,0
1861.92,2360,0.51,7.19,6.7,-3,97,920,0
1862.11,2320,0.51,7.31,6.7,-3,97,920,0
1862.32,2320,0.51,7.83,6.7,-5.3,96,920,0
1862.53,2320,0.51,7.78,7.1,-2.3,96,920,0
1862.74,2320,0.51,7.69,7.1,-3,96,920,0
1862.93,2280,0.51,7.47,7.1,-3,95,920,0
1863.12,2280,0.51,7.89,7.1,0,95,920,0
1863.33,2280,0.51,7.72,7.1,3.8,94,920,0
1863.52,2280,0.51,7.42,6.7,8.3,94,920,0
1863.71,2240,0.51,7.64,6.7,11.3,94,920,0
1863.92,2240,0.51,7.25,6.7,7.5,93,920,0
1864.11,2240,0.77,7.42,6.7,3,93,920,0
1864.29,2240,0.51,7.53,6.7,-3,93,920,0
1864.49,2240,0.51,7.39,6.7,-4.5,92,920,0
1864.68,2200,0,7.61,6.7,-5.3,92,920,0
1864.89,2200,0,7.72,6.7,13.5,92,920,0
1865.07,2200,0,7.33,6.7,-3,91,920,0
1865.26,2200,0,7.31,6.7,-5.3,91,920,0
1865.46,2160,0,7.22,6.7,-5.3,91,930,0
1865.66,2160,0,7.14,6.7,-5.3,90,930,0
1865.87,2160,0,7.36,6.3,-5.3,90,930,0
1866.09,2160,0,7.06,6.3,-5.3,89,930,0
1866.28,2120,0,7.06,6.3,-4.5,89,930,0
1866.48,2120,0,7.31,6.3,-5.3,89,930,0
1866.66,2120,0.51,6.97,6.3,-5.3,88,930,0
1866.85,2080,0.77,6.89,6.3,-4.5,88,930,0
1867.06,2120,0.77,6.81,6.3,-1.5,87,930,0
1867.24,2120,0.77,6.78,6.3,4.5,87,930,0
1867.44,2080,0.77,6.75,6.3,8.3,87,930,0
1867.65,2080,0.77,6.83,6.3,9,87,930,0
1867.84,2080,0.77,6.36,6.3,10.5,86,920,0
1868.03,2080,0.77,6.97,6.3,15,86,920,0
1868.23,2080,1.02,8.14,7.1,16.5,86,920,0
1868.42,2080,1.28,10.78,7.5,16.5,86,920,0
1868.62,2080,1.28,11.86,9.4,15.8,86,920,0
1868.81,2080,1.28,13,9.8,15.8,85,920,0
1868.99,2080,1.53,13.61,11,15,85,930,0
1869.2,2080,1.53,13.19,11,14.3,85,930,0
1869.38,2080,1.53,14.75,11.4,15,85,930,0
1869.58,2080,1.28,15.42,11.8,14.3,85,940,0
1869.79,2080,1.28,15.58,12.2,14.3,85,950,0
1869.98,2080,1.53,15.83,12.2,14.3,85,960,0
1870.16,2080,1.53,15.78,12.2,14.3,85,960,0
1870.37,2080,1.28,15.42,12.2,14.3,85,970,0
1870.56,2040,1.28,15.42,11.8,14.3,85,970,0
1870.76,2080,1.28,15.44,12.2,14.3,85,970,0
1870.95,2080,1.53,15.36,11.8,14.3,85,970,0
1871.14,2080,1.28,15.75,11.8,14.3,85,980,0
1871.34,2080,1.28,15.56,11.8,13.5,85,980,0
1871.53,2040,1.53,15.39,11.8,13.5,85,980,0
1871.71,2040,1.53,16.25,11.8,13.5,85,980,0
1871.92,2040,1.53,16.78,12.5,15.8,85,980,0
1872.1,2040,1.53,16.42,12.5,21.8,85,990,0
1872.29,2040,1.53,17.14,12.5,27.8,85,990,0
1872.51,2040,1.53,16.53,12.2,30,85,990,0
1872.7,2040,1.53,16.97,12.9,30.8,85,990,0
1872.92,2040,1.53,18.36,13.3,30.8,85,990,0
1873.1,2080,1.79,19.86,14.5,30.8,84,1000,0
1873.3,2040,2.04,22,15.3,30.8,84,1010,0
1873.5,2040,2.04,23.67,16.5,30,84,1020,0
1873.72,2040,2.04,24.47,17.6,27.8,84,1040,0
1873.92,2040,2.29,25.36,17.6,27,84,1050,0
1874.1,2080,2.29,26,18.4,25.5,85,1070,0
1874.29,2040,2.29,26.36,18.8,24,85,1080,0
1874.5,2080,2.29,26.47,19.2,23.3,85,1090,0
1874.68,2080,2.29,27.17,19.2,23.3,85,1090,0
1874.87,2080,2.29,26.89,18.8,22.5,85,1100,0
1875.07,2080,2.29,27.19,19.2,22.5,85,1100,0
1875.26,2080,2.29,26.75,19.2,22.5,86,1100,0
1875.46,2080,2.29,28.72,19.6,22.5,86,1100,0
1875.65,2120,2.55,32.36,22.7,20.3,86,1100,0
1875.87,2120,2.55,31.53,25.9,18.8,87,1120,0
1876.07,2120,2.55,32.97,25.9,18.8,87,1120,0
1876.27,2120,2.81,33.56,26.7,18.8,87,1130,0
1876.45,2160,2.81,34.64,27.5,18,88,1130,0
1876.65,2160,2.81,33.64,28.2,18,88,1140,0
1876.84,2160,2.81,34.36,28.6,18,88,1140,0
1877.04,2160,2.81,35.47,29,17.3,89,1150,0
1877.23,2200,2.81,35.17,29,17.3,89,1160,0
1877.42,2200,2.81,35.89,29,17.3,90,1160,0
1877.62,2200,2.81,35.47,29,16.5,90,1170,0
1877.81,2200,2.81,33.72,27.1,16.5,90,1160,0
1877.99,2240,2.81,33.92,25.5,16.5,91,1150,0
1878.21,2240,2.81,32.14,23.5,18,91,1140,0
1878.4,2240,2.55,30.17,22,20.3,92,1130,0
1878.59,2240,2.55,30.19,22,21,92,1120,0
1878.8,2240,2.55,28.08,20.4,21.8,92,1120,0
1878.98,2240,2.29,28.81,20,23.3,92,1120,0
1879.18,2240,2.04,26.17,19.2,23.3,93,1120,0
1879.37,2280,2.04,23.67,16.9,26.3,93,1110,0
1879.55,2240,1.79,22.03,16.5,27.8,93,1110,0
1879.76,2280,1.79,19.11,14.1,29.3,93,1090,0
1879.95,2280,1.53,19.11,13.7,30,93,1070,0
1880.13,2280,1.53,18.89,13.3,30,93,1060,0
1880.34,2280,1.53,17.67,13.3,30.8,93,1050,0
1880.52,2280,1.53,17.17,12.2,30.8,93,1040,0
1880.71,2280,1.53,17,12.2,30.8,94,1030,0
1880.92,2280,1.53,19.92,13.3,30.8,94,1010,0
1881.12,2280,1.79,20.78,14.5,30,94,1020,0
1881.33,2280,1.79,20.58,14.5,30,94,1030,0
1881.52,2280,1.79,22.33,14.9,30,94,1030,0
1881.71,2280,1.79,22.61,15.7,29.3,94,1040,0
1881.91,2280,1.79,24.69,15.7,29.3,94,1050,0
1882.11,2280,2.04,25.97,16.9,28.5,94,1060,0
1882.33,2280,2.04,26.75,17.3,27,94,1070,0
1882.53,2280,2.04,28.67,18.4,26.3,94,1080,0
1882.73,2280,2.29,29.75,19.6,24.8,95,1090,0
1882.94,2320,2.29,31,20.4,23.3,95,1100,0
1883.12,2320,2.29,30.81,20.4,22.5,95,1110,0
1883.31,2320,2.29,30.31,20.4,22.5,95,1110,0
1883.53,2320,2.29,31.31,20.8,21.8,95,1110,0
1883.72,2320,2.55,31.69,20.8,21.8,95,1120,0
1883.92,2320,2.55,31.53,21.2,21,96,1120,0
1884.11,2360,2.29,31.19,21.2,21.8,96,1120,0
1884.3,2320,2.29,31.17,21.2,21.8,96,1120,0
1884.5,2360,2.55,31.31,21.2,22.5,96,1120,0
1884.69,2360,2.55,31.5,20.8,21.8,97,1120,0
1884.87,2360,2.29,30.31,20.8,21,97,1120,0
1885.07,2360,2.29,29.03,19.6,22.5,97,1120,0
1885.26,2360,2.29,29.25,19.2,22.5,97,1120,0
1885.44,2400,2.29,28.36,19.2,23.3,98,1110,0
1885.65,2400,2.04,29.39,18.8,23.3,98,1110,0
1885.84,2400,2.04,29.03,18.8,24,98,1110,0
1886.04,2400,2.29,28.89,18.8,23.3,99,1110,0
1886.23,2400,2.29,28.75,18.8,24,99,1110,0
1886.41,2400,2.04,28.53,18.8,24,99,1110,0
1886.62,2400,2.29,29.97,19.6,23.3,99,1110,0
1886.81,2400,2.29,30.69,19.6,22.5,99,1110,0
1887,2400,2.29,30.92,20,22.5,99,1110,0
1887.2,2400,2.29,30.28,20,22.5,99,1110,0
1887.39,2400,2.29,31.25,20,22.5,99,1110,0
1887.57,2400,2.29,30.72,20,22.5,99,1110,0
1887.78,2400,2.04,25.92,19.2,22.5,99,1120,0
1887.96,2400,1.79,22.36,16.5,24.8,99,1120,0
1888.17,2400,1.53,20.92,14.1,27.8,99,1100,0
1888.36,2400,1.53,18.06,13.7,28.5,99,1080,0
1888.54,2400,1.53,18.06,12.5,28.5,100,1060,0
1888.76,2400,1.28,17.94,12.9,29.3,100,1050,0
1888.95,2400,1.28,17.14,12.9,29.3,100,1040,0
1889.14,2400,1.28,16,12.2,29.3,100,1030,0
1889.34,2400,1.28,14.69,11.8,30.8,100,1020,0
1889.53,2400,1.28,14.5,11,31.5,100,1010,0
1889.72,2400,1.28,14.53,11,32.3,100,1010,0
1889.92,2400,1.28,17.22,11.8,31.5,100,1000,0
1890.1,2400,1.28,17.64,12.9,30,100,1000,0
1890.31,2400,1.28,17.92,12.9,29.3,99,1000,0
1890.49,2400,1.28,18.44,12.9,29.3,99,1010,0
1890.68,2400,1.28,18.22,12.9,29.3,99,1010,0
1890.88,2400,1.28,17.56,12.5,29.3,99,1010,0
1891.07,2400,1.28,15.53,12.2,30.8,99,1010,0
1891.26,2400,1.28,16.06,11.8,30.8,99,1010,0
1891.48,2400,1.02,14.14,11.8,30.8,99,1010,0
1891.67,2360,1.02,13.56,10.6,32.3,98,1000,0
1891.87,2360,1.02,12,10.2,33,98,990,0
1892.06,2360,0.77,11.25,9.4,33.8,98,990,0
1892.24,2360,0.77,11.67,9,34.5,98,980,0
1892.45,2360,1.02,11.42,9.4,34.5,98,970,0
1892.63,2360,0.77,11.14,9,34.5,98,970,0
1892.83,2360,0.77,10.94,9,34.5,98,960,0
1893.02,2360,0.77,11.47,9,35.3,97,960,0
1893.21,2360,1.02,11.39,9.4,34.5,97,960,0
1893.4,2360,0.77,10.81,9.4,34.5,97,950,0
1893.6,2360,1.02,13.31,9.4,33.8,97,950,0
1893.79,2360,1.02,13.81,10.6,33.8,97,950,0
1894,2360,1.02,13.67,10.2,33,97,950,0
1894.2,2360,1.02,13.83,10.6,33,97,960,0
1894.38,2360,1.28,17.64,11.8,33,97,950,0
1894.58,2360,1.53,20.11,13.7,30.8,97,970,0
1894.78,2320,1.53,22.69,14.9,30,96,980,0
1894.96,2360,1.79,25.86,16.5,28.5,96,990,0
1895.18,2360,2.04,29.19,18.4,27,96,1020,0
1895.37,2360,2.04,30.14,19.6,26.3,96,1050,0
1895.57,2360,2.29,30.25,20,24.8,97,1080,0
1895.76,2360,2.29,30.33,20,23.3,97,1100,0
1895.95,2360,2.29,29.97,20,23.3,97,1100,0
1896.15,2360,2.29,30.86,20,23.3,97,1110,0
1896.34,2360,2.29,29.42,20,21.8,97,1110,0
1896.54,2360,2.04,24.25,18,23.3,97,1120,0
1896.75,2360,1.53,17.06,13.7,27,97,1110,0
1896.93,2360,1.28,16.47,12.2,29.3,97,1080,0
1897.14,2360,1.28,16.92,12.2,30,97,1060,0
1897.32,2360,1.28,16.81,12.2,30,97,1040,0
1897.51,2360,1.28,16.89,12.2,30,97,1030,0
1897.71,2360,1.28,17.53,12.2,30,97,1020,0
1897.9,2360,1.53,19.31,13.3,30,97,1010,0
1898.09,2360,1.79,21.47,14.1,30,97,1020,0
1898.3,2360,1.79,23.78,15.3,29.3,97,1020,0
1898.48,2360,1.79,25.17,16.5,27.8,97,1040,0
1898.67,2360,1.79,25.33,16.9,27.8,97,1050,0
1898.87,2360,2.04,25.5,16.9,27.8,97,1070,0
1899.06,2360,2.04,25.11,16.9,26.3,97,1080,0
1899.27,2360,1.79,25.33,16.9,26.3,97,1080,0
1899.46,2360,1.79,23.28,16.5,26.3,97,1090,0
1899.65,2360,1.79,20.36,14.9,28.5,97,1090,0
1899.85,2360,1.53,16.78,13.3,28.5,97,1080,0
1900.05,2360,1.28,16.78,12.5,30,97,1060,0
1900.23,2360,1.28,16.47,12.2,30,97,1040,0
1900.43,2360,1.28,15.33,11.8,30,97,1030,0
1900.62,2360,1.02,13.06,11,31.5,97,1020,0
1900.81,2360,0.77,10.42,9.4,31.5,97,1010,0
1901.01,2360,0.77,9.39,8.6,30.8,97,1000,0
1901.2,2360,0.77,8.56,7.5,31.5,97,990,0
1901.4,2360,0.51,6.69,7.1,31.5,97,970,0
1901.59,2320,0.51,6.11,5.9,19.5,97,960,0
1901.77,2320,0.51,6,5.9,17.3,97,960,0
1901.98,2320,0.51,6.67,6.3,12,96,950,0
1902.16,2320,0.51,7.11,6.3,8.3,96,940,0
1902.36,2320,0.51,7.08,6.3,5.3,96,940,0
1902.56,2320,0.51,7.14,6.3,5.3,96,930,0
1902.75,2320,0.51,7.11,6.3,5.3,96,930,0
1902.94,2320,0.51,6.81,6.3,6,96,930,0
1903.15,2280,0.51,7,6.3,6,96,930,0
1903.34,2320,0.51,6.83,6.3,5.3,95,930,0
1903.54,2320,0.51,6.86,6.3,6.8,95,920,0
1903.73,2280,0.51,6.97,6.3,7.5,95,920,0
1903.92,2280,0.51,7.08,6.3,9,95,920,0
1904.12,2280,0.51,6.83,6.3,10.5,95,920,0
1904.31,2280,0.51,7.69,6.3,17.3,94,920,0
1904.51,2280,0.77,8.28,7.1,17.3,94,920,0
1904.73,2280,0.77,10.11,8.2,17.3,94,920,0
1904.92,2240,1.02,11.17,9,16.5,94,920,0
1905.13,2240,1.02,11.56,9.4,16.5,93,920,0
1905.32,2240,1.02,11.69,9.4,15.8,93,930,0
1905.51,2240,1.02,12.39,9.8,15.8,93,930,0
1905.72,2240,1.02,12.33,10.2,15.8,93,930,0
1905.9,2240,1.02,12.08,9.8,15.8,93,940,0
1906.09,2240,1.02,12.53,10.2,15.8,93,940,0
1906.29,2240,1.02,12.78,10.2,15.8,93,940,0
1906.48,2240,1.02,10.58,9.8,15.8,93,950,0
1906.66,2240,0.77,10.64,8.6,15.8,93,950,0
1906.87,2240,0.77,10,8.6,15.8,92,950,0
1907.06,2240,0.77,9.67,8.2,16.5,92,940,0
1907.26,2240,0.77,9.89,8.2,16.5,92,940,0
1907.44,2240,0.77,10.11,8.6,16.5,92,940,0
1907.63,2240,1.02,10.58,8.6,15.8,92,940,0
1907.84,2240,1.02,10.53,9,15.8,92,940,0
1908.03,2200,0.77,10.86,9,15.8,92,940,0
1908.21,2200,1.02,12.58,9.4,15.8,92,940,0
1908.42,2200,1.02,13.64,10.2,15,91,940,0
1908.61,2200,1.02,13.25,10.6,15,91,940,0
1908.8,2200,1.02,13.42,10.6,15,91,950,0
1909,2200,1.28,13.72,10.6,15,91,950,0
1909.2,2200,1.53,16.69,12.2,15.8,91,950,0
1909.4,2200,1.53,16.31,12.2,21,91,960,0
1909.59,2200,1.28,16.42,12.2,27.8,91,970,0
1909.78,2200,1.28,15.69,12.2,30,91,980,0
1910,2200,1.28,16.11,11.8,31.5,91,980,0
1910.18,2200,1.02,11.39,11,31.5,91,990,0
1910.37,2200,0.77,8.61,7.8,33.8,91,980,0
1910.57,2200,0.77,8.22,7.5,34.5,91,970,0
1910.76,2200,0.51,7.53,7.1,32.3,91,960,0
1910.96,2200,0.77,7.64,6.7,27.8,90,960,0
1911.15,2160,0.77,7.53,6.7,20.3,90,950,0
1911.34,2160,0.51,6.92,6.7,18,90,950,0
1911.54,2160,0.51,6.14,5.9,17.3,90,940,0
1911.73,2160,0.51,5.69,5.5,6.8,89,940,0
1911.92,2160,0.51,6.78,6.3,2.3,89,930,0
1912.12,2120,0.51,6.97,6.3,-3,89,930,0
1912.31,2120,0.51,6.72,6.3,-5.3,88,930,0
1912.5,2120,0,6.69,6.3,12.8,88,930,0
1912.71,2080,0,6.86,6.3,-3.8,87,930,0
1912.9,2080,0,7.14,6.3,-5.3,87,930,0
1913.1,2000,0,6.25,6.3,-5.3,86,930,0
1913.3,1960,0,6.36,5.9,-5.3,84,930,0
1913.5,1920,0,6.06,5.5,-5.3,83,930,0
1913.7,1880,0,5.33,5.5,-6,81,930,0
1913.9,1840,0,5.72,5.5,-6.8,79,930,0
1914.09,1800,0,5.64,5.5,-6.8,77,930,0
1914.29,1800,0,5.56,5.5,-6.8,76,930,0
1914.49,1800,0,5.92,5.1,-6.8,75,930,0
1914.7,1800,0,5.78,5.1,-6.8,75,930,0
1914.89,1760,0,5.72,5.1,-7.5,74,930,0
1915.09,1760,0,5.72,5.1,-7.5,74,930,0
1915.31,1760,0,5.75,5.1,-7.5,73,930,0
1915.49,1760,0,5.56,5.1,-7.5,73,930,0
1915.7,1760,0,5.5,5.1,-7.5,73,930,0
1915.9,1720,0,5.83,5.1,-7.5,72,930,0
1916.09,1760,0.77,5.5,5.1,-7.5,72,930,0
1916.3,1720,1.02,6.19,5.5,4.5,72,930,0
1916.48,1760,1.28,8.11,6.7,9,72,920,0
1916.66,1720,1.28,9.36,7.5,12.8,71,920,0
1916.89,1720,1.53,11.61,9,15,71,920,0
1917.08,1720,1.79,13.69,10.6,15.8,71,920,0
1917.26,1720,1.79,14.86,11.8,20.3,71,920,0
1917.47,1720,2.04,14.67,12.2,24,71,930,0
1917.65,1720,2.04,15.33,12.2,26.3,71,940,0
1917.84,1720,2.29,16.81,12.5,27,71,950,0
1918.06,1760,2.29,17.78,14.1,26.3,71,960,0
1918.24,1760,2.04,18.75,15.3,24.8,72,970,0
1918.45,1760,2.04,19.06,15.7,24.8,72,980,0
1918.64,1760,2.04,19.61,15.7,24.8,72,990,0
1918.82,1760,2.29,20.42,16.1,24.8,72,1000,0
1919.03,1760,2.29,20.72,16.5,21.8,72,1010,0
1919.21,1760,2.29,21.47,16.5,21,72,1020,0
1919.4,1760,2.29,20.97,16.5,21,73,1040,0
1919.61,1760,2.29,21.78,16.5,21.8,73,1040,0
1919.81,1800,2.55,24.58,17.3,21,73,1050,0
1920.01,1760,2.29,10.69,19.2,18.8,73,1060,0
1920.2,1720,1.28,4.31,10.6,-19.5,74,1060,0
1920.39,2000,2.29,35.03,11.4,30.8,74,960,0
1920.59,2040,0.77,9.81,7.5,-15.8,73,1060,0
1920.78,2080,1.02,10.44,5.5,23.3,73,1000,0
1920.96,2160,1.53,18,11.8,21.8,73,1010,0
1921.17,2160,2.04,24.17,14.9,20.3,73,1000,0
1921.35,2120,2.55,33.89,22,21.8,73,1000,0
1921.54,2160,2.55,36.81,28.2,17.3,73,1060,0
1921.74,2160,2.81,38.08,29.8,18,74,1120,0
1921.93,2160,2.81,37.94,29,17.3,74,1180,0
1922.15,2200,2.81,36.89,28.6,17.3,74,1230,0
1922.34,2200,3.06,41.22,26.3,15.8,75,1260,0
1922.53,2240,3.31,40.42,26.3,15.8,75,1300,0
1922.75,2240,3.06,38.97,26.3,13.5,76,1330,0
1922.93,2240,3.06,32.56,23.1,15.8,77,1330,0
1923.12,2280,3.06,30.86,22.4,15.8,77,1220,0
1923.32,2280,2.81,33.25,23.9,16.5,77,1160,0
1923.51,2280,2.81,34.67,25.9,19.5,78,1140,0
1923.7,2320,2.81,34.14,25.9,19.5,78,1130,0
1923.9,2320,2.81,35.58,25.9,19.5,79,1130,0
1924.09,2320,2.81,35,25.5,19.5,79,1130,0
1924.29,2320,2.81,34.61,25.5,19.5,80,1130,0
1924.48,2360,2.81,34.67,25.5,19.5,80,1130,0
1924.67,2360,2.55,34.69,25.1,19.5,81,1130,0
1924.87,2400,2.81,34.58,24.7,20.3,81,1130,0
1925.06,2400,2.55,33.89,24.7,20.3,82,1130,0
1925.25,2400,2.55,35.17,24.3,20.3,82,1130,0
1925.45,2440,2.55,35,24.3,20.3,83,1120,0
1925.64,2440,2.55,34.53,24.3,20.3,83,1120,0
1925.83,2440,2.55,35.03,24.3,20.3,83,1130,0
1926.05,2480,2.55,35,24.3,20.3,84,1120,0
1926.23,2480,2.55,35.03,24.3,20.3,84,1120,0
1926.43,2480,2.55,34.94,23.9,20.3,85,1120,0
1926.62,2480,2.55,34.94,24.3,20.3,85,1120,0
1926.81,2520,2.55,35.44,24.3,20.3,86,1120,0
1927.01,2520,2.55,36.31,23.9,20.3,86,1120,0
1927.19,2520,2.55,36.86,24.3,20.3,86,1120,0
1927.39,2560,2.55,36.08,24.3,20.3,87,1130,0
1927.59,2560,2.55,35.61,23.5,21.8,87,1120,0
1927.78,2560,2.55,36.44,23.5,21.8,88,1120,0
1927.98,2600,2.55,34.81,23.1,21.8,88,1120,0
1928.17,2600,2.55,34.81,22.4,21.8,89,1120,0
1928.35,2600,2.29,32.61,22.4,21.8,89,1120,0
1928.56,2600,2.29,31.89,21.2,22.5,89,1120,0
1928.75,2640,2.04,31.83,20.4,23.3,90,1120,0
1928.93,2640,2.04,29.97,19.2,23.3,90,1120,0
1929.14,2640,2.04,28.33,18,24.8,90,1110,0
1929.32,2640,1.79,25.69,17.3,25.5,90,1110,0
1929.51,2640,1.79,25.36,16.9,26.3,91,1100,0
1929.72,2640,1.79,24.53,16.5,27,91,1090,0
1929.9,2640,1.79,24.81,16.5,27,91,1080,0
1930.11,2680,1.53,23.92,16.5,27,91,1080,0
1930.29,2680,1.53,23.67,16.1,27.8,92,1070,0
1930.48,2680,1.79,23.92,16.1,27.8,92,1070,0
1930.68,2680,1.79,24.5,15.7,27.8,92,1070,0
1930.87,2680,1.53,23.69,15.7,27.8,92,1070,0
1931.05,2680,1.53,23.53,15.7,27.8,92,1070,0
1931.28,2680,1.79,23.67,15.7,28.5,92,1070,0
1931.46,2680,1.53,21.92,14.5,28.5,92,1070,0
1931.65,2680,1.53,21.25,14.5,29.3,92,1060,0
1931.85,2680,1.53,21.14,14.5,29.3,92,1060,0
1932.06,2680,1.28,20.11,14.1,29.3,93,1060,0
1932.28,2680,1.28,20.39,13.7,30,93,1050,0
1932.46,2680,1.28,18.58,13.7,30,93,1050,0
1932.66,2680,1.28,18.86,13.3,31.5,93,1040,0
1932.86,2720,1.28,18.92,13.3,31.5,93,1030,0
1933.05,2680,1.28,18.42,13.3,31.5,93,1030,0
1933.23,2680,1.28,18.56,13.3,31.5,93,1030,0
1933.44,2680,1.28,19.08,13.3,31.5,93,1020,0
1933.62,2680,1.28,19.47,13.3,31.5,93,1020,0
1933.82,2720,1.28,19.08,13.3,31.5,93,1020,0
1934.01,2680,1.28,18.69,13.3,31.5,93,1020,0
1934.19,2680,1.28,19,13.3,31.5,93,1020,0
1934.41,2680,1.28,18.42,13.3,31.5,93,1020,0
1934.6,2680,1.28,18.56,13.3,31.5,93,1020,0
1934.79,2680,1.28,18.86,13.3,31.5,93,1020,0
1935,2680,1.28,18.5,13.3,31.5,93,1020,0
1935.18,2680,1.28,19.06,13.3,31.5,93,1020,0
1935.39,2680,1.28,18.78,13.3,31.5,93,1020,0
1935.57,2680,1.28,19,13.3,31.5,92,1030,0
1935.76,2680,1.28,18.61,13.3,31.5,92,1020,0
1935.96,2680,1.28,18.75,13.3,30.8,92,1020,0
1936.15,2680,1.28,18.56,13.3,30.8,92,1020,0
1936.34,2680,1.28,18.75,13.3,30.8,92,1020,0
1936.55,2680,1.28,18.31,13.3,30.8,92,1020,0
1936.73,2680,1.28,18.61,13.3,31.5,92,1020,0
1936.92,2680,1.28,18.67,13.3,30.8,92,1020,0
1937.12,2680,1.28,17.5,12.5,31.5,92,1020,0
1937.31,2680,1.02,15.64,12.2,32.3,92,1020,0
1937.52,2680,1.02,15.06,11.4,33.8,92,1010,0
1937.7,2680,1.02,15.28,11.4,33.8,92,1010,0
1937.89,2680,1.02,14.83,11,34.5,92,1000,0
1938.09,2680,1.02,14.86,11,34.5,92,1000,0
1938.28,2680,1.02,14.97,11,34.5,92,990,0
1938.46,2680,1.02,14.31,11,34.5,92,990,0
1938.67,2680,1.02,14.92,11,34.5,92,990,0
1938.85,2680,1.02,15.03,11,34.5,92,990,0
1939.04,2680,1.02,14.97,11,34.5,92,980,0
1939.24,2680,1.02,14.97,11,34.5,92,980,0
1939.43,2680,1.02,14.53,11,34.5,92,980,0
1939.63,2680,1.02,14.5,11,34.5,92,980,0
1939.82,2680,1.02,15.06,11,34.5,92,980,0
1940,2680,1.02,14.64,11,34.5,92,980,0
1940.21,2640,1.02,14.67,11,34.5,92,980,0
1940.4,2640,1.02,14.81,11.4,34.5,92,980,0
1940.59,2640,1.02,15.03,11.4,34.5,91,980,0
1940.8,2640,1.02,15.25,11.4,34.5,91,980,0
1940.98,2640,1.02,15.25,11.4,33.8,91,980,0
1941.17,2640,1.02,15.06,11.4,33.8,91,980,0
1941.37,2640,1.02,15.03,11.4,33.8,91,980,0
1941.56,2640,1.02,14.94,11.4,33.8,91,980,0
1941.77,2640,1.02,16.14,11.4,33.8,91,980,0
1941.97,2600,1.28,17,12.2,33,90,980,0
1942.15,2600,1.28,17.42,12.5,32.3,90,990,0
1942.36,2600,1.28,17.36,12.5,32.3,90,990,0
1942.55,2600,1.28,17.75,12.5,32.3,90,990,0
1942.74,2600,1.28,19.03,13.3,31.5,90,1000,0
1942.94,2600,1.28,20.25,13.3,30.8,90,1000,0
1943.13,2600,1.53,21.58,13.7,30,90,1010,0
1943.33,2600,1.53,21.67,14.9,29.3,90,1020,0
1943.54,2600,1.53,23.06,14.9,29.3,90,1030,0
1943.73,2600,1.79,25.33,16.9,27.8,90,1040,0
1943.94,2600,1.79,26.56,16.9,27,90,1050,0
1944.12,2600,2.04,29.06,17.6,27,90,1070,0
1944.31,2640,2.04,28.33,18,26.3,90,1090,0
1944.51,2640,2.04,30.53,18.4,24.8,90,1100,0
1944.7,2640,2.04,32.11,19.6,24.8,90,1100,0
1944.89,2640,2.29,32.72,20.4,24,91,1110,0
1945.09,2640,2.29,32.53,20.4,23.3,91,1110,0
1945.28,2640,2.04,32.58,20.4,23.3,91,1110,0
1945.47,2680,2.29,33.39,20.4,23.3,91,1120,0
1945.67,2680,2.29,33.06,20.8,23.3,92,1120,0
1945.86,2680,2.29,33.03,20.8,23.3,92,1120,0
1946.06,2680,2.29,33.92,20.8,23.3,92,1120,0
1946.25,2720,2.29,33.44,21.2,23.3,92,1120,0
1946.43,2720,2.04,32.17,21.2,23.3,93,1120,0
1946.63,2720,2.04,32.22,20.4,23.3,93,1120,0
1946.82,2720,2.04,29.89,18.8,24,93,1120,0
1947.01,2720,1.79,29.44,18.4,24.8,94,1110,0
1947.23,2760,1.79,27.58,17.6,24.8,94,1110,0
1947.42,2760,1.79,26.97,17.3,26.3,94,1100,0
1947.62,2760,1.79,24.97,16.9,27,94,1100,0
1947.81,2760,1.53,24.92,16.1,28.5,95,1090,0
1948.01,2760,1.53,23.14,15.7,28.5,95,1090,0
1948.21,2760,1.53,21.56,14.9,29.3,95,1080,0
1948.4,2760,1.28,16.83,12.9,30,95,1070,0
1948.59,2760,1.02,16.42,12.2,33,95,1050,0
1948.8,2760,1.02,16.44,11.8,33,95,1040,0
1948.98,2760,1.02,15.97,11.8,33.8,95,1030,0
1949.17,2760,1.02,14.42,11.4,33.8,95,1020,0
1949.37,2760,1.02,13.81,10.6,35.3,95,1010,0
1949.56,2760,1.02,14.03,10.6,35.3,95,1000,0
1949.76,2760,1.02,14.5,11,35.3,95,1000,0
1949.95,2760,1.02,14.36,11,35.3,95,990,0
1950.14,2720,1.02,15.64,11,35.3,95,990,0
1950.34,2720,1.02,17.78,11.8,34.5,94,990,0
1950.53,2720,1.28,18.39,12.9,33,94,990,0
1950.71,2720,1.28,21.5,14.1,33,94,990,0
1950.92,2720,1.28,22.94,14.9,30.8,94,1010,0
1951.11,2720,1.53,23.83,15.7,29.3,94,1030,0
1951.3,2720,1.53,23.39,15.7,29.3,94,1040,0
1951.5,2720,1.53,25.22,16.5,29.3,94,1050,0
1951.69,2720,1.53,25.69,16.5,28.5,94,1070,0
1951.9,2760,1.79,27.42,16.5,28.5,94,1080,0
1952.09,2760,2.04,28.72,17.3,27,94,1090,0
1952.28,2760,2.04,29.83,18,26.3,94,1090,0
1952.48,2760,1.79,28.31,18,26.3,94,1100,0
1952.67,2760,1.79,28.58,18,26.3,95,1100,0
1952.85,2760,1.79,28.31,18,26.3,95,1110,0
1953.06,2760,1.53,23.36,16.1,26.3,95,1110,0
1953.25,2760,1.53,21.86,14.9,28.5,95,1100,0
1953.47,2760,1.28,20.67,14.1,30,95,1080,0
1953.67,2760,1.28,20.69,13.7,30.8,95,1060,0
1953.86,2760,1.28,21.28,14.1,30.8,95,1060,0
1954.06,2760,1.28,20.44,14.1,30.8,95,1050,0
1954.24,2760,1.28,17.61,13.3,30.8,95,1050,0
1954.44,2760,1.28,18.78,13.3,32.3,95,1040,0
1954.65,2760,1.28,17.5,12.9,32.3,95,1040,0
1954.84,2760,1.28,16.94,12.5,33,95,1030,0
1955.05,2760,1.02,16.64,12.2,33.8,95,1020,0
1955.25,2760,1.02,16.17,11.8,33.8,95,1020,0
1955.43,2760,1.02,16.22,11.8,34.5,95,1010,0
1955.63,2760,1.02,15.53,11.8,34.5,95,1010,0
1955.83,2760,1.02,15.42,11.4,34.5,95,1000,0
1956.01,2760,1.02,15.78,11.4,34.5,95,1000,0
1956.22,2760,0.77,10.56,11.4,34.5,95,1000,0
1956.4,2760,0.51,8.89,7.8,38.3,95,990,0
1956.6,2760,0.51,9.39,7.8,39,95,980,0
1956.79,2720,0.51,9.39,8.2,35.3,95,970,0
1956.98,2720,0.51,9.58,8.2,33,95,960,0
1957.19,2760,0.77,9.86,8.2,32.3,94,960,0
1957.37,2720,0.77,10.19,8.6,31.5,94,950,0
1957.56,2720,0.77,11.86,8.6,30.8,94,950,0
1957.79,2720,0.77,12.06,9.8,30,94,950,0
1957.99,2720,0.77,11.86,9.8,30,94,950,0
1958.2,2720,0.77,13.64,10.2,30,94,950,0
1958.39,2720,0.77,13.33,10.6,28.5,94,950,0
1958.57,2720,1.02,13.47,10.6,28.5,94,950,0
1958.77,2720,1.02,15.36,10.2,28.5,93,950,0
1958.96,2720,1.02,16.69,11.8,28.5,93,960,0
1959.15,2720,1.28,18.92,12.9,27,93,960,0
1959.35,2720,1.28,21.03,14.1,29.3,93,980,0
1959.54,2720,1.28,21.22,14.5,30,93,990,0
1959.75,2720,1.28,22.81,14.9,30,93,1010,0
1959.93,2720,1.53,22.89,15.3,29.3,93,1030,0
1960.12,2720,1.53,22.58,15.3,29.3,94,1040,0
1960.32,2720,1.53,23.97,15.3,29.3,94,1050,0
1960.51,2720,1.53,24.08,15.7,29.3,94,1060,0
1960.7,2760,1.53,25.25,15.7,27.8,94,1060,0
1960.9,2760,1.79,24.67,16.1,28.5,94,1070,0
1961.09,2760,1.53,24.56,16.1,28.5,94,1080,0
1961.27,2760,1.53,24.72,15.7,28.5,94,1080,0
1961.49,2760,1.53,24.78,15.7,28.5,94,1080,0
1961.69,2760,1.53,24.28,15.7,28.5,95,1080,0
1961.89,2760,1.53,24.08,15.7,28.5,95,1080,0
1962.08,2760,1.53,24.11,15.7,28.5,95,1080,0
1962.27,2760,1.53,23.22,15.7,28.5,95,1080,0
1962.48,2760,1.53,23.39,15.3,29.3,95,1080,0
1962.67,2760,1.53,24,15.3,28.5,95,1080,0
1962.86,2760,1.53,24.06,15.7,28.5,95,1080,0
1963.08,2760,1.53,24.44,15.7,28.5,95,1080,0
1963.26,2760,1.53,24.33,15.7,28.5,95,1080,0
1963.46,2760,1.53,24.31,15.7,28.5,95,1080,0
1963.65,2760,1.53,23.86,15.3,28.5,95,1080,0
1963.84,2760,1.53,23.61,15.3,28.5,95,1080,0
1964.04,2800,1.53,24.14,15.3,29.3,95,1080,0
1964.23,2800,1.53,23.28,15.3,28.5,96,1080,0
1964.42,2800,1.53,24.28,15.3,29.3,96,1080,0
1964.62,2800,1.53,24,15.3,28.5,96,1080,0
1964.81,2800,1.53,23.47,15.3,29.3,96,1080,0
1965.01,2800,1.53,23.69,15.3,29.3,96,1080,0
1965.2,2800,1.53,23.28,15.7,29.3,96,1080,0
1965.4,2800,1.53,23.78,15.7,29.3,96,1080,0
1965.6,2800,1.53,23.92,15.7,29.3,96,1080,0
1965.81,2800,1.53,23.75,15.3,28.5,96,1080,0
1966,2800,1.53,24.22,15.7,28.5,96,1080,0
1966.2,2800,1.53,23.61,15.7,29.3,96,1080,0
1966.39,2800,1.53,23.47,15.3,29.3,96,1080,0
1966.6,2800,1.53,23.31,15.7,29.3,96,1080,0
1966.79,2800,1.53,24.58,15.7,29.3,96,1080,0
1966.97,2800,1.53,24.39,15.7,28.5,96,1080,0
1967.18,2800,1.53,23.42,15.7,28.5,96,1080,0
1967.37,2800,1.53,24.19,15.7,29.3,96,1080,0
1967.56,2800,1.53,24.08,15.7,29.3,97,1080,0
1967.76,2800,1.53,24,15.7,30,97,1080,0
1967.94,2840,1.53,24.22,15.7,30,97,1080,0
1968.14,2840,1.53,24.36,15.7,30,97,1080,0
1968.36,2840,1.53,24.53,15.7,29.3,97,1080,0
1968.55,2840,1.53,24.97,16.1,29.3,97,1080,0
1968.76,2840,1.53,24.61,16.1,29.3,97,1080,0
1968.95,2840,1.53,24.92,16.1,29.3,97,1090,0
1969.14,2840,1.53,25.22,16.1,29.3,97,1090,0
1969.34,2840,1.53,24.75,16.1,29.3,98,1090,0
1969.53,2840,1.53,24.72,16.1,29.3,98,1090,0
1969.71,2840,1.53,25.25,16.1,29.3,98,1090,0
1969.92,2840,1.53,25,16.1,29.3,98,1090,0
1970.1,2840,1.53,25.06,16.1,29.3,98,1090,0
1970.31,2840,1.53,24.86,16.1,29.3,98,1090,0
1970.5,2840,1.53,25.06,16.1,29.3,98,1090,0
1970.69,2840,1.53,24.03,16.1,29.3,98,1090,0
1970.89,2840,1.53,24.25,16.1,29.3,98,1090,0
1971.07,2840,1.53,25.17,15.7,30,98,1090,0
1971.26,2840,1.53,24.75,15.7,29.3,98,1090,0
1971.46,2840,1.53,25.58,15.7,29.3,98,1090,0
1971.65,2840,1.53,24.86,16.1,29.3,98,1090,0
1971.84,2840,1.53,24.53,15.7,29.3,98,1090,0
1972.04,2840,1.53,24.81,15.7,29.3,98,1090,0
1972.25,2840,1.53,24.53,16.1,29.3,98,1090,0
1972.45,2840,1.53,24.39,15.7,29.3,98,1090,0
1972.67,2840,1.53,24.5,16.1,29.3,98,1090,0
1972.86,2880,1.53,24.08,15.7,30,98,1090,0
1973.06,2880,1.53,24.72,15.7,30,98,1080,0
1973.26,2880,1.53,24.61,15.7,30,98,1080,0
1973.48,2880,1.53,25.08,15.7,30,99,1080,0
1973.67,2880,1.53,24.36,15.7,29.3,99,1080,0
1973.85,2880,1.53,24.67,15.7,29.3,99,1080,0
1974.06,2880,1.53,23.86,15.7,30,99,1080,0
1974.24,2880,1.53,24.5,15.7,30,99,1080,0
1974.45,2880,1.53,24.42,15.7,30,99,1080,0
1974.64,2880,1.53,24.64,15.7,29.3,99,1080,0
1974.82,2880,1.53,24.5,15.7,30,99,1080,0
1975.05,2880,1.53,24.72,15.7,30,99,1090,0
1975.23,2880,1.53,24.33,15.7,30,99,1080,0
1975.42,2880,1.53,24.44,15.7,30,99,1090,0
1975.62,2880,1.53,24.25,15.7,30,99,1090,0
1975.81,2880,1.53,24.5,15.7,30,100,1090,0
1975.99,2920,1.53,24.61,15.7,30,100,1080,0
1976.2,2920,1.53,24.81,15.7,30,100,1090,0
1976.38,2920,1.53,25.31,15.7,29.3,100,1090,0
1976.59,2920,1.53,24.44,15.7,29.3,100,1090,0
1976.79,2920,1.28,22.69,14.9,30.8,100,1090,0
1976.98,2920,1.28,20.5,14.1,31.5,100,1080,0
1977.18,2920,1.28,19.5,13.3,33,100,1070,0
1977.36,2920,1.28,19.56,13.3,33,100,1060,0
1977.56,2920,1.02,19.25,13.3,33.8,100,1050,0
1977.76,2920,1.28,19.25,13.3,33.8,101,1040,0
1977.94,2920,1.02,18.83,13.3,33.8,101,1040,0
1978.16,2920,1.02,18.47,13.3,33.8,101,1040,0
1978.36,2920,1.02,18.69,13.3,33.8,101,1030,0
1978.54,2920,1.28,19.25,13.3,34.5,101,1030,0
1978.76,2920,1.28,19.39,13.3,33.8,101,1030,0
1978.95,2920,1.02,19.22,13.7,33.8,101,1030,0
1979.14,2920,1.28,20.53,14.1,33.8,101,1030,0
1979.34,2920,1.28,20.83,14.1,33,101,1040,0
1979.53,2920,1.28,20.39,14.1,33,101,1040,0
1979.73,2920,1.28,20.94,14.1,33,101,1040,0
1979.92,2920,1.28,21.17,14.1,33,101,1050,0
1980.1,2920,1.28,20.47,14.1,33,101,1050,0
1980.31,2920,1.28,20.64,14.1,33,101,1050,0
1980.49,2920,1.28,20.81,14.1,33,101,1050,0
1980.68,2920,1.28,20.39,14.1,33,100,1050,0
1980.88,2920,1.28,21.11,14.1,33,100,1050,0
1981.07,2920,1.28,21,14.1,33,100,1050,0
1981.26,2920,1.28,20.28,14.1,33,100,1050,0
1981.48,2920,1.28,20.81,14.1,33,100,1050,0
1981.67,2920,1.28,20.64,14.1,33,100,1050,0
1981.87,2920,1.28,21.14,14.1,33,101,1050,0
1982.06,2920,1.28,20.97,14.1,33,101,1050,0
1982.25,2920,1.28,20.72,14.1,33,101,1050,0
1982.45,2920,1.28,21,14.1,33,101,1050,0
1982.63,2920,1.28,22.22,14.5,32.3,101,1050,0
1982.82,2920,1.28,20.08,14.5,32.3,101,1060,0
1983.02,2920,1.02,16.97,12.2,33,101,1050,0
1983.21,2920,1.02,16.44,12.2,34.5,101,1040,0
1983.4,2920,1.02,14.78,11.8,35.3,101,1030,0
1983.6,2920,0.77,14.17,11,36,101,1020,0
1983.79,2920,0.77,14.17,11,36.8,101,1010,0
1984.01,2920,0.77,15,11,36.8,101,1000,0
1984.19,2920,0.77,14.31,11,36.8,101,1000,0
1984.38,2920,0.77,15.11,11,36.8,101,990,0
1984.59,2920,0.77,14.83,11,36.8,100,990,0
1984.78,2920,0.77,15.14,11.4,36.8,100,990,0
1984.97,2920,1.02,17.67,11.8,36,100,990,0
1985.17,2880,1.02,17.39,12.9,35.3,100,990,0
1985.36,2880,1.02,16.58,12.5,35.3,100,1000,0
1985.55,2880,1.02,15.56,11.8,35.3,100,1000,0
1985.75,2880,1.02,15.22,11.4,36,99,1000,0
1985.93,2880,0.77,14.75,11.4,36,99,1000,0
1986.13,2880,0.77,14.31,11,36.8,99,990,0
1986.33,2880,0.77,13.36,11,36.8,99,990,0
1986.51,2880,0.77,11.78,9.8,36.8,99,990,0
1986.73,2880,0.77,12.42,9.8,38.3,99,980,0
1986.92,2840,0.77,12.44,9.8,37.5,99,970,0
1987.11,2840,0.77,12.11,9.8,37.5,99,970,0
1987.31,2840,0.77,12.06,9.8,37.5,98,970,0
1987.5,2840,0.77,12.31,9.8,38.3,98,970,0
1987.7,2840,0.77,12.47,9.8,38.3,98,960,0
1987.89,2840,0.77,12.75,9.8,37.5,98,960,0
1988.09,2840,0.77,14.72,10.6,37.5,97,960,0
1988.3,2800,1.02,16.06,11.4,36,97,960,0
1988.48,2800,1.02,18.17,12.5,35.3,97,970,0
1988.67,2800,1.02,19.56,13.7,33.8,97,980,0
1988.87,2800,1.28,19.89,13.7,33,97,990,0
1989.06,2800,1.28,19.19,14.1,33,97,1000,0
1989.24,2800,1.28,20.83,13.7,33,97,1010,0
1989.47,2800,1.28,19.81,13.7,32.3,97,1020,0
1989.65,2800,1.28,20.86,13.7,32.3,97,1030,0
1989.86,2800,1.28,20.78,13.7,32.3,97,1030,0
1990.04,2800,1.28,20.25,13.7,32.3,97,1040,0
1990.23,2800,1.28,19.56,13.7,32.3,97,1040,0
1990.43,2800,1.28,20.03,13.7,32.3,97,1040,0
1990.62,2840,1.28,20.69,14.1,32.3,97,1040,0
1990.81,2840,1.28,21.31,14.1,32.3,97,1040,0
1991.03,2840,1.02,15.08,13.7,31.5,97,1060,0
1991.22,2840,1.02,14.17,11,34.5,97,1040,0
1991.42,2840,1.02,14.22,10.6,36,97,1020,0
1991.6,2800,0.77,12.94,10.6,36.8,97,1010,0
1991.79,2800,0.77,13.42,10.2,36.8,97,1000,0
1992,2800,0.77,11.92,10.2,36.8,97,1000,0
1992.18,2800,0.77,9.06,8.6,37.5,97,990,0
1992.37,2800,0.51,8.47,7.5,38.3,97,980,0
1992.59,2800,0.51,8.53,7.5,33.8,97,970,0
1992.77,2760,0.51,8.78,7.5,32.3,96,960,0
1992.96,2800,0.51,8.33,7.5,27,96,960,0
1993.2,2760,0.51,8.58,7.5,28.5,96,950,0
1993.38,2760,0.51,8.69,7.5,25.5,96,950,0
1993.59,2760,0.51,8.86,7.5,20.3,96,940,0
1993.78,2760,0.51,8.58,7.5,20.3,96,940,0
1993.96,2760,0.51,8.53,7.5,21,95,940,0
1994.17,2760,0.51,8.53,7.5,22.5,95,940,0
1994.35,2760,0.51,8.56,7.5,21.8,95,930,0
1994.59,2760,0.51,8.67,7.5,23.3,95,930,0
1994.78,2720,0.51,8.64,7.5,21.8,94,930,0
1994.96,2720,0.51,8.42,7.5,21,94,930,0
1995.17,2720,0.51,8.72,7.5,22.5,94,930,0
1995.36,2720,0.51,8.53,7.5,21,94,930,0
1995.54,2720,0.51,8.58,7.5,21.8,93,930,0
1995.75,2680,0.51,8.61,7.5,22.5,93,930,0
1995.95,2680,0.51,8.72,7.5,18,93,930,0
1996.15,2680,0.51,8.36,7.5,16.5,93,930,0
1996.34,2680,0.51,8.42,7.5,17.3,92,930,0
1996.53,2680,0.51,8.36,7.5,18.8,92,930,0
1996.73,2680,0.51,8.42,7.5,19.5,92,930,0
1996.92,2680,0.51,8.22,7.5,22.5,92,930,0
1997.12,2640,0.51,8.17,7.5,28.5,92,930,0
1997.32,2640,0.51,8.58,7.5,30.8,91,920,0
1997.51,2640,0.51,8.78,7.5,30.8,91,920,0
1997.71,2640,0.51,9.5,7.8,30.8,91,920,0
1997.9,2640,0.51,9.06,7.8,30.8,91,920,0
1998.09,2600,0.51,9,7.8,30.8,91,930,0
1998.3,2640,0.51,9,7.8,30.8,91,930,0
1998.48,2600,0.51,8.97,7.8,30.8,90,930,0
1998.67,2600,0.51,8.86,7.8,30.8,90,920,0
1998.87,2600,0.77,10.03,7.8,30.8,90,920,0
1999.06,2600,0.77,11.5,9.4,30.8,90,920,0
1999.25,2600,1.02,13,9.8,30,90,930,0
1999.45,2600,1.02,13.64,10.6,28.5,89,930,0
1999.64,2600,1.02,13.94,11,28.5,89,930,0
1999.84,2600,1.02,15.39,11,27.8,89,940,0
2000.03,2600,1.02,16.25,12.2,27,89,950,0
2000.21,2600,1.28,18.33,12.5,29.3,89,960,0
2000.42,2600,1.28,19.11,13.7,30,89,970,0
2000.6,2600,1.28,19.33,14.1,30,89,980,0
2000.79,2600,1.53,21,14.5,29.3,89,990,0
2000.99,2600,1.53,21.17,14.9,29.3,89,1010,0
2001.18,2600,1.53,21.61,14.9,29.3,89,1020,0
2001.37,2600,1.53,22.19,14.5,28.5,89,1030,0
2001.57,2600,1.53,21.14,14.5,27.8,89,1040,0
2001.76,2600,1.53,21.25,14.5,27.8,89,1040,0
2001.96,2600,1.53,21.75,14.5,28.5,89,1040,0
2002.16,2600,1.53,20.72,14.5,28.5,89,1050,0
2002.37,2600,1.53,21.11,14.5,28.5,89,1050,0
2002.58,2600,1.53,21.31,14.1,28.5,89,1050,0
2002.76,2600,1.53,21.17,14.5,28.5,89,1050,0
2002.95,2600,1.53,20.69,14.1,28.5,90,1050,0
2003.15,2600,1.53,20.89,14.1,29.3,90,1050,0
2003.34,2600,1.53,21.14,14.1,29.3,90,1050,0
2003.54,2600,1.79,24.33,15.3,28.5,90,1050,0
2003.73,2600,1.79,25.08,16.1,27.8,90,1060,0
2003.92,2640,1.79,25.31,16.5,27,90,1070,0
2004.12,2640,1.79,25.69,16.9,27,90,1080,0
2004.31,2640,1.79,25.31,16.5,27,90,1090,0
2004.49,2640,1.79,25.81,16.5,27,91,1090,0
2004.7,2640,1.79,25.19,16.5,27,91,1090,0
2004.89,2640,1.79,26.06,16.5,27,91,1090,0
2005.13,2640,1.53,21.92,14.9,27,91,1090,0
2005.34,2640,1.53,18.83,13.7,29.3,91,1080,0
2005.53,2640,1.28,17.56,12.9,30,91,1060,0
2005.73,2640,1.28,16.14,11.8,31.5,91,1050,0
2005.92,2640,1.02,14.75,11.4,32.3,91,1040,0
2006.1,2640,1.02,13,11,33.8,91,1020,0
2006.31,2640,1.02,13.31,10.2,35.3,91,1010,0
2006.49,2640,1.02,12.64,10.2,35.3,91,1000,0
2006.69,2640,1.02,12.5,9.8,36,91,990,0
2006.89,2640,1.02,12.17,9.8,36,91,980,0
2007.08,2640,1.02,13.17,9.8,35.3,91,980,0
2007.28,2640,1.02,14.33,11,35.3,91,970,0
2007.47,2640,1.02,14.03,11,34.5,91,970,0
2007.65,2640,1.02,14.5,11,34.5,91,970,0
2007.85,2640,1.02,15.14,11,34.5,91,970,0
2008.04,2640,1.02,15.67,11.4,33.8,91,970,0
2008.23,2640,1.28,15.69,11.4,33.8,91,980,0
2008.44,2640,1.02,15.28,11.4,33.8,91,980,0
2008.64,2640,1.02,15.28,11.4,33.8,91,980,0
2008.84,2640,1.02,14.53,11,33.8,91,980,0
2009.03,2640,1.02,13.92,11,34.5,91,980,0
2009.21,2640,0.77,11.11,9.8,34.5,90,980,0
2009.42,2600,0.77,10.03,8.6,36.8,90,970,0
2009.61,2600,0.77,9.19,8.2,37.5,90,970,0
2009.79,2600,0.51,8.19,7.5,36,90,960,0
2010,2600,0.51,7.58,7.1,33,90,950,0
2010.18,2560,0.51,7.83,6.7,32.3,90,950,0
2010.39,2560,0.51,8.22,6.7,31.5,89,940,0
2010.59,2600,0.51,10.19,7.5,29.3,89,940,0
2010.78,2560,0.77,11.5,9.4,28.5,89,930,0
2010.97,2560,1.02,14.36,10.2,27,89,930,0
2011.17,2560,1.02,16.22,11.4,24.8,89,940,0
2011.36,2560,1.28,18.11,13.3,24,88,950,0
2011.56,2560,1.28,18.67,13.7,25.5,88,960,0
2011.75,2560,1.28,19.53,13.7,27.8,88,980,0
2011.94,2560,1.28,19.19,13.7,28.5,88,990,0
2012.14,2560,1.28,19.78,14.1,28.5,88,1000,0
2012.32,2560,1.53,20.44,14.1,29.3,88,1010,0
2012.52,2560,1.53,21.83,14.9,29.3,88,1020,0
2012.71,2560,1.53,23.11,15.7,28.5,88,1030,0
2012.9,2560,1.53,22.53,15.3,27.8,88,1040,0
2013.11,2600,1.79,23.39,15.3,27.8,88,1050,0
2013.31,2600,1.79,25.61,16.1,27.8,89,1050,0
2013.51,2600,1.79,27.61,17.3,27,89,1070,0
2013.71,2600,1.79,27.83,17.6,26.3,89,1080,0
2013.92,2600,2.04,29,18,25.5,89,1090,0
2014.14,2640,2.04,28.89,18.4,24.8,90,1100,0
2014.32,2640,2.04,29.61,18.8,24.8,90,1100,0
2014.51,2640,2.04,29.42,19.2,24.8,90,1110,0
2014.71,2640,2.04,30.94,19.2,24.8,90,1110,0
2014.92,2640,2.04,30.94,19.2,24.8,91,1110,0
2015.13,2680,2.04,30.56,19.6,24.8,91,1110,0
2015.32,2680,2.04,30.5,19.6,24.8,91,1110,0
2015.52,2680,2.04,30.19,19.6,24.8,92,1110,0
2015.73,2680,1.79,26.64,18,24.8,92,1110,0
2015.92,2680,1.53,21.83,16.1,26.3,92,1110,0
2016.12,2680,1.28,18.94,13.7,29.3,92,1090,0
2016.33,2680,1.28,18.97,13.3,30.8,93,1070,0
2016.51,2680,1.28,16.56,12.9,30.8,93,1050,0
2016.71,2680,1.02,16.25,12.2,32.3,93,1040,0
2016.9,2680,0.77,9.25,11,33,93,1040,0
2017.09,2680,0.77,9.17,6.7,37.5,93,980,0
2017.29,2720,0.51,4.11,7.1,19.5,93,1000,0
2017.48,2680,0.51,8.06,7.1,5.3,93,980,0
2017.67,2680,0.51,7.75,7.5,4.5,93,970,0
2017.87,2640,0.51,8.69,7.5,0.8,92,960,0
2018.06,2640,0,8.75,7.5,-2.3,92,950,0
2018.25,2640,0,9.17,7.8,6,92,950,0
2018.45,2640,0,9.14,7.8,-5.3,91,950,0
2018.64,2640,0,9.42,7.8,-5.3,91,950,0
2018.84,2600,0,8.78,7.8,-5.3,91,950,0
2019.03,2600,0,8.75,7.5,-5.3,90,940,0
2019.22,2560,0,8.89,7.5,-5.3,90,940,0
2019.42,2520,0,8.78,7.5,-5.3,89,940,0
2019.61,2480,0,8.67,7.5,-4.5,88,940,0
2019.79,2440,0,8.56,7.5,-4.5,87,940,0
2020,2360,0,8.5,7.5,-5.3,85,940,0
2020.18,2320,0,7.89,7.1,-5.3,84,940,0
2020.37,2240,0,7.47,6.7,-5.3,82,940,0
2020.57,2200,0,7.5,6.7,-5.3,80,940,0
2020.76,2120,0,7.25,6.3,-5.3,78,940,0
2020.97,2040,0,6.72,5.9,-5.3,75,940,0
2021.15,2000,0,6.44,5.9,-5.3,73,940,0
2021.34,1920,0,6.14,5.5,-5.3,71,940,0
2021.54,1840,0,5.92,5.5,-6,69,940,0
2021.73,1800,0,5.72,5.1,-6.8,66,930,0
2021.92,1720,0,5.36,5.1,-7.5,64,930,0
2022.12,1640,0,5.17,4.7,-7.5,62,930,0
2022.31,1600,0,4.97,4.7,-7.5,60,930,0
2022.5,1520,0,4.75,4.7,-6.8,57,930,0
2022.7,1480,0,4.56,4.3,-6.8,55,930,0
2022.89,1400,0,4.31,4.3,-6.8,53,930,0
2023.09,1360,0,4.19,4.3,-6.8,51,920,0
2023.28,1280,0,4.17,3.9,-7.5,48,920,0
2023.46,1240,0,3.97,3.9,-8.3,46,920,0
2023.68,1160,0.51,3.56,3.5,-8.3,44,920,0
2023.87,1120,0.77,3.78,3.5,-6,42,920,0
2024.06,1080,0.77,4.31,4.3,-2.3,41,910,0
2024.26,1000,1.02,4.33,4.3,-3,39,910,0
2024.45,920,1.02,4.39,4.3,-3,37,910,0
2024.64,880,1.02,4.31,4.3,-4.5,36,910,0
2024.84,840,1.02,4.19,3.9,-3.8,34,910,0
2025.03,840,1.02,4.08,3.9,-2.3,32,910,0
2025.23,800,1.02,3.81,3.9,-1.5,31,910,0
2025.42,800,1.02,3.94,3.9,1.5,30,900,0
2025.6,840,1.02,3.64,3.9,2.3,28,900,0
2025.81,840,1.02,4.19,3.9,3.8,27,900,0
2026.01,840,1.02,4.31,4.3,5.3,26,900,0
2026.2,880,1.02,4.22,4.3,0.8,24,900,0
2026.42,840,1.02,3.94,4.3,-0.8,23,900,0
2026.6,840,1.02,4,3.9,-0.8,22,900,0
2026.81,840,1.02,3.92,3.9,0.8,20,900,0
2027.01,800,1.02,3.86,3.9,3,18,900,0
2027.22,800,1.02,3.86,3.9,3.8,16,900,0
2027.42,800,1.28,3.78,3.5,4.5,14,900,0
2027.61,800,1.28,3.89,3.9,5.3,12,900,0
2027.79,800,1.28,3.89,3.9,7.5,11,900,0
2027.99,800,1.28,3.89,3.9,10.5,9,900,0
2028.18,800,1.28,4,3.9,9.8,8,900,0
2028.39,800,1.28,4.03,3.9,5.3,7,900,0
2028.57,800,1.28,4.11,3.9,3,6,900,0
2028.76,800,1.28,4.06,3.9,3,5,900,0
2028.96,800,1.28,4.17,3.9,3,4,900,0
2029.15,800,1.28,4.03,3.9,3,3,900,0
2029.34,800,1.28,4.03,3.9,5.3,2,900,0
2029.55,800,1.28,4.03,3.9,4.5,1,900,0
2029.73,800,1.28,3.92,3.9,3,1,900,0
2029.92,800,1.28,3.72,3.9,5.3,0,900,0
2030.12,800,1.02,4,3.9,6.8,0,900,0
2030.31,800,1.02,3.97,3.9,6,0,900,0
2030.51,800,1.02,4,3.9,6,0,900,0
2030.7,800,1.02,4,3.9,5.3,0,900,0
2030.88,800,1.02,3.92,3.9,3.8,0,900,0
2031.09,800,1.02,3.97,3.9,5.3,0,900,0
2031.28,840,1.02,3.81,3.9,3,0,900,0
2031.46,840,1.02,3.72,3.9,4.5,0,900,0
2031.68,840,1.02,3.83,3.9,6,0,900,0
2031.87,840,1.28,4.19,3.9,5.3,0,900,0
2032.06,840,1.28,4.17,3.9,3,0,900,0
2032.27,840,1.02,4.11,3.9,3,0,900,0
2032.45,840,1.02,4.14,3.9,3,0,900,0
2032.65,840,1.28,4.31,3.9,3.8,0,900,0
2032.84,840,1.28,4.22,3.9,2.3,0,900,0
2033.02,840,1.28,4,3.9,0.8,0,900,0
2033.24,840,1.02,3.89,3.9,1.5,0,900,0
2033.43,800,1.28,4.08,3.9,3.8,0,900,0
2033.62,800,1.28,3.86,3.9,3.8,0,900,0
2033.83,840,1.02,4.06,3.9,3,0,900,0
2034.01,840,1.02,3.69,3.9,5.3,0,900,0
2034.2,800,1.28,4.08,3.9,6,0,900,0
2034.4,800,1.02,3.89,3.9,5.3,0,900,0
2034.59,800,1.02,4.14,3.9,6,0,900,0
2034.79,840,1.28,4.11,3.9,4.5,0,900,0
2034.98,800,1.28,4.06,3.9,2.3,0,900,0
2035.17,800,1.02,3.94,3.9,3,0,900,0
2035.37,840,1.02,4.08,3.9,4.5,0,900,0
2035.56,840,1.28,4.28,3.9,3,0,900,0
2035.76,800,1.28,4.06,3.9,2.3,0,900,0
2035.97,800,1.02,4.08,3.9,3.8,0,900,0
2036.15,800,1.02,4.03,3.9,3.8,0,900,0
2036.34,800,1.28,3.97,3.9,4.5,0,900,0
2036.55,800,1.28,3.94,3.9,4.5,0,900,0
2036.73,800,1.02,4.03,3.9,6,0,900,0
2036.94,800,1.02,3.97,3.9,6,0,900,0
2037.15,840,1.28,4.03,3.9,4.5,0,900,0
2037.34,800,1.28,4.03,3.9,5.3,0,900,0
2037.54,800,1.02,4.08,3.9,5.3,0,900,0
2037.73,800,1.02,3.94,3.9,3.8,0,900,0
2037.92,840,1.28,4.03,3.9,5.3,0,900,0
2038.12,800,1.28,3.89,3.9,3.8,0,900,0
2038.31,800,1.02,3.97,3.9,3,0,900,0
2038.51,800,1.02,4.08,3.9,4.5,0,900,0
2038.69,840,1.28,3.97,3.9,3,0,900,0
2038.89,800,1.28,4.06,3.9,4.5,0,900,0
2039.09,840,1.02,4.08,3.9,5.3,0,900,0
2039.28,840,1.02,4.22,4.3,5.3,0,900,0
2039.46,800,1.28,3.83,3.9,3,0,900,0
2039.67,840,1.28,4.25,4.3,5.3,0,900,0
2039.86,840,1.28,4.33,4.3,2.3,0,900,0
2040.05,840,1.28,4.25,4.3,1.5,0,900,0
2040.25,840,1.28,4.22,4.3,1.5,0,900,0
2040.43,800,1.28,4.19,3.9,2.3,0,900,0
2040.64,800,1.28,4.17,3.9,3,0,900,0
2040.83,800,1.02,4.08,3.9,3,0,900,0
2041.01,800,1.02,4,3.9,3,0,900,0
2041.21,800,1.28,4.17,3.9,6,0,900,0
2041.4,800,1.28,4,3.9,3.8,0,900,0
2041.59,800,1.28,4.08,3.9,4.5,0,900,0
2041.79,800,1.28,4.11,3.9,4.5,0,900,0
2041.98,800,1.28,4.03,3.9,4.5,0,900,0
2042.16,800,1.28,3.94,3.9,4.5,0,900,0
2042.39,800,1.28,4.03,3.9,5.3,0,900,0
2042.57,800,1.02,4.03,3.9,4.5,0,900,0
2042.8,800,1.28,4.06,3.9,4.5,0,900,0
2042.98,800,1.28,4,3.9,3.8,0,900,0
2043.17,800,1.02,4.11,3.9,4.5,0,900,0
2043.38,800,1.02,4.14,3.9,5.3,0,900,0
2043.57,800,1.28,3.97,3.9,4.5,0,900,0
2043.76,800,1.28,4,3.9,3.8,0,900,0
2043.97,800,1.28,4.19,3.9,4.5,0,900,0
2044.15,800,1.02,4,3.9,3,0,900,0
2044.36,800,1.28,4.28,4.3,3.8,0,900,0
2044.54,800,1.28,4.22,3.9,3.8,0,900,0
2044.74,800,1.28,4.25,4.3,3,0,900,0
2044.96,800,1.02,3.94,3.9,2.3,0,900,0
2045.15,800,1.28,4.28,3.9,4.5,0,900,0
2045.34,840,1.28,4.14,3.9,3,0,900,0
2045.54,800,1.28,4.14,3.9,3,0,900,0
2045.73,800,1.02,3.97,3.9,3,0,900,0
2045.94,800,1.28,4.08,3.9,4.5,0,900,0
2046.14,800,1.28,4.22,3.9,3.8,0,900,0
2046.34,800,1.28,4.14,3.9,3.8,0,900,0
2046.55,800,1.28,4.06,3.9,5.3,0,900,0
2046.73,800,1.28,4.17,3.9,4.5,0,900,0
2046.92,800,1.28,4.11,3.9,3.8,0,900,0
2047.12,800,1.28,4.19,3.9,6,0,900,0
2047.31,800,1.28,4.19,3.9,6,0,900,0
2047.55,800,1.28,4.36,3.9,5.3,0,900,0
2047.73,800,1.28,4.14,4.3,2.3,0,900,0
2047.92,800,1.28,4.28,4.3,3.8,0,900,0
2048.12,800,1.02,3.94,3.9,4.5,0,900,0
2048.31,840,1.28,4.14,3.9,4.5,0,900,0
2048.5,840,1.28,3.89,3.9,4.5,0,900,0
2048.7,800,1.02,4.17,3.9,5.3,0,900,0
2048.89,800,1.02,4.08,3.9,4.5,0,900,0
2049.09,800,1.28,4.19,3.9,4.5,0,900,0
2049.27,800,1.28,4.19,3.9,4.5,0,900,0
2049.46,800,1.28,4.22,4.3,3,0,900,0
2049.66,800,1.02,3.89,4.3,4.5,0,900,0
2049.85,800,1.28,4.31,4.3,6.8,0,900,0
2050.04,800,1.28,4.17,3.9,3.8,0,900,0
2050.24,800,1.28,4.28,3.9,3,0,900,0
2050.43,800,1.28,4.25,3.9,3.8,0,900,0
2050.62,800,1.28,4.31,3.9,3.8,0,900,0
2050.82,800,1.28,4.19,3.9,3,0,900,0
2051.01,800,1.28,4.03,3.9,3.8,0,900,0
2051.21,800,1.02,4.14,3.9,4.5,0,900,0
2051.4,800,1.02,4,3.9,5.3,0,900,0
2051.59,800,1.28,4.22,3.9,6.8,0,900,0
2051.8,800,1.28,4.08,3.9,4.5,0,900,0
2051.98,800,1.28,4.17,3.9,4.5,0,900,0
2052.17,800,1.28,4.03,3.9,6.8,0,900,0
2052.37,800,1.28,4.19,4.3,6,0,900,0
2052.56,800,1.28,4.31,4.3,4.5,0,900,0
2052.74,800,1.28,4.19,4.3,4.5,0,900,0
2052.95,800,1.02,4.31,4.3,3.8,0,900,0
2053.14,800,1.28,4.17,4.3,3.8,0,900,0
2053.34,840,1.28,4.25,4.3,4.5,0,900,0
2053.53,800,1.28,4.22,4.3,3,0,900,0
2053.71,800,1.28,4.39,4.3,4.5,0,900,0
2053.92,840,1.28,4.36,4.3,3.8,0,900,0
2054.11,800,1.28,4.22,4.3,3,0,900,0
2054.31,800,1.28,4.25,4.3,3.8,0,900,0
2054.5,800,1.28,4.22,4.3,3,0,900,0
2054.7,800,1.28,4.11,4.3,3.8,0,900,0
2054.89,800,1.28,4.08,3.9,5.3,0,900,0
2055.09,800,1.28,4.39,4.3,6,0,900,0
2055.28,800,1.28,4.25,3.9,3.8,0,900,0
2055.48,800,1.28,4.22,3.9,4.5,0,900,0
2055.67,840,1.28,4.22,3.9,3,0,900,0
2055.86,800,1.28,4.25,3.9,3.8,0,900,0
2056.07,800,1.02,4.17,4.3,5.3,0,900,0
2056.26,800,1.28,4.28,3.9,4.5,0,900,0
2056.45,800,1.28,4.25,4.3,3.8,0,900,0
2056.65,840,1.28,4.31,3.9,3,0,900,0
2056.84,800,1.28,4.28,4.3,3.8,0,900,0
2057.02,800,1.28,4.31,4.3,5.3,0,900,0
2057.24,840,1.28,4.14,4.3,4.5,0,900,0
2057.43,800,1.28,4.14,4.3,4.5,0,900,0
2057.64,800,1.28,4.25,4.3,5.3,0,900,0
2057.82,800,1.02,4.06,4.3,4.5,0,900,0
2058.01,800,1.28,4.36,4.3,5.3,0,900,0
2058.23,800,1.28,4.31,4.3,4.5,0,900,0
2058.41,800,1.28,4.39,4.3,3.8,0,900,0
2058.62,800,1.28,4.31,4.3,4.5,0,900,0
2058.81,800,1.28,4.25,4.3,4.5,0,900,0
2059,800,1.28,4.17,4.3,4.5,0,900,0
2059.2,800,1.28,4.08,4.3,4.5,0,900,0
2059.38,800,1.02,4.25,4.3,5.3,0,900,0
2059.57,800,1.28,4.31,4.3,5.3,0,900,0
2059.78,840,1.28,4.47,4.3,4.5,0,900,0
2059.96,840,1.02,4.06,4.3,3,0,900,0
2060.15,840,1.28,4.31,4.3,3.8,0,900,0
2060.36,840,1.28,4.36,4.3,5.3,0,900,0
2060.55,840,1.28,4.33,4.3,4.5,0,900,0
2060.75,840,1.28,4.25,4.3,3,0,900,0
2060.93,840,1.28,4.19,4.3,3,0,900,0
2061.12,840,1.28,4.42,4.3,3,0,900,0
2061.33,840,1.28,4.08,4.3,2.3,0,900,0
2061.51,840,1.28,4.39,4.3,3.8,0,900,0
2061.7,840,1.02,4.19,4.3,3,0,900,0
2061.9,840,1.28,4.31,4.3,4.5,0,900,0
2062.09,840,1.28,4.36,4.3,3,0,900,0
2062.28,840,1.28,4.28,4.3,2.3,0,900,0
2062.49,840,1.28,4.33,4.3,3.8,0,900,0
2062.68,840,1.28,4.19,4.3,3,0,900,0
2062.9,840,1.28,4.28,4.3,3.8,0,900,0
2063.09,840,1.28,4.36,4.3,3.8,0,900,0
2063.28,840,1.28,4.28,4.3,3,0,900,0
2063.49,840,1.28,4.17,4.3,3,0,900,0
2063.68,840,1.28,4.31,4.3,3.8,0,900,0
2063.89,840,1.28,4.33,4.3,3,0,900,0
2064.08,840,1.28,4.44,4.3,3,0,900,0
2064.26,840,1.28,4.17,4.3,3,0,900,0
2064.46,800,1.28,4.08,4.3,4.5,0,900,0
2064.65,800,1.28,4.19,3.9,3.8,0,900,0
2064.84,800,1.02,4.14,3.9,4.5,0,900,0
2065.05,800,1.28,4.22,3.9,5.3,0,900,0
2065.25,800,1.28,4.31,3.9,4.5,0,900,0
2065.45,800,1.28,4.42,3.9,3.8,0,900,0
2065.64,800,1.28,4.31,4.3,3,0,900,0
2065.82,800,1.28,4.11,4.3,3,0,900,0
2066.03,800,1.28,4.22,4.3,4.5,0,900,0
2066.21,840,1.28,4.14,3.9,3.8,0,900,0
2066.41,800,1.28,4.17,3.9,3.8,0,900,0
2066.62,800,1.28,4.11,3.9,5.3,0,900,0
2066.81,840,1.28,4.25,3.9,4.5,0,900,0
2067.01,840,1.28,4.08,3.9,6,0,900,0
2067.2,840,1.28,4.44,3.9,6,0,900,0
2067.39,800,1.28,4.31,4.3,4.5,0,900,0
2067.61,800,1.28,4.28,4.3,4.5,0,900,0
2067.8,840,1.28,4.31,4.3,3,0,900,0
2067.98,840,1.28,4.31,4.3,3,0,900,0
2068.18,800,1.28,4.31,4.3,3,0,900,0
2068.38,840,1.28,4.33,4.3,3.8,0,900,0
2068.58,840,1.28,4.25,4.3,4.5,0,900,0
2068.78,840,1.28,4.19,4.3,3,0,900,0
2068.97,800,1.28,4.31,4.3,4.5,0,900,0
2069.16,800,1.28,4.33,4.3,5.3,0,900,0
2069.35,840,1.28,3.94,4.3,4.5,0,900,0
2069.55,840,1.28,4.22,3.9,3.8,0,900,0
2069.75,800,1.02,4.22,4.3,4.5,0,900,0
2069.93,840,1.28,4.36,4.3,5.3,0,900,0
2070.14,840,1.28,4.28,4.3,4.5,0,900,0
2070.32,840,1.28,4.17,4.3,3.8,0,900,0
2070.51,840,1.02,4.22,4.3,3.8,0,900,0
2070.71,800,1.28,4.31,4.3,4.5,0,900,0
2070.9,840,1.28,4.14,3.9,4.5,0,900,0
2071.11,840,1.28,4.31,3.9,4.5,0,900,0
2071.31,840,1.28,4.33,3.9,3,0,900,0
2071.5,840,1.28,4.39,4.3,3,0,900,0
2071.68,840,1.28,4.25,4.3,3,0,900,0
2071.88,840,1.28,4.42,3.9,3,0,900,0
2072.08,840,1.28,4.31,3.9,3,0,900,0
2072.27,800,1.28,4.25,3.9,3.8,0,900,0
2072.46,800,1.28,4.31,4.3,4.5,0,900,0
2072.65,800,1.28,4.33,3.9,3,0,900,0
2072.85,800,1.28,4.11,3.9,3,0,900,0
2073.06,800,1.02,4.03,3.9,5.3,0,900,0
2073.25,800,1.28,4.22,3.9,6,0,900,0
2073.45,800,1.28,4.19,3.9,4.5,0,900,0
2073.64,800,1.02,4.08,3.9,5.3,0,900,0
2073.82,800,1.28,4.25,3.9,5.3,0,900,0
2074.03,800,1.28,4.28,3.9,6,0,900,0
2074.21,800,1.28,4.19,3.9,4.5,0,900,0
2074.42,800,1.28,4.31,3.9,4.5,0,900,0
2074.61,800,1.28,4.19,3.9,4.5,0,900,0
2074.81,800,1.28,4.31,3.9,4.5,0,900,0
2075.01,800,1.28,4.39,3.9,3.8,0,900,0
2075.2,840,1.28,4.22,3.9,3,0,900,0
2075.39,800,1.28,4.22,3.9,3,0,900,0
2075.62,800,1.28,4.19,3.9,3.8,0,900,0
2075.81,800,1.28,4.11,3.9,5.3,0,900,0
2076.01,800,1.02,4,3.9,5.3,0,900,0
2076.2,840,1.02,4.14,3.9,6.8,0,900,0
2076.39,800,1.28,4.22,3.9,6,0,900,0
2076.61,840,1.28,4.19,3.9,3.8,0,900,0
2076.79,840,1.28,4.11,3.9,4.5,0,900,0
2077,800,1.02,4.11,3.9,4.5,0,900,0
2077.2,800,1.28,4.17,3.9,5.3,0,900,0
2077.39,840,1.28,4.31,3.9,4.5,0,900,0
2077.59,800,1.28,3.94,3.9,3,0,900,0
2077.78,840,1.02,4.22,3.9,5.3,0,900,0
2077.96,840,1.28,4.11,3.9,4.5,0,900,0
2078.17,840,1.28,4.22,3.9,4.5,0,900,0
2078.36,840,1.28,4.08,3.9,3.8,0,900,0
2078.54,840,1.28,4.33,3.9,3,0,900,0
2078.75,800,1.28,4.19,3.9,3.8,0,900,0
2078.93,800,1.28,4.17,3.9,3.8,0,900,0
2079.12,800,1.28,4.22,3.9,3,0,900,0
2079.34,840,1.02,3.92,3.9,3.8,0,900,0
2079.53,840,1.28,4.08,3.9,4.5,0,900,0
2079.73,800,1.28,4.22,3.9,5.3,0,900,0
2079.92,840,1.28,4.14,3.9,4.5,0,900,0
2080.11,840,1.28,4.28,3.9,3.8,0,900,0
2080.31,800,1.02,3.92,3.9,3.8,0,900,0
2080.49,800,1.28,4.14,3.9,6.8,0,900,0
2080.68,800,1.28,4.08,3.9,5.3,0,900,0
2080.88,800,1.28,4.22,3.9,5.3,0,900,0
2081.07,800,1.28,4.17,3.9,4.5,0,900,0
2081.26,800,1.28,4.11,3.9,4.5,0,900,0
2081.46,800,1.28,4.06,3.9,4.5,0,900,0
2081.65,840,1.28,4.14,3.9,4.5,0,900,0
2081.85,800,1.28,4.28,3.9,3,0,900,0
2082.04,800,1.28,4.06,3.9,3,0,900,0
2082.23,800,1.28,4,3.9,6,0,900,0
2082.43,840,1.02,4.14,3.9,4.5,0,900,0
2082.62,800,1.02,3.94,3.9,4.5,0,900,0
2082.81,800,1.28,4.06,3.9,6,0,900,0
2083.01,800,1.28,3.89,3.9,4.5,0,900,0
2083.2,800,1.28,3.97,3.9,5.3,0,900,0
2083.38,800,1.02,4.06,3.9,4.5,0,900,0
2083.59,800,1.28,4.17,3.9,4.5,0,900,0
2083.78,800,1.28,4.25,3.9,5.3,0,900,0
2084,840,1.02,4,3.9,3.8,0,900,0
2084.18,800,1.28,4.14,3.9,3,0,900,0
2084.38,800,1.28,4.17,3.9,4.5,0,900,0
2084.59,800,1.28,4.22,3.9,3.8,0,900,0
2084.78,840,1.28,4.22,4.3,2.3,0,900,0
2084.96,840,1.28,4.28,4.3,0,0,900,0
2085.17,840,1.28,4.39,4.3,0,0,900,0
2085.35,840,1.28,4.28,4.3,0,0,900,0
2085.56,840,1.28,4.25,3.9,-0.8,0,900,0
2085.74,840,1.28,4.19,3.9,-0.8,0,900,0
2085.94,840,1.28,4.28,3.9,0,0,900,0
2086.15,840,1.28,4.39,3.9,0,0,900,0
2086.34,840,1.28,4.31,4.3,0,0,900,0
2086.53,840,1.28,4.28,3.9,-0.8,0,900,0
2086.73,840,1.28,4.36,4.3,-0.8,0,900,0
2086.92,840,1.28,4.14,3.9,0,0,900,0
2087.1,840,1.28,4.19,4.3,0,0,900,0
2087.31,840,1.28,4.17,3.9,-0.8,0,900,0
2087.51,840,1.28,4.44,3.9,-0.8,0,900,0
2087.72,800,1.28,4.19,3.9,-1.5,0,900,0
2087.9,800,1.28,4.11,3.9,0,0,900,0
2088.09,840,1.28,4.31,3.9,0,0,900,0
2088.29,800,1.28,4.14,3.9,0.8,0,900,0
2088.48,840,1.28,4.11,3.9,2.3,0,900,0
2088.67,840,1.28,4.22,3.9,1.5,0,900,0
2088.87,840,1.28,4.28,3.9,0,0,900,0
2089.07,800,1.28,4.03,3.9,-0.8,0,900,0
2089.28,800,1.28,4.22,3.9,0,0,900,0
2089.46,840,1.53,4.11,3.9,0,0,900,0
2089.66,880,2.04,6.67,6.7,6,0,900,0
2089.89,1240,2.29,11.5,9.8,13.5,0,890,0
2090.07,1600,2.29,15.17,11.8,16.5,0,890,0
2090.26,1800,2.29,17.83,14.5,23.3,0,900,0
2090.48,1840,2.29,19.03,16.1,27.8,0,920,0
2090.66,1720,2.29,18.83,16.9,27,0,940,0
2090.86,1640,2.55,19.83,17.3,22.5,1,960,0
2091.06,1600,2.81,20.56,18.4,18,3,980,0
2091.25,1600,2.55,21.72,19.2,16.5,4,990,0
2091.44,1640,2.55,21.75,19.2,15.8,6,1010,0
2091.64,1640,2.81,22.44,19.2,15.8,7,1020,0
2091.82,1600,2.81,22.08,18.8,12.8,9,1040,0
2092.03,1600,2.55,21.69,18.8,12,11,1050,0
2092.22,1840,2.55,23.58,18,8.3,12,1060,0
2092.4,1880,2.55,24.39,18.4,16.5,14,1060,0
2092.61,2080,2.29,25.39,18,21,15,1070,0
2092.8,2240,2.04,26.03,18.4,24.8,17,1080,0
2092.99,2360,2.04,26.78,18.8,24,18,1080,0
2093.2,2520,2.04,26.53,18,24,19,1090,0
2093.39,2640,2.04,27.56,18,24,21,1090,0
2093.59,2760,1.79,28.19,18.4,25.5,22,1090,0
2093.78,2880,1.79,29.31,18.4,25.5,23,1090,0
2093.96,2960,1.79,30.08,18.4,25.5,24,1100,0
2094.17,3040,1.02,12.06,18.8,26.3,25,1120,0
2094.36,2920,0.51,8.81,10.2,36.8,26,1050,0
2094.55,2680,0.51,8.25,8.2,1.5,27,1010,0
2094.76,2440,0.51,8.5,8.2,-5.3,27,990,0
2094.97,2240,0.77,8.03,7.5,-5.3,27,960,0
2095.2,2160,0.51,7.39,7.5,-1.5,27,950,0
2095.39,1920,0.77,8.14,7.1,16.5,27,940,0
2095.59,1880,1.28,12.42,9,15.8,26,920,0
2095.79,1880,1.79,17.61,12.5,14.3,26,920,0
2095.98,1880,1.53,17.69,13.3,18,26,940,0
2096.2,1920,1.79,19.94,13.7,23.3,27,950,0
2096.38,1960,2.04,21.33,16.5,25.5,27,960,0
2096.58,2000,1.79,21.25,16.5,27,27,980,0
2096.78,2000,1.79,21.58,16.5,27.8,28,1000,0
2096.97,2080,1.79,22.19,16.5,29.3,28,1010,0
2097.16,2120,1.79,21.89,16.1,29.3,29,1020,0
2097.36,2160,2.04,23.86,16.5,29.3,29,1030,0
2097.55,2200,2.04,23.83,16.9,29.3,30,1040,0
2097.75,2240,1.79,24.75,17.3,28.5,30,1040,0
2097.94,2280,2.04,25.75,17.3,28.5,31,1050,0
2098.12,2320,2.04,25.92,17.6,26.3,32,1060,0
2098.33,2400,2.04,26.5,18.4,25.5,32,1070,0
2098.51,2440,2.04,27.83,18.4,24,33,1080,0
2098.7,2480,2.04,28.81,18.8,23.3,34,1080,0
2098.9,2520,2.04,29.14,19.2,23.3,34,1090,0
2099.09,2600,2.04,29.5,19.2,23.3,35,1090,0
2099.28,2640,2.04,29.61,19.6,23.3,36,1100,0
2099.48,2680,2.04,30.86,19.6,23.3,37,1100,0
2099.67,2720,2.04,31.03,19.6,23.3,37,1100,0
2099.87,2800,2.04,31.64,20,23.3,38,1100,0
2100.06,2840,2.04,31.44,20,24.8,39,1110,0
2100.25,2880,2.04,31.78,19.6,24.8,39,1110,0
2100.46,2960,2.04,33.19,20,24.8,40,1110,0
2100.65,3000,2.04,33.44,20,24.8,41,1110,0
2100.84,3040,2.29,40.11,20.4,25.5,42,1090,0
2101.05,3160,2.81,54.25,28.6,24,42,1090,0
2101.22,3240,2.81,60.75,40,21.8,44,1170,0
2101.42,3360,3.31,71,75.7,20.3,45,1280,0
2101.62,3480,3.83,81.64,99.6,16.5,46,1440,0
2101.81,3640,4.34,93.83,99.6,12,48,1580,0
2102.02,3840,5.1,96.83,99.6,11.3,50,1710,0
2102.21,4000,5.61,108.86,98.8,8.3,52,1770,0
2102.4,4160,5.87,117.06,99.6,10.5,54,1810,0
2102.62,4400,5.87,125.58,99.6,7.5,57,1870,0
2102.82,4560,5.87,129.92,99.6,9,59,1880,0
2103.02,4720,5.87,133.67,98.4,6.8,62,1910,0
2103.21,4880,6.12,135.53,97.6,3,64,1900,0
2103.41,5040,5.87,138.22,97.3,5.3,67,1890,0
2103.6,5200,5.87,141.5,98.4,6,69,1850,0
2103.8,5360,5.61,143.14,98.8,4.5,71,1810,0
2103.98,5480,5.61,147.14,99.6,7.5,73,1760,0
2104.19,5640,5.36,147.56,99.6,6.8,75,1730,0
2104.37,5760,4.84,147.08,99.6,9,77,1690,0
2104.56,5920,4.59,149.47,99.6,10.5,79,1650,0
2104.76,5880,0,68.72,99.6,3.8,81,1670,0
2104.95,5520,0,2.36,9,9,82,1410,0
2105.13,5160,0,13.33,11.8,9.8,83,1180,0
2105.35,4760,0.51,17.33,12.9,6,83,1070,0
2105.54,4480,1.53,36.28,12.9,24,83,1000,0
2105.76,4400,2.29,75.36,32.9,24.8,83,990,0
2105.94,4200,3.06,96,58.8,22.5,84,1240,0
2106.14,4280,4.34,121.08,99.6,17.3,84,1520,0
2106.34,4360,5.61,124.36,99.6,9.8,85,1770,0
2106.53,4440,5.87,128.53,98,7.5,87,1870,0
2106.71,4520,6.12,130.03,98,6.8,88,1920,0
2106.93,4600,6.12,131.78,97.3,6,90,1930,0
2107.12,4680,6.12,134.97,97.3,6,92,1930,0
2107.33,4760,6.12,136.92,96.5,7.5,93,1930,0
2107.53,4880,5.87,139.86,96.5,7.5,95,1920,0
2107.71,4920,6.12,138.53,97.3,7.5,96,1910,0
2107.93,5000,6.12,140.5,96.9,7.5,98,1890,0
2108.12,5080,5.87,143.33,97.3,9.8,100,1870,0
2108.3,5160,5.87,143.69,98,10.5,101,1850,0
2108.51,5240,5.87,144.14,98.4,9,103,1840,0
2108.7,5320,5.87,145.58,99.2,12,104,1810,0
2108.89,5400,5.61,147.17,98.8,8.3,106,1800,0
2109.09,5400,5.36,99.53,99.2,10.5,107,1760,0
2109.27,5160,0,4.5,25.5,4.5,108,1580,0
2109.48,4800,0,8.56,9,4.5,109,1240,0
2109.67,4480,0,12.58,11.8,1.5,108,1100,0
2109.85,4160,0,14.5,11.8,0,108,1040,0
2110.06,3840,0,14.97,11.8,-1.5,108,1000,0
2110.24,3920,0,14.08,11.4,-2.3,107,990,0
2110.43,3880,0.51,15.03,11.4,-2.3,107,980,0
2110.63,3840,0.51,15.28,11.8,-3,106,970,0
2110.82,3840,0.51,14.64,11.8,-3,105,970,0
2111.01,3840,0.51,14.33,11.4,0.8,105,960,0
2111.22,3840,2.04,53.75,20.4,17.3,105,890,0
2111.42,3880,2.29,74.17,74.1,12,105,1050,0
2111.62,3920,3.31,95.44,99.6,19.5,105,1360,0
2111.81,3920,4.84,114.58,99.6,11.3,105,1670,0
2111.99,3960,5.61,112.58,97.3,6.8,106,1850,0
2112.2,4000,5.87,117.22,96.1,6,107,1910,0
2112.39,4080,6.12,120.72,97.3,6,108,1960,0
2112.58,4120,6.12,123.42,96.9,6.8,109,1990,0
2112.78,4160,6.12,126.75,96.5,6.8,110,2020,0
2112.97,4200,6.12,126.44,96.9,3,111,2030,0
2113.17,4240,6.12,128.39,96.9,6,112,2020,0
2113.35,4280,5.87,128.25,97.3,5.3,114,2020,0
2113.54,4280,6.88,130.53,97.6,5.3,115,2030,0
2113.75,4240,0,22.44,42.7,-1.5,116,1870,0
2113.94,3920,0,2.08,7.1,-0.8,116,1400,0
2114.13,3640,0,5.67,8.2,-1.5,115,1170,0
2114.34,3320,0,8.72,9.4,-3.8,115,1070,0
2114.53,3040,0,10.44,9.4,-3.8,115,1020,0
2114.73,2760,0,9.81,9,-4.5,114,990,0
2114.92,2680,0,9.08,8.2,-4.5,114,970,0
2115.11,2720,0,9.42,8.2,-4.5,113,960,0
2115.31,2720,0,9.42,8.2,-4.5,113,950,0
2115.49,2680,0,9.83,8.6,-4.5,112,940,0
2115.68,2680,0,9.64,8.6,-4.5,111,940,0
2115.88,2680,0,9.83,8.2,-4.5,111,950,0
2116.07,2640,0,9.61,8.2,-4.5,110,940,0
2116.26,2640,0,9.39,8.2,-4.5,110,940,0
2116.48,2600,0,9.22,7.8,-4.5,109,940,0
2116.67,2600,0,9.08,7.8,-4.5,108,940,0
2116.87,2600,0,9.14,7.8,-4.5,108,940,0
2117.06,2600,0,8.67,7.8,-4.5,107,940,0
2117.25,2560,0,9.25,7.8,-4.5,107,940,0
2117.45,2560,0,8.83,7.8,-4.5,106,940,0
2117.63,2560,0,8.64,7.8,-4.5,106,940,0
2117.83,2520,0,8.67,7.5,-4.5,105,940,0
2118.03,2520,0,9,7.5,-4.5,105,940,0
2118.22,2520,0,8.53,7.5,-4.5,104,940,0
2118.41,2480,0,8.47,7.5,-4.5,104,940,0
2118.61,2480,0,8.67,7.5,-4.5,103,930,0
2118.8,2480,0,8.28,7.5,-5.3,103,930,0
2119,2440,0,8.42,7.5,-5.3,102,930,0
2119.18,2440,0,8.28,7.5,-5.3,102,930,0
2119.37,2440,0,8.28,7.5,-5.3,101,930,0
2119.57,2400,0,8.31,7.5,-5.3,101,930,0
2119.76,2400,0,8.14,7.5,-5.3,100,930,0
2119.95,2400,0,7.22,7.1,-5.3,100,930,0
2120.17,2360,0,8.08,7.1,-5.3,99,930,0
2120.37,2360,0,7.78,7.1,-5.3,98,930,0
2120.56,2360,0,7.42,7.1,-5.3,98,930,0
2120.76,2360,0,7.81,7.1,-5.3,97,930,0
2120.95,2320,0,7.89,7.1,-5.3,97,930,0
2121.16,2320,0,7.78,7.1,-5.3,96,930,0
2121.34,2280,0,7.64,7.1,-5.3,96,930,0
2121.53,2280,0,7.11,6.7,-5.3,95,930,0
2121.74,2280,0,7.33,6.7,-4.5,95,930,0
2121.94,2240,0,7.69,6.7,-4.5,94,930,0
2122.12,2240,0,7.56,6.7,-5.3,94,930,0
2122.34,2240,0,7.33,6.7,-5.3,93,930,0
2122.53,2200,0,7.25,6.7,-5.3,92,930,0
2122.71,2200,0,7.19,6.7,-5.3,92,930,0
2122.92,2160,0,7.75,6.7,-5.3,91,930,0
2123.1,2160,0,7.47,6.7,-5.3,91,930,0
2123.3,2160,0,7.19,6.3,-5.3,90,930,0
2123.5,2120,0,7.19,6.3,-5.3,89,930,0
2123.68,2120,0,7,6.3,-5.3,89,930,0
2123.89,2120,0,6.92,6.3,-4.5,88,930,0
2124.07,2120,0,7,6.3,-5.3,88,930,0
2124.26,2080,0,6.97,6.3,-5.3,87,930,0
2124.47,2080,0.51,6.89,6.3,-5.3,87,930,0
2124.65,2080,0.51,6.47,6.3,0,86,930,0
2124.84,2080,0.77,7.92,6.7,8.3,86,930,0
2125.04,2080,1.02,12.03,7.8,16.5,85,920,0
2125.23,2040,1.28,15.42,11.4,15,85,920,0
2125.43,2040,1.79,19.75,13.7,18.8,85,920,0
2125.62,2040,2.04,23.58,17.3,23.3,85,930,0
2125.81,2040,2.29,25.36,19.6,27,85,960,0
2126.01,2040,2.55,28.75,21.2,26.3,84,990,0
2126.21,2040,2.55,32.22,23.9,21,84,1030,0
2126.4,2040,2.55,33.31,25.9,18,85,1070,0
2126.6,2080,2.55,31.03,26.7,18,85,1100,0
2126.79,2080,2.81,32.92,27.5,18,85,1110,0
2127,2080,2.81,33.86,28.2,18,85,1140,0
2127.2,2080,2.81,35.22,29,15.8,85,1170,0
2127.39,2120,2.81,34.56,29.8,15.8,86,1190,0
2127.59,2120,3.06,36.5,29.4,15.8,86,1220,0
2127.78,2120,3.06,37.25,29,16.5,87,1240,0
2127.96,2120,3.06,36.97,28.6,13.5,87,1260,0
2128.17,2120,3.06,36.39,26.7,14.3,87,1270,0
2128.36,2160,3.06,34.94,25.5,13.5,88,1280,0
2128.57,2160,3.06,29.78,23.1,13.5,88,1230,0
2128.76,2160,2.81,32.06,22.7,15.8,88,1160,0
2128.95,2160,2.81,33.06,24.3,16.5,88,1140,0
2129.15,2160,2.81,33.75,25.1,18.8,89,1130,0
2129.34,2160,2.81,32.94,24.7,18.8,89,1130,0
2129.53,2160,2.55,31.5,24.3,18,89,1120,0
2129.73,2160,2.55,30.58,22.7,19.5,89,1120,0
2129.92,2160,2.55,29.89,22,20.3,89,1120,0
2130.11,2200,2.55,30.25,22.4,21,90,1110,0
2130.31,2200,2.55,32.75,23.5,20.3,90,1110,0
2130.49,2200,2.81,33.81,24.3,19.5,90,1110,0
2130.7,2200,2.81,33.22,24.7,19.5,90,1120,0
2130.89,2200,2.81,34.25,25.5,18.8,90,1120,0
2131.07,2200,2.81,33.89,25.5,18.8,90,1120,0
2131.28,2200,2.81,33.5,25.5,18.8,90,1120,0
2131.49,2200,2.81,33.17,25.9,18.8,91,1120,0
2131.68,2200,2.81,33.61,25.5,18.8,91,1130,0
2131.88,2200,2.55,31.97,23.9,18.8,91,1130,0
2132.08,2200,2.55,31.69,23.5,19.5,91,1130,0
2132.3,2200,2.55,28.64,22,20.3,91,1120,0
2132.49,2200,2.29,28,20.4,22.5,91,1110,0
2132.68,2240,2.29,28.19,19.6,23.3,91,1110,0
2132.89,2240,2.04,26.58,19.2,23.3,92,1110,0
2133.09,2200,2.04,25.03,18,25.5,92,1100,0
2133.27,2200,2.04,23.42,17.3,27,92,1100,0
2133.48,2240,1.79,23.08,16.1,28.5,92,1090,0
2133.67,2200,1.79,22.14,15.3,30,92,1080,0
2133.87,2200,1.79,21.14,14.9,30,92,1070,0
2134.06,2200,1.79,19.17,14.1,30.8,91,1060,0
2134.26,2200,1.53,19.44,13.7,30.8,91,1050,0
2134.47,2200,1.79,22.31,15.7,30.8,91,1040,0
2134.66,2200,2.04,23.28,16.5,30,91,1040,0
2134.84,2200,2.04,24.22,16.5,30,91,1050,0
2135.05,2200,2.04,24.58,16.9,29.3,91,1050,0
2135.23,2200,2.04,24.39,16.9,30,91,1060,0
2135.41,2200,2.04,24.22,16.9,29.3,91,1060,0
2135.62,2200,2.04,24.53,16.9,28.5,91,1070,0
2135.8,2200,2.04,24.25,17.3,28.5,91,1070,0
2136.01,2200,2.04,25.39,17.3,27.8,91,1080,0
2136.2,2200,2.04,24.83,17.6,27.8,91,1080,0
2136.38,2200,2.04,26,17.6,27.8,91,1080,0
2136.58,2200,2.29,26.72,18.4,26.3,91,1080,0
2136.78,2200,2.29,27.56,19.2,24.8,91,1090,0
2136.96,2200,2.29,27,19.2,24,91,1090,0
2137.17,2200,2.29,27.36,19.2,24,91,1100,0
2137.36,2200,2.29,27.5,19.2,24,91,1100,0
2137.55,2200,2.04,26.83,18.8,24,91,1100,0
2137.76,2200,2.29,27.17,18.8,24,91,1100,0
2137.95,2200,2.29,28.11,18.8,24,91,1100,0
2138.15,2200,2.29,27.92,19.2,23.3,91,1100,0
2138.34,2200,2.29,27.94,19.2,24,91,1100,0
2138.53,2200,2.29,27.67,19.2,24,91,1100,0
2138.73,2240,2.29,27.83,19.2,24,91,1100,0
2138.92,2200,2.29,27.72,19.2,23.3,91,1100,0
2139.11,2200,2.29,28.36,19.6,23.3,91,1100,0
2139.31,2240,2.29,28.36,19.2,23.3,91,1100,0
2139.51,2240,2.29,28.03,19.2,23.3,92,1100,0
2139.71,2240,2.29,28.06,19.2,23.3,92,1100,0
2139.9,2240,2.29,28.22,19.2,24,92,1100,0
2140.09,2240,2.29,28.31,19.2,23.3,92,1100,0
2140.29,2240,2.29,26.61,18.8,24,92,1110,0
2140.48,2240,2.29,26.56,18,25.5,92,1100,0
2140.67,2240,2.04,25.64,18,25.5,93,1100,0
2140.87,2240,2.04,24.19,16.9,26.3,93,1100,0
2141.06,2240,2.04,24.53,16.9,27.8,93,1090,0
2141.25,2240,2.04,25.03,16.9,27.8,93,1080,0
2141.48,2240,2.04,24.56,17.6,27,93,1080,0
2141.67,2240,2.04,25.86,17.6,27,93,1080,0
2141.87,2240,2.04,26.67,17.6,27,93,1080,0
2142.05,2240,2.04,26.94,18,25.5,93,1090,0
2142.24,2240,2.29,27.61,18.4,25.5,93,1090,0
2142.45,2240,2.04,27.36,18.4,24.8,93,1090,0
2142.64,2240,2.04,27.75,18.4,24.8,93,1090,0
2142.83,2240,2.29,27.28,18.4,24.8,93,1100,0
2143.04,2240,2.04,26.58,18,25.5,93,1100,0
2143.23,2280,2.04,26.47,18,25.5,93,1100,0
2143.44,2280,2.04,26.75,18,25.5,93,1090,0
2143.62,2240,2.29,27.72,18.4,25.5,93,1090,0
2143.81,2280,2.29,26.75,18.8,25.5,93,1100,0
2144.01,2280,2.29,28.08,19.2,25.5,93,1100,0
2144.19,2280,2.29,27.58,19.2,24.8,93,1100,0
2144.39,2280,2.29,28.92,19.2,24,93,1100,0
2144.59,2280,2.29,28.44,19.6,23.3,93,1100,0
2144.78,2280,2.29,29.11,20,23.3,93,1100,0
2144.96,2280,2.29,29.14,20,23.3,93,1100,0
2145.17,2280,2.29,28.81,20,23.3,94,1110,0
2145.36,2280,2.29,29.36,20,23.3,94,1110,0
2145.56,2280,2.29,28.5,20,23.3,94,1110,0
2145.75,2280,2.29,30.22,20,23.3,94,1110,0
2145.93,2280,2.29,29.19,20,22.5,94,1110,0
2146.14,2280,2.29,29.72,20.4,23.3,94,1110,0
2146.33,2280,2.29,30.17,20.4,23.3,94,1110,0
2146.51,2280,2.29,29.06,20.4,23.3,94,1110,0
2146.72,2280,2.55,30.17,20.4,23.3,94,1110,0
2146.9,2280,2.29,30.19,20.4,22.5,94,1110,0
2147.09,2280,2.29,29.64,20.8,22.5,94,1110,0
2147.29,2280,2.29,30.39,21.2,22.5,94,1110,0
2147.48,2280,2.29,30.53,21.2,21.8,94,1110,0
2147.69,2280,2.55,32.11,21.2,21.8,94,1110,0
2147.87,2280,2.55,32.89,22.4,21,94,1110,0
2148.06,2280,2.55,32.75,22.7,20.3,95,1110,0
2148.27,2280,2.55,33.33,23.1,20.3,95,1120,0
2148.47,2280,2.55,33,23.1,20.3,95,1120,0
2148.65,2320,2.55,30.94,22.7,20.3,95,1130,0
2148.85,2320,2.55,30.25,20.8,21.8,95,1120,0
2149.05,2280,2.29,30.22,20.8,21.8,95,1120,0
2149.23,2320,2.29,29.58,20.4,21.8,95,1110,0
2149.43,2320,2.29,29.31,20.8,21.8,95,1110,0
2149.62,2280,2.29,29.89,20.4,22.5,95,1110,0
2149.82,2280,2.29,29.78,20.4,23.3,95,1110,0
2150.01,2320,2.29,29.19,20.4,22.5,95,1110,0
2150.2,2280,2.29,29.69,20.4,22.5,95,1110,0
2150.4,2280,2.29,27.83,20.4,23.3,95,1110,0
2150.59,2320,2.04,26.17,18.8,24,95,1110,0
2150.78,2280,2.04,25.33,17.6,25.5,95,1110,0
2150.98,2320,2.04,24.31,16.5,26.3,95,1100,0
2151.17,2280,1.79,23.03,16.5,27,95,1090,0
2151.39,2280,1.53,18.69,14.5,28.5,95,1090,0
2151.57,2280,1.28,15.06,12.2,29.3,95,1070,0
2151.76,2280,1.02,10.11,9.8,31.5,95,1050,0
2151.96,2280,0.77,10.69,8.6,30,94,1020,0
2152.15,2280,0.77,10.36,8.6,25.5,94,1000,0
2152.34,2280,1.02,12.53,9,24,94,990,0
2152.55,2240,1.02,11.97,9.8,23.3,94,980,0
2152.73,2240,1.02,13,9.8,23.3,93,970,0
2152.92,2240,1.02,15.17,10.6,22.5,93,970,0
2153.12,2240,1.28,15.25,11.4,21,93,970,0
2153.31,2240,1.28,15.44,11.8,21,92,970,0
2153.52,2240,1.28,17.06,12.2,21,92,970,0
2153.72,2240,1.28,17.75,12.9,21,92,980,0
2153.9,2200,1.53,18.92,13.7,21,92,980,0
2154.1,2200,1.53,21.03,13.7,25.5,92,990,0
2154.3,2200,1.53,22.03,14.9,27.8,92,1000,0
2154.48,2200,1.79,23,16.5,28.5,91,1010,0
2154.69,2200,1.79,24.39,16.5,29.3,91,1030,0
2154.87,2200,2.04,25.94,18,28.5,91,1040,0
2155.06,2200,2.04,27.67,18.4,27.8,91,1060,0
2155.26,2200,2.04,28.06,19.2,25.5,91,1070,0
2155.45,2200,2.29,28.44,19.6,24,91,1090,0
2155.65,2200,2.29,29.58,20,23.3,91,1090,0
2155.84,2200,2.55,30.89,20.8,22.5,91,1100,0
2156.02,2240,2.55,30.97,22,20.3,91,1110,0
2156.23,2240,2.55,31.64,22,21,91,1110,0
2156.42,2240,2.55,31,22.4,20.3,91,1110,0
2156.6,2240,2.55,32.22,22.4,20.3,92,1110,0
2156.81,2240,2.55,31.06,22.4,20.3,92,1120,0
2156.99,2240,2.55,31.75,22.7,20.3,92,1120,0
2157.18,2240,2.55,31.56,22.7,20.3,92,1120,0
2157.39,2240,2.55,31.28,22.4,20.3,92,1120,0
2157.57,2240,2.55,31.67,22.7,20.3,92,1120,0
2157.77,2240,2.55,32.92,22.7,20.3,92,1120,0
2157.96,2240,2.55,32.67,23.1,20.3,92,1120,0
2158.15,2240,2.55,32.97,23.1,20.3,93,1120,0
2158.37,2240,2.55,31.14,23.1,20.3,93,1120,0
2158.56,2280,2.55,30.78,22.4,21,93,1120,0
2158.75,2240,2.55,29.97,22.4,21,93,1120,0
2158.96,2280,2.55,30.08,22.7,21,93,1120,0
2159.17,2280,2.55,30.97,22,21.8,93,1120,0
2159.39,2280,2.55,31.39,21.6,21,93,1110,0
2159.58,2280,2.55,30.92,22,21,94,1110,0
2159.76,2280,2.29,29.97,20.4,21.8,94,1120,0
2159.99,2280,2.29,29.36,20,22.5,94,1110,0
2160.19,2280,2.29,28.86,20,23.3,94,1110,0
2160.38,2280,2.29,29.58,20,23.3,94,1110,0
2160.57,2280,2.29,29.17,20,23.3,94,1110,0
2160.76,2280,2.29,29.31,20,23.3,94,1110,0
2160.97,2280,2.29,29.69,20,23.3,94,1110,0
2161.16,2280,2.29,29.67,20.4,23.3,94,1110,0
2161.35,2320,2.29,28.28,20.4,23.3,95,1110,0
2161.56,2320,2.29,29.31,20.4,23.3,95,1110,0
2161.74,2320,2.29,28.56,20,23.3,95,1110,0
2161.93,2320,2.04,24.81,18.8,23.3,95,1120,0
2162.13,2320,2.04,24.31,16.9,25.5,95,1110,0
2162.32,2320,2.04,24.78,16.9,27,95,1100,0
2162.52,2320,1.79,24.78,16.9,27,95,1090,0
2162.71,2320,1.79,24.86,16.9,27,95,1090,0
2162.9,2320,1.79,22.25,16.5,27,95,1090,0
2163.11,2320,1.53,18.89,13.7,28.5,95,1080,0
2163.3,2280,1.53,17.92,13.7,29.3,95,1060,0
2163.48,2280,1.53,18.36,13.3,30,95,1050,0
2163.69,2280,1.28,15.81,12.5,30,95,1040,0
2163.87,2280,1.28,16,12.2,30.8,95,1030,0
2164.05,2280,1.28,15.25,11.8,30.8,95,1020,0
2164.27,2280,1.02,14.72,11,31.5,94,1010,0
2164.46,2280,1.02,13.33,11,31.5,94,1000,0
2164.67,2280,1.02,12.5,9.8,32.3,94,990,0
2164.86,2240,1.02,12.44,10.2,33,94,990,0
2165.05,2240,1.02,12.78,10.2,33,93,980,0
2165.24,2240,1.02,11.83,9.8,33,93,970,0
2165.43,2240,0.77,12.19,9.8,33.8,93,970,0
2165.62,2240,0.77,11.89,9.8,33.8,93,960,0
2165.82,2240,1.02,12.14,9.8,33.8,93,960,0
2166.01,2240,1.02,12,9.8,33.8,92,960,0
2166.21,2240,1.02,11.72,9.8,33.8,92,960,0
2166.4,2200,1.02,12.14,9.8,33.8,92,950,0
2166.59,2200,1.02,11.86,9.8,33.8,92,950,0
2166.8,2200,1.02,11.97,9.8,33.8,91,950,0
2166.98,2200,1.02,13.06,10.2,33.8,91,950,0
2167.16,2200,1.02,13.56,10.2,33,91,950,0
2167.37,2200,1.02,13.03,10.6,33,90,950,0
2167.56,2160,1.02,13.97,10.6,33,90,950,0
2167.74,2200,1.02,13.72,10.6,33,90,950,0
2167.95,2160,1.02,14.31,11,33,90,960,0
2168.14,2160,1.02,15.53,11.8,32.3,90,960,0
2168.34,2160,1.28,15.28,11.8,32.3,90,960,0
2168.53,2160,1.28,14.58,11.8,32.3,89,970,0
2168.72,2160,1.28,16.69,12.2,32.3,89,970,0
2168.92,2160,1.28,16.92,12.5,31.5,89,970,0
2169.11,2160,1.28,17.22,12.9,31.5,89,980,0
2169.29,2160,1.53,17.97,13.3,31.5,89,990,0
2169.49,2120,1.53,19.14,13.7,30.8,89,990,0
2169.68,2120,1.53,20.08,14.5,30.8,88,1000,0
2169.87,2120,1.79,21.58,15.7,30.8,88,1010,0
2170.07,2160,2.04,23.25,16.5,30,88,1020,0
2170.28,2120,2.04,24.56,17.6,30,88,1030,0
2170.48,2120,2.04,24.22,17.3,28.5,88,1050,0
2170.67,2160,2.04,25.44,17.3,27.8,88,1060,0
2170.85,2160,2.04,24.83,17.3,27.8,88,1070,0
2171.06,2160,2.04,24.03,16.9,27.8,88,1080,0
2171.25,2160,2.04,23.56,16.9,27.8,89,1080,0
2171.43,2160,1.79,22.36,15.7,28.5,89,1080,0
2171.64,2160,1.79,21.5,14.9,30,89,1070,0
2171.82,2160,1.79,21.97,15.3,30,89,1070,0
2172.01,2160,1.79,21.97,15.3,30,89,1060,0
2172.22,2160,2.29,27.75,15.7,30,89,1050,0
2172.4,2160,2.81,34.33,21.2,26.3,89,1050,0
2172.62,2160,2.81,35.58,28.6,19.5,89,1090,0
2172.81,2160,2.55,35.64,29.4,18.8,89,1140,0
2172.99,2200,2.81,37.11,29,18,89,1180,0
2173.2,2200,2.81,36.17,28.6,16.5,90,1210,0
2173.42,2200,3.06,39.17,27.8,16.5,90,1240,0
2173.6,2200,3.06,37.5,27.1,15.8,90,1270,0
2173.81,2200,3.06,37.47,24.7,13.5,90,1280,0
2174,2200,3.06,35.86,24.7,15,90,1260,0
2174.19,2200,3.06,34.17,25.1,15,91,1220,0
2174.38,2200,2.81,33.22,25.9,15,91,1170,0
2174.57,2200,2.81,30.89,25.9,15.8,91,1150,0
2174.8,2200,2.55,29.89,23.1,19.5,91,1130,0
2174.98,2240,2.55,30.58,22.4,19.5,91,1120,0
2175.17,2200,2.55,31.14,22.7,20.3,91,1120,0
2175.37,2200,2.04,12.28,22.7,21,92,1130,0
2175.56,2200,1.53,16.69,13.3,29.3,92,1060,0
2175.74,2200,1.53,17.25,12.9,31.5,91,1030,0
2175.95,2200,1.53,17.58,13.3,31.5,91,1000,0
2176.14,2200,1.53,18.06,13.7,31.5,91,980,0
2176.34,2200,1.53,25.69,14.9,31.5,91,970,0
2176.53,2200,1.79,20.5,14.9,31.5,91,1000,0
2176.71,2200,1.79,20.36,14.5,30.8,91,1010,0
2176.91,2200,1.79,20.36,14.5,30.8,91,1020,0
2177.11,2200,1.53,19.5,14.5,30.8,91,1020,0
2177.29,2200,1.79,19.42,14.1,30.8,91,1020,0
2177.49,2200,1.53,18.61,13.3,30.8,90,1020,0
2177.68,2200,1.53,17.89,13.3,30.8,90,1020,0
2177.87,2160,1.53,17.78,13.3,31.5,90,1020,0
2178.07,2160,1.53,17.61,13.3,31.5,90,1020,0
2178.26,2160,1.53,17.22,12.5,31.5,90,1020,0
2178.47,2160,1.53,19.25,12.9,31.5,90,1010,0
2178.65,2160,1.53,19.42,14.5,30.8,90,1010,0
2178.84,2160,1.79,20.25,14.5,30.8,90,1020,0
2179.05,2160,1.79,20.42,14.9,30.8,89,1020,0
2179.24,2160,1.79,21.25,14.5,30.8,89,1030,0
2179.43,2160,1.79,21.06,14.5,30,89,1030,0
2179.64,2160,1.79,20.64,14.5,30,89,1040,0
2179.82,2160,1.79,20.61,14.9,30,89,1040,0
2180.01,2160,1.79,20.64,14.5,30,89,1040,0
2180.23,2160,1.53,19.86,14.5,30,89,1040,0
2180.42,2160,1.53,16.17,13.3,30.8,89,1040,0
2180.62,2160,1.53,16.86,12.2,31.5,89,1030,0
2180.81,2160,1.53,16.89,12.5,31.5,89,1020,0
2180.99,2160,1.53,16.89,12.5,31.5,89,1020,0
2181.2,2160,1.53,17,12.5,31.5,89,1010,0
2181.38,2160,1.53,17.08,12.9,31.5,88,1010,0
2181.58,2120,1.53,17.5,12.9,31.5,88,1010,0
2181.79,2120,1.53,17.86,13.3,30.8,88,1010,0
2181.98,2120,1.79,19.72,14.1,30.8,88,1010,0
2182.18,2120,1.79,21.44,14.9,30.8,88,1010,0
2182.37,2120,1.79,21.94,16.1,30,88,1020,0
2182.57,2120,1.79,22.31,16.1,30,88,1030,0
2182.78,2120,2.04,23.03,16.5,30,88,1040,0
2182.96,2120,2.04,23.11,16.5,28.5,87,1050,0
2183.15,2120,2.04,23.86,16.9,28.5,87,1060,0
2183.35,2120,2.04,23.61,17.3,27.8,87,1060,0
2183.55,2120,2.04,24.5,17.3,27.8,87,1070,0
2183.75,2120,2.04,25,17.3,27.8,87,1080,0
2183.93,2120,2.04,24.14,17.3,27,87,1080,0
2184.12,2120,2.04,24.11,17.3,27,87,1080,0
2184.33,2120,2.04,24.22,17.3,27,87,1080,0
2184.51,2120,2.29,24.5,17.6,26.3,87,1080,0
2184.7,2120,2.29,24.89,17.6,26.3,87,1080,0
2184.9,2120,2.04,23.75,17.6,26.3,87,1090,0
2185.09,2120,1.79,21.86,16.5,27,87,1090,0
2185.28,2120,1.79,21.22,14.9,30,87,1080,0
2185.5,2120,1.79,20.89,14.9,30,87,1070,0
2185.68,2120,1.79,18.75,14.9,30,87,1070,0
2185.89,2120,1.79,19,13.7,30.8,87,1050,0
2186.07,2120,1.79,18.44,13.3,30.8,87,1050,0
2186.26,2120,1.79,17.72,13.3,30.8,87,1040,0
2186.47,2080,1.53,18.39,13.3,30.8,87,1030,0
2186.65,2080,1.53,18,13.3,30.8,87,1030,0
2186.84,2080,1.79,19.44,13.7,30.8,86,1020,0
2187.04,2080,1.79,19.78,14.1,30.8,86,1020,0
2187.23,2080,1.79,21.5,14.9,30,86,1030,0
2187.43,2080,1.79,22.56,16.5,30,86,1030,0
2187.62,2080,2.04,22.64,16.9,29.3,86,1040,0
2187.81,2080,2.04,22.81,16.9,28.5,86,1050,0
2188.01,2080,2.04,23.58,16.9,28.5,86,1060,0
2188.2,2080,2.04,24.64,17.3,27.8,86,1060,0
2188.38,2080,2.04,25.42,17.3,26.3,86,1070,0
2188.59,2080,2.29,25.61,18,25.5,86,1080,0
2188.78,2080,2.29,25.5,18.4,25.5,86,1080,0
2188.96,2080,2.04,25.64,18.4,25.5,86,1090,0
2189.17,2080,2.29,25.78,18,25.5,86,1090,0
2189.35,2080,2.29,26.28,18.4,24.8,86,1090,0
2189.56,2120,2.29,26.17,18.4,24.8,86,1090,0
2189.74,2080,2.29,26.31,18.4,24,87,1090,0
2189.95,2120,2.29,26.22,18.8,24,87,1090,0
2190.15,2120,2.29,26.39,18.8,24,87,1090,0
2190.34,2120,2.29,25.42,18.4,24,87,1100,0
2190.55,2120,2.29,26.14,18,24,87,1090,0
2190.76,2120,2.04,24.64,18,24.8,87,1090,0
2190.95,2120,2.04,23.06,17.3,25.5,87,1090,0
2191.15,2120,2.04,21.58,16.1,27,87,1090,0
2191.34,2120,1.79,20.03,14.9,29.3,87,1080,0
2191.53,2120,1.79,20.17,14.5,30,87,1070,0
2191.74,2120,1.79,20.36,14.5,30,87,1060,0
2191.93,2120,1.79,19.67,14.5,30,87,1060,0
2192.12,2120,1.79,20.14,14.5,30,87,1050,0
2192.32,2120,1.79,19.5,14.5,30,87,1040,0
2192.51,2080,1.79,20.25,14.5,30,87,1040,0
2192.7,2120,1.79,20.44,14.9,30,87,1040,0
2192.9,2120,1.79,22.31,14.9,30,87,1040,0
2193.09,2080,1.79,22.47,16.5,30,87,1040,0
2193.29,2120,2.04,22.81,16.5,28.5,87,1050,0
2193.48,2080,2.04,22.92,16.9,28.5,87,1060,0
2193.67,2120,2.04,23.94,16.9,28.5,87,1060,0
2193.88,2120,2.04,23.17,16.9,28.5,87,1070,0
2194.07,2120,2.29,24.33,17.6,27.8,87,1070,0
2194.26,2120,2.29,25.14,18,26.3,87,1070,0
2194.46,2120,2.29,26.22,18.4,25.5,87,1080,0
2194.65,2120,2.29,26.56,18.8,24.8,87,1080,0
2194.84,2120,2.29,26.53,19.2,24.8,87,1090,0
2195.05,2120,2.29,27,19.6,23.3,87,1090,0
2195.23,2120,2.29,27.25,19.6,23.3,87,1100,0
2195.43,2120,2.29,28.14,19.6,23.3,87,1100,0
2195.62,2120,2.29,26.64,19.6,23.3,87,1100,0
2195.81,2120,2.29,27.33,19.6,23.3,87,1100,0
2196.03,2120,2.29,27.22,19.6,23.3,87,1100,0
2196.22,2120,2.29,27.19,19.6,23.3,87,1100,0
2196.4,2120,2.29,27.67,19.6,23.3,87,1100,0
2196.6,2120,2.29,26.5,20,23.3,87,1100,0
2196.79,2120,2.29,27.5,20,23.3,87,1100,0
2197,2120,2.29,27.61,19.6,23.3,87,1100,0
2197.19,2120,2.29,27.94,19.6,23.3,88,1100,0
2197.39,2120,2.55,28.31,20,22.5,88,1100,0
2197.59,2160,2.29,28.47,20,22.5,88,1100,0
2197.78,2160,2.29,27.97,20,22.5,88,1100,0
2197.96,2160,2.29,28.22,20.4,21.8,88,1100,0
2198.17,2160,2.55,28.69,20.4,21.8,88,1100,0
2198.35,2160,2.29,28,20.4,21.8,88,1110,0
2198.55,2160,2.29,28.14,20.4,22.5,88,1110,0
2198.75,2160,2.29,28.22,20.4,23.3,89,1110,0
2198.93,2160,2.29,28.31,20.4,22.5,89,1110,0
2199.13,2160,2.29,27.83,20.4,22.5,89,1110,0
2199.32,2160,2.29,28.94,20.4,22.5,89,1110,0
2199.51,2160,2.29,28.94,20.4,21.8,89,1110,0
2199.71,2160,2.55,29.14,20.8,21.8,89,1110,0
2199.92,2160,2.55,28.64,20.8,21.8,89,1110,0
2200.11,2160,2.29,28.64,21.2,21.8,89,1110,0
2200.32,2160,2.29,28.47,21.2,22.5,89,1110,0
2200.51,2160,2.55,28.67,21.2,22.5,89,1110,0
2200.72,2160,2.55,28.58,21.2,23.3,89,1110,0
2200.9,2160,2.29,29.39,21.2,22.5,90,1110,0
2201.09,2160,2.55,29.08,21.6,21.8,90,1110,0
2201.31,2160,2.55,29.92,21.6,21,90,1110,0
2201.49,2200,2.55,28.86,21.2,21,90,1110,0
2201.68,2200,2.29,28.42,21.6,21.8,90,1110,0
2201.88,2200,2.29,29.11,21.2,22.5,90,1110,0
2202.07,2200,2.55,28.67,20.8,21.8,90,1110,0
2202.28,2200,2.29,27.72,20.8,23.3,90,1110,0
2202.48,2200,2.29,26.89,20,23.3,90,1110,0
2202.67,2200,2.29,27.83,19.6,24,90,1110,0
2202.87,2200,2.29,28.17,19.2,23.3,90,1100,0
2203.06,2200,2.29,27.31,19.2,23.3,90,1100,0
2203.25,2200,2.04,25.47,18.8,24,91,1100,0
2203.45,2200,2.04,24.06,17.6,26.3,91,1100,0
2203.64,2200,2.04,24.14,16.9,27.8,91,1090,0
2203.83,2200,2.04,23.94,16.9,27.8,91,1090,0
2204.04,2200,1.79,21.61,15.7,28.5,91,1090,0
2204.23,2200,1.79,20.39,15.3,30,91,1080,0
2204.43,2200,1.79,19.67,14.5,30,91,1070,0
2204.62,2200,1.79,19.36,13.7,30.8,91,1060,0
2204.81,2200,1.53,18.31,13.7,30.8,91,1050,0
2205.01,2200,1.53,17.19,13.3,30.8,91,1040,0
2205.2,2200,1.53,17.81,12.9,30.8,90,1030,0
2205.42,2200,1.53,17.92,12.9,30.8,90,1030,0
2205.6,2200,1.53,17.64,12.9,30.8,90,1020,0
2205.8,2160,1.53,17.67,12.9,31.5,90,1020,0
2205.99,2160,1.53,18.11,13.3,31.5,90,1020,0
2206.19,2160,1.53,19.25,13.7,30.8,90,1010,0
2206.37,2160,1.53,19.58,14.1,30.8,90,1020,0
2206.59,2160,1.53,19.64,14.1,30.8,89,1020,0
2206.78,2160,1.53,19.33,14.1,30.8,89,1020,0
2206.96,2160,1.79,21.53,14.9,30.8,89,1030,0
2207.17,2160,1.79,21.56,15.3,30,89,1030,0
2207.35,2160,1.79,20.44,15.3,30,89,1040,0
2207.57,2160,1.79,19.56,14.9,30,89,1040,0
2207.76,2120,1.53,16.75,13.3,30.8,88,1040,0
2207.94,2120,0.77,6.92,9.4,31.5,88,1010,0
2208.16,2120,0.51,6.22,7.1,31.5,88,980,0
2208.34,2080,0.51,5.83,6.3,25.5,87,960,0
2208.53,2040,0.51,6.69,6.7,9.8,87,950,0
2208.73,2080,0.51,6.75,6.3,0.8,86,930,0
2208.92,2040,0.51,7.06,6.3,-3.8,86,930,0
2209.12,2040,0.51,7.14,6.3,-4.5,85,920,0
2209.32,2040,0.51,6.92,6.7,-2.3,85,920,0
2209.51,2000,0,7.17,6.7,-3,84,910,0
2209.71,2000,0,7.14,6.3,-5.3,83,910,0
2209.91,1960,0,6.86,6.3,-4.5,83,910,0
2210.1,1960,0,6.78,6.3,-5.3,82,920,0
2210.31,1960,0,6.86,6.3,-5.3,81,920,0
2210.49,1920,0,6.53,5.9,-5.3,81,920,0
2210.68,1920,0,6.64,5.9,-5.3,80,920,0
2210.88,1920,0,6.28,5.9,-5.3,80,920,0
2211.07,1880,0,6.14,5.5,-6,79,920,0
2211.27,1880,0,5.83,5.5,-6,79,920,0
2211.46,1880,0,5.67,5.5,-6,78,930,0
2211.67,1840,0,5.94,5.5,-6,77,920,0
2211.88,1840,0,6.06,5.5,-6.8,77,920,0
2212.08,1800,0,5.78,5.5,-6.8,76,920,0
2212.3,1800,0,5.89,5.5,-6.8,76,920,0
2212.48,1800,0,5.56,5.5,-6.8,75,920,0
2212.67,1760,0,5.64,5.5,-7.5,74,920,0
2212.87,1760,0,5.5,5.5,-7.5,74,920,0
2213.06,1760,0,5.56,5.1,-7.5,73,920,0
2213.24,1760,0,5.64,5.5,-7.5,73,920,0
2213.45,1720,0,5.58,5.1,-7.5,72,920,0
2213.64,1720,0,5.64,5.1,-7.5,72,920,0
2213.83,1720,0,5.42,5.1,-7.5,71,920,0
2214.03,1680,0,5.44,5.1,-7.5,71,920,0
2214.21,1680,0,5.36,5.1,-7.5,70,920,0
2214.42,1680,0,5.25,5.1,-7.5,70,920,0
2214.61,1640,0,5.33,5.1,-7.5,69,920,0
2214.79,1640,0,5.56,5.1,-7.5,69,920,0
2215,1640,0,5.25,5.1,-7.5,68,920,0
2215.18,1600,0,5.11,5.1,-7.5,68,920,0
2215.37,1600,0,4.97,4.7,-7.5,67,920,0
2215.57,1600,0,5.31,4.7,-6.8,67,920,0
2215.76,1600,0,5.22,4.7,-6.8,67,920,0
2215.95,1560,0,4.92,4.7,-7.5,66,920,0
2216.16,1560,0,5,4.7,-6.8,66,920,0
2216.35,1560,0,5.08,4.7,-6.8,65,920,0
2216.56,1560,0,4.89,4.7,-6.8,65,920,0
2216.75,1520,0,4.94,4.7,-6.8,65,910,0
2216.93,1560,0,4.94,4.7,-6.8,64,910,0
2217.15,1520,0,4.69,4.7,-6.8,64,910,0
2217.34,1520,0,5.11,4.7,-6.8,64,910,0
2217.53,1520,0,5,4.7,-6.8,63,910,0
2217.73,1520,0,4.83,4.7,-6.8,63,910,0
2217.92,1480,0,4.61,4.7,-6.8,63,910,0
2218.12,1480,0,4.58,4.7,-6.8,62,910,0
2218.31,1480,0,4.72,4.7,-6.8,62,910,0
2218.49,1480,0,4.47,4.3,-6.8,61,910,0
2218.7,1480,0,4.89,4.7,-6.8,61,910,0
2218.89,1440,0,4.67,4.7,-6.8,61,910,0
2219.07,1440,0,4.61,4.7,-6.8,60,910,0
2219.28,1440,0,4.61,4.3,-6.8,60,910,0
2219.46,1440,0,4.64,4.3,-6.8,60,910,0
2219.65,1400,0,4.58,4.3,-6.8,60,910,0
2219.86,1360,2.55,24.31,4.3,18.8,59,880,0
2220.04,1640,1.53,7.22,12.9,-20.3,59,920,0
2220.25,1880,1.28,6.94,19.6,20.3,59,920,0
2220.44,1800,0.77,5.56,5.9,-7.5,59,930,0
2220.62,1880,0.77,6.94,5.5,19.5,59,920,0
2220.83,2200,1.02,11.14,7.8,20.3,59,910,0
2221.02,2160,1.53,14.81,10.6,17.3,58,920,0
2221.22,2160,1.79,17.83,12.5,14.3,58,920,0
2221.42,2120,1.79,19.33,14.5,15.8,58,930,0
2221.6,2120,1.79,19,14.5,21,58,950,0
2221.81,2120,1.53,16.25,13.7,27,58,960,0
2221.99,2120,1.28,13.92,11,30.8,58,970,0
2222.18,2120,1.28,15.25,11,32.3,58,970,0
2222.4,2120,1.28,15.53,11.8,31.5,58,960,0
2222.59,2120,1.53,16.19,12.2,32.3,58,970,0
2222.78,2120,1.53,16.61,12.5,32.3,58,970,0
2222.98,2120,1.53,17.19,12.5,31.5,58,970,0
2223.17,2120,1.53,17.72,12.9,31.5,58,980,0
2223.39,2120,1.53,17.89,12.9,30.8,58,980,0
2223.57,2120,1.53,18.17,13.7,30.8,58,980,0
2223.76,2120,1.53,18.53,13.7,31.5,58,990,0
2223.96,2120,1.53,18.36,13.7,30.8,58,990,0
2224.15,2120,1.53,18.28,13.7,31.5,58,1000,0
2224.34,2120,1.79,18.44,13.7,31.5,58,1000,0
2224.55,2120,1.79,19.36,13.7,30.8,57,1000,0
2224.73,2120,1.79,19.36,14.5,30.8,57,1010,0
2224.94,2120,1.79,19.94,14.5,30.8,58,1010,0
2225.12,2120,1.79,21.25,15.3,30.8,58,1020,0
2225.31,2160,1.79,22.28,16.1,30,58,1020,0
2225.51,2160,2.04,24.03,16.9,30,58,1030,0
2225.7,2160,2.29,25.94,17.6,29.3,58,1040,0
2225.88,2160,2.29,26.61,18.4,27.8,58,1060,0
2226.09,2200,2.04,26.39,18.8,26.3,59,1070,0
2226.28,2200,2.29,27.08,18.8,26.3,59,1080,0
2226.46,2240,2.29,28.11,19.6,24.8,60,1090,0
2226.67,2240,2.29,27.58,19.2,24.8,60,1090,0
2226.85,2240,2.29,28.14,19.6,24,60,1100,0
2227.05,2280,2.29,27.67,19.6,24.8,61,1100,0
2227.25,2280,2.29,29.31,19.6,24,61,1100,0
2227.43,2320,2.29,29.75,20,23.3,62,1100,0
2227.65,2320,2.29,29.28,20,23.3,62,1100,0
2227.84,2360,2.29,29.25,20.4,23.3,63,1100,0
2228.03,2360,2.29,29.92,20.4,23.3,63,1100,0
2228.23,2360,2.55,31.28,20.8,22.5,64,1100,0
2228.41,2400,2.29,30.03,20.8,22.5,64,1110,0
2228.63,2400,2.29,31.36,21.2,22.5,64,1110,0
2228.82,2400,2.55,32.33,21.2,21.8,65,1110,0
2229.01,2440,2.29,30.75,21.6,21.8,65,1110,0
2229.22,2440,2.29,31.86,21.6,21.8,65,1110,0
2229.4,2440,2.29,31.86,22,21.8,66,1110,0
2229.6,2480,2.55,32.61,22,21.8,66,1110,0
2229.81,2480,2.55,32.5,22.4,21,67,1110,0
2230,2480,2.29,33.14,22.7,21.8,67,1110,0
2230.18,2480,2.55,33.75,22.7,21.8,67,1110,0
2230.38,2520,2.55,34.06,23.1,21.8,68,1110,0
2230.58,2520,2.55,34.5,23.1,21.8,68,1110,0
2230.77,2520,2.29,33.64,23.1,21.8,68,1110,0
2230.97,2560,2.29,32.64,22.7,21.8,69,1110,0
2231.15,2560,2.29,33.58,22.4,21.8,69,1110,0
2231.36,2560,2.55,34.36,22.7,21.8,69,1110,0
2231.55,2600,2.55,33.92,22.7,21.8,70,1110,0
2231.74,2600,2.29,34.22,23.1,21.8,70,1110,0
2231.95,2600,2.29,34.03,23.1,21.8,70,1110,0
2232.15,2640,2.55,34.53,23.1,21.8,71,1110,0
2232.37,2640,2.29,36.03,23.5,21.8,71,1110,0
2232.57,2680,2.29,35.83,23.5,22.5,71,1120,0
2232.76,2680,2.29,35.92,23.5,22.5,72,1110,0
2232.98,2680,2.55,36.14,23.5,22.5,72,1120,0
2233.17,2720,2.29,36.61,23.5,22.5,73,1120,0
2233.35,2720,2.29,36.25,23.5,22.5,73,1120,0
2233.56,2720,2.29,37.36,23.9,22.5,73,1120,0
2233.75,2760,2.55,37.19,23.9,22.5,74,1120,0
2233.94,2760,2.55,36.92,23.9,22.5,74,1120,0
2234.14,2760,2.29,36.78,23.5,22.5,74,1120,0
2234.32,2760,2.29,36.19,23.5,22.5,75,1120,0
2234.53,2800,2.55,37.92,23.5,22.5,75,1120,0
2234.71,2800,2.29,37.69,23.5,22.5,75,1120,0
2234.92,2840,2.29,37.58,23.9,22.5,76,1120,0
2235.12,2840,2.29,38.03,23.9,23.3,76,1120,0
2235.31,2840,2.29,35.86,23.1,23.3,77,1130,0
2235.51,2840,2.04,32.03,21.2,24,77,1130,0
2235.7,2880,2.04,31.36,20.4,24.8,77,1120,0
2235.89,2880,1.79,30.53,19.2,24.8,77,1120,0
2236.09,2880,1.79,26.58,18,25.5,78,1110,0
2236.28,2880,1.79,25.72,16.9,27,78,1100,0
2236.46,2880,1.53,24.22,16.1,28.5,78,1100,0
2236.68,2880,1.28,22.61,14.5,30,78,1080,0
2236.87,2880,1.28,19.94,14.5,30.8,78,1070,0
2237.06,2880,1.28,20.39,13.7,31.5,78,1060,0
2237.27,2880,1.02,19.14,13.7,32.3,78,1050,0
2237.45,2840,1.02,18.33,13.3,33,78,1040,0
2237.65,2840,1.02,17.81,12.9,33,78,1030,0
2237.84,2840,1.02,18.39,13.3,33,77,1020,0
2238.02,2840,1.02,18.97,12.9,33,77,1020,0
2238.24,2840,1.02,18.86,13.7,33,77,1020,0
2238.43,2840,1.28,21.5,13.7,33,77,1020,0
2238.62,2840,1.28,22.11,14.5,31.5,77,1020,0
2238.84,2840,1.28,23.03,15.3,30.8,77,1030,0
2239.03,2840,1.53,25.17,16.5,30,77,1040,0
2239.24,2880,1.53,26.08,16.9,30,77,1060,0
2239.43,2880,1.53,27.03,16.9,29.3,78,1070,0
2239.62,2880,1.53,26.69,16.9,28.5,78,1080,0
2239.84,2880,1.53,23.22,16.9,28.5,78,1090,0
2240.03,2880,1.28,22.14,14.9,30,78,1090,0
2240.25,2880,1.28,21.31,14.5,31.5,78,1070,0
2240.43,2880,1.28,20.69,14.1,31.5,78,1060,0
2240.63,2880,1.02,18.31,14.1,31.5,78,1060,0
2240.84,2880,1.02,14.64,12.2,33,78,1050,0
2241.03,2840,1.02,14.89,11.4,36,78,1030,0
2241.22,2840,0.77,14.89,11.4,36,78,1020,0
2241.42,2840,0.77,14.94,11.4,36,78,1010,0
2241.61,2840,1.02,15.03,11.4,36,77,1000,0
2241.81,2840,1.02,15.67,11.4,36,77,990,0
2242,2840,1.02,18.28,13.3,34.5,77,990,0
2242.19,2800,1.02,18.97,13.3,33.8,77,1000,0
2242.4,2800,1.28,19.39,13.3,33,77,1000,0
2242.59,2800,1.28,19.89,13.7,33,77,1010,0
2242.78,2800,1.28,20.06,14.1,32.3,76,1020,0
2242.98,2800,1.28,19.83,14.1,32.3,76,1020,0
2243.16,2800,1.28,20.47,14.1,32.3,76,1020,0
2243.38,2800,1.28,19.67,14.1,32.3,76,1030,0
2243.59,2800,1.02,13.89,13.7,32.3,76,1040,0
2243.78,2800,0.77,12.64,10.2,35.3,76,1020,0
2243.98,2760,0.77,13.14,10.2,36,76,1000,0
2244.17,2760,0.77,13.5,10.6,36,76,990,0
2244.38,2760,1.02,14.94,11,36,75,990,0
2244.58,2760,0.77,14.86,11.4,35.3,75,980,0
2244.76,2760,0.77,15.11,11.4,35.3,75,980,0
2244.96,2760,1.02,14.58,11.4,35.3,75,980,0
2245.17,2720,0.77,13.61,11,35.3,75,980,0
2245.36,2720,0.77,13.03,10.2,36,74,970,0
2245.56,2720,0.77,12.58,10.2,36,74,970,0
2245.75,2720,0.77,13,10.2,36.8,74,970,0
2245.95,2720,0.77,13.94,10.2,36,74,960,0
2246.14,2680,0.77,14.28,11,36,74,960,0
2246.32,2680,0.77,15,11.4,35.3,73,960,0
2246.53,2680,1.02,15.89,11.8,34.5,73,960,0
2246.71,2680,1.02,15.56,11.8,34.5,73,970,0
2246.9,2680,1.02,15.89,11.8,33.8,73,970,0
2247.1,2680,1.02,16.75,11.8,33.8,73,970,0
2247.29,2640,1.02,16.78,12.2,33,72,970,0
2247.48,2640,1.02,17.31,12.5,33,72,980,0
2247.68,2640,1.02,17.39,12.5,33,72,990,0
2247.87,2640,1.28,18.89,13.7,32.3,72,990,0
2248.08,2640,1.28,19.67,13.3,31.5,72,990,0
2248.28,2640,1.28,20.53,14.1,30,72,1000,0
2248.46,2640,1.28,20.89,14.1,30,72,1010,0
2248.67,2640,1.53,21.44,14.5,30,72,1020,0
2248.86,2640,1.53,22.31,15.3,29.3,72,1030,0
2249.04,2640,1.53,22.31,15.3,28.5,72,1040,0
2249.25,2640,1.53,22.5,14.9,29.3,72,1040,0
2249.44,2640,1.53,23.14,15.3,29.3,72,1050,0
2249.62,2640,1.53,20.33,14.9,29.3,72,1050,0
2249.82,2640,1.28,19.14,13.3,30,72,1050,0
2250.01,2640,1.28,18.75,13.3,30,72,1040,0
2250.22,2640,1.28,18.72,13.3,30.8,72,1030,0
2250.43,2640,1.28,18.5,13.3,30.8,72,1030,0
2250.62,2640,1.28,19.11,13.3,30.8,72,1020,0
2250.82,2640,1.28,19.47,13.7,30.8,72,1020,0
2251.01,2640,1.28,19.58,14.1,30,72,1020,0
2251.23,2640,1.53,20.81,14.5,30,72,1020,0
2251.42,2640,1.53,22.25,14.9,30,72,1030,0
2251.62,2640,1.53,22.78,15.3,29.3,72,1040,0
2251.84,2640,1.53,22.11,15.3,29.3,72,1040,0
2252.03,2640,1.53,20.64,14.5,29.3,72,1050,0
2252.22,2640,1.28,17.81,12.9,30,72,1050,0
2252.42,2640,1.28,17.28,12.9,30.8,72,1040,0
2252.61,2640,1.28,17.78,12.5,31.5,72,1030,0
2252.79,2640,1.28,18.83,13.3,31.5,72,1020,0
2253,2640,1.28,17.5,12.9,31.5,72,1020,0
2253.19,2640,1.02,13.14,11,32.3,72,1020,0
2253.39,2640,0.77,13.36,10.2,34.5,72,1000,0
2253.57,2640,0.77,13.47,10.6,34.5,72,990,0
2253.76,2600,0.77,13.31,10.6,34.5,71,990,0
2253.98,2600,0.77,13.39,10.6,34.5,71,980,0
2254.17,2600,0.77,14.25,10.6,34.5,71,970,0
2254.35,2600,1.02,14.33,11,34.5,71,970,0
2254.55,2600,1.02,14.11,11,33.8,71,970,0
2254.74,2600,1.02,14,11,33.8,71,970,0
2254.95,2600,1.02,15.83,11.4,33.8,71,970,0
2255.13,2600,1.02,15.28,11.8,32.3,70,970,0
2255.32,2600,1.02,16.44,11.8,33,70,970,0
2255.53,2560,1.28,17.39,12.5,32.3,70,970,0
2255.71,2560,1.28,17.5,12.9,31.5,70,980,0
2255.9,2600,1.28,19,13.3,31.5,70,990,0
2256.11,2600,1.28,19.64,14.1,30,70,990,0
2256.3,2560,1.28,19.78,14.1,30,70,1000,0
2256.48,2560,1.28,15.53,14.1,30,70,1020,0
2256.68,2560,1.02,13.92,11,33,70,1010,0
2256.87,2560,1.02,14.39,11,33.8,70,1000,0
2257.07,2560,1.02,14.03,11,33.8,70,1000,0
2257.27,2560,0.77,10.56,9.8,33.8,70,990,0
2257.45,2560,0.77,10.67,9,36.8,70,980,0
2257.65,2560,0.77,10.61,9.4,36.8,69,970,0
2257.84,2520,0.77,11,9,36.8,69,960,0
2258.03,2520,0.77,11.5,9.4,34.5,69,960,0
2258.23,2520,0.77,11.39,9.4,29.3,69,950,0
2258.42,2480,0.77,11.67,9.4,21.8,68,950,0
2258.61,2480,0.77,11.78,9.4,18.8,68,950,0
2258.81,2480,0.77,12.11,10.2,17.3,68,940,0
2259,2480,0.77,12.53,9.8,15.8,68,940,0
2259.23,2440,0.77,12.25,10.2,15.8,67,940,0
2259.43,2440,0.77,11.11,9.4,15.8,67,940,0
2259.62,2440,0.77,10.53,9,16.5,67,940,0
2259.82,2440,0.77,10.47,9,16.5,66,940,0
2260.01,2400,0.77,10.89,9,16.5,66,940,0
2260.22,2400,0.77,11.17,9.4,16.5,66,930,0
2260.4,2400,1.02,11.64,9.4,16.5,66,930,0
2260.59,2400,0.77,11.89,9.8,15.8,65,930,0
2260.8,2400,1.02,12.25,10.2,15.8,65,930,0
2260.98,2360,1.02,12.08,10.2,15.8,65,930,0
2261.17,2360,1.02,11.44,9.8,15.8,65,940,0
2261.37,2360,0.77,10.61,9.4,15.8,65,940,0
2261.56,2360,0.77,10.61,9,16.5,64,940,0
2261.74,2320,0.77,9.64,9,16.5,64,930,0
2261.95,2320,0.77,9.58,8.2,16.5,64,930,0
2262.15,2320,0.77,9.42,8.2,16.5,64,930,0
2262.36,2320,0.77,9.58,8.2,16.5,63,930,0
2262.55,2280,0.77,8.75,8.2,16.5,63,930,0
2262.75,2280,0.51,6.44,6.7,17.3,63,930,0
2262.96,2240,0.51,7,5.9,13.5,62,920,0
2263.15,2240,0.51,7.33,6.7,3,62,920,0
2263.34,2240,0.51,7.08,6.7,-2.3,61,920,0
2263.54,2200,0.51,7,6.7,-4.5,61,920,0
2263.73,2200,0.51,7.11,6.7,-4.5,61,920,0
2263.94,2160,0.77,7.47,6.7,7.5,60,920,0
2264.12,2160,0,7.31,6.7,-5.3,60,920,0
2264.31,2120,0,7.19,6.3,-5.3,59,920,0
2264.53,2120,0,6.81,6.3,-5.3,59,920,0
2264.71,2080,0,6.83,6.3,-5.3,58,920,0
2264.92,2080,0,6.86,6.3,-5.3,57,920,0
2265.12,2040,0.77,6.56,6.3,-5.3,57,920,0
2265.31,2040,0.77,7,5.9,0,56,920,0
2265.51,2080,1.28,11.89,8.2,16.5,56,910,0
2265.7,2040,1.53,12.69,10.6,15,56,910,0
2265.89,2000,1.28,12.5,10.6,15,55,920,0
2266.09,2000,1.28,10.69,10.6,15,55,920,0
2266.28,2000,1.02,7.25,7.5,15.8,55,930,0
2266.46,2000,0.77,6.03,6.3,15,55,920,0
2266.67,1960,0.51,5.97,5.5,16.5,54,920,0
2266.86,1960,0.51,6.17,5.5,15,54,920,0
2267.04,1960,0.77,6.28,5.9,9,54,920,0
2267.25,1920,0.77,6.06,5.9,3.8,53,910,0
2267.43,1920,0.77,6.06,5.5,6,53,910,0
2267.63,1920,0.77,5.97,5.5,6,53,910,0
2267.83,1920,0.77,5.97,5.9,-2.3,52,910,0
2268.01,1880,0.77,6,5.5,-3.8,52,910,0
2268.21,1880,0,6,5.5,-6,52,910,0
2268.4,1880,0,6.19,5.5,-2.3,51,910,0
2268.59,1840,0,6.11,5.5,-6,51,910,0
2268.79,1840,0,5.94,5.5,-6,51,910,0
2268.98,1800,0,5.89,5.5,-6.8,50,910,0
2269.16,1760,0,5.69,5.1,-6.8,49,910,0
2269.37,1720,0,5.5,5.1,-7.5,49,910,0
2269.56,1680,0,5.22,5.1,-7.5,48,910,0
2269.77,1600,0,5.19,5.1,-7.5,46,910,0
2269.97,1560,0,4.97,4.7,-7.5,45,910,0
2270.15,1520,0,4.61,4.7,-6.8,44,910,0
2270.35,1480,0,4.81,4.3,-6.8,43,910,0
2270.54,1440,0,4.64,4.3,-6.8,41,910,0
2270.72,1400,0,4.33,4.3,-6.8,40,910,0
2270.93,1320,0,4.19,4.3,-6.8,38,910,0
2271.12,1280,0,4.19,3.9,-8.3,37,910,0
2271.31,1080,1.02,3.92,3.9,-8.3,36,910,0
2271.51,1040,1.02,4.94,4.7,20.3,35,900,0
2271.7,1000,1.28,4.58,4.7,-0.8,34,900,0
2271.9,960,1.02,4.11,4.3,-3.8,33,900,0
2272.09,920,1.02,3.97,3.9,-3,33,900,0
2272.27,920,1.02,3.89,3.9,3,32,900,0
2272.48,880,1.02,3.67,3.9,0,31,900,0
2272.67,880,1.02,3.72,3.5,3,30,900,0
2272.85,840,1.02,3.72,3.5,3,30,900,0
2273.06,800,1.02,3.42,3.5,3,29,900,0
2273.25,800,1.02,3.5,3.5,8.3,28,890,0
2273.44,800,1.02,3.61,3.5,7.5,28,890,0
2273.64,800,1.02,3.64,3.5,6.8,27,890,0
2273.83,800,1.28,3.64,3.5,7.5,26,890,0
2274.03,800,1.28,3.75,3.9,6.8,26,890,0
2274.22,800,1.28,3.83,3.9,5.3,25,890,0
2274.4,800,1.28,3.83,3.9,3.8,24,890,0
2274.61,800,1.28,3.83,3.9,3,23,890,0
2274.79,800,1.28,3.78,3.9,3.8,22,890,0
2274.98,800,1.28,3.92,3.9,3.8,21,890,0
2275.2,800,1.28,3.75,3.9,3.8,21,890,0
2275.4,800,1.28,3.67,3.9,5.3,20,890,0
2275.6,800,1.28,3.89,3.9,7.5,19,890,0
2275.79,800,1.28,3.94,3.9,5.3,19,890,0
2275.98,800,1.28,3.92,3.9,4.5,18,890,0
2276.18,800,1.28,3.92,3.9,3.8,18,890,0
2276.37,800,1.28,3.78,3.9,4.5,17,890,0
2276.56,800,1.28,3.83,3.9,5.3,17,890,0
2276.76,800,1.28,3.86,3.9,3.8,17,890,0
2276.95,800,1.28,3.83,3.9,3.8,16,890,0
2277.14,800,1.28,3.89,3.9,5.3,16,890,0
2277.35,800,1.28,3.86,3.9,5.3,15,890,0
2277.54,840,1.28,3.75,3.9,4.5,14,890,0
2277.75,800,1.28,3.94,3.9,5.3,13,890,0
2277.93,800,1.28,3.69,3.9,4.5,13,890,0
2278.12,800,1.02,3.92,3.9,5.3,12,890,0
2278.33,840,1.02,3.78,3.9,4.5,11,890,0
2278.52,840,1.02,3.89,3.9,4.5,10,890,0
2278.72,840,1.02,3.94,3.9,3.8,10,890,0
2278.92,840,1.02,3.92,3.9,3.8,10,890,0
2279.1,840,1.02,4.03,3.9,3.8,9,890,0
2279.31,840,1.02,3.94,3.9,3,9,890,0
2279.49,840,1.02,3.94,3.9,3,9,890,0
2279.68,840,1.28,4.06,3.9,2.3,8,890,0
2279.89,840,1.02,3.83,3.9,1.5,8,890,0
2280.07,840,1.02,3.89,3.9,3,7,890,0
2280.26,800,1.02,3.75,3.9,3.8,6,890,0
2280.48,800,1.02,3.81,3.9,5.3,6,890,0
2280.67,800,1.02,3.83,3.9,6,5,890,0
2280.88,840,1.02,3.89,3.9,5.3,5,890,0
2281.08,840,1.28,4.47,3.9,3.8,4,890,0
2281.26,840,1.53,4.31,4.3,0.8,4,890,0
2281.46,920,1.79,8.03,4.3,7.5,3,890,0
2281.65,1120,1.79,8.56,8.6,14.3,3,890,0
2281.84,1360,1.28,7.75,7.1,4.5,3,890,0
2282.05,1440,1.53,11.08,8.2,24,3,890,0
2282.23,1400,1.79,11.81,10.6,22.5,2,890,0
2282.41,1400,2.04,11.89,11.4,22.5,3,900,0
2282.62,1360,2.04,12.64,11.8,22.5,3,900,0
2282.81,1320,2.04,12.89,12.2,20.3,4,910,0
2283.01,1280,2.29,12.67,12.2,18.8,4,920,0
2283.2,1280,2.29,12.33,12.5,19.5,5,920,0
2283.38,1240,2.29,12.36,12.2,18.8,6,930,0
2283.59,1200,2.29,12.25,12.2,18,7,930,0
2283.78,1000,2.04,5.44,9.8,-11.3,8,940,0
2283.97,1080,1.53,4.56,5.9,-17.3,8,930,0
2284.17,1000,0.77,2.31,2.7,-11.3,9,930,0
2284.35,920,0.77,2.69,2.7,-3,9,920,0
2284.54,840,0.77,3.17,3.5,6,9,910,0
2284.75,800,1.02,3.08,3.5,7.5,8,910,0
2284.93,800,1.02,3.11,3.1,9,8,900,0
2285.13,800,1.02,3.36,3.5,12,8,900,0
2285.33,800,1.02,3.72,3.5,9.8,7,900,0
2285.51,800,1.02,3.69,3.5,4.5,7,900,0
2285.74,840,1.28,3.72,3.5,3,7,900,0
2285.93,880,1.79,7.44,7.1,7.5,6,900,0
2286.14,1080,1.53,5.89,7.1,12.8,6,900,0
2286.32,1240,1.28,6.39,5.1,8.3,6,890,0
2286.51,1360,1.28,7.86,7.1,23.3,6,890,0
2286.71,1400,1.53,10.5,8.6,25.5,5,900,0
2286.9,1400,1.53,10.19,9.4,23.3,5,900,0
2287.09,1360,1.79,10.61,10.2,23.3,5,900,0
2287.29,1320,2.04,10.58,10.2,22.5,6,910,0
2287.48,1320,2.04,11.11,10.6,22.5,6,910,0
2287.67,1280,2.04,11.06,10.6,21.8,6,910,0
2287.87,1200,2.29,10.83,10.6,22.5,7,920,0
2288.06,1200,2.29,10.61,10.6,19.5,8,920,0
2288.26,1160,2.04,9.75,10.6,7.5,9,930,0
2288.45,1240,2.04,9.83,9,7.5,9,930,0
2288.64,1240,2.04,9.89,8.6,13.5,10,930,0
2288.84,1320,1.79,9.31,9,13.5,10,930,0
2289.03,1160,1.02,4,7.8,-2.3,11,930,0
2289.21,1080,1.02,3.36,3.5,-6,11,930,0
2289.42,1040,0.77,3.17,3.1,0,11,920,0
2289.6,960,0.77,3.31,3.5,2.3,11,910,0
2289.79,920,1.02,3.36,3.5,3,11,910,0
2289.99,880,0.77,3.42,3.5,3,10,900,0
2290.19,800,1.02,3.31,3.1,5.3,10,900,0
2290.38,800,1.02,3.22,3.1,7.5,9,900,0
2290.57,800,1.02,3.94,3.5,12,8,900,0
2290.76,800,1.02,3.72,3.5,12.8,7,900,0
2290.98,800,1.53,3.86,3.9,6,6,900,0
2291.17,880,2.29,8.11,3.9,7.5,5,890,0
2291.35,1120,2.81,12.39,12.2,9.8,5,890,0
2291.57,1480,2.81,17.22,12.9,13.5,4,890,0
2291.76,1600,2.55,15.58,19.6,18.8,4,910,0
2291.96,1520,2.29,15.64,15.3,6,5,920,0
2292.15,1440,2.04,13.17,12.9,12,5,930,0
2292.34,1320,2.04,12.78,12.2,16.5,6,940,0
2292.56,1160,2.29,11.19,11.8,19.5,7,950,0
2292.75,1160,2.55,11.28,11,15,9,950,0
2292.93,1320,2.55,13.72,11.4,15.8,9,950,0
2293.14,1360,2.55,14.36,13.3,15.8,10,950,0
2293.32,1480,2.29,15.92,13.7,18,11,960,0
2293.51,1560,2.29,16.36,14.5,19.5,12,970,0
2293.71,1720,2.29,17.78,14.9,21,13,980,0
2293.9,1760,2.04,18.39,15.3,22.5,14,990,0
2294.11,1920,2.04,19.53,15.3,26.3,15,1000,0
2294.3,2000,2.04,19.39,15.3,28.5,16,1010,0
2294.48,2120,1.79,20.75,15.3,30,17,1010,0
2294.69,2240,1.79,22.5,16.5,30,18,1020,0
2294.87,2360,1.79,23.36,16.9,29.3,19,1040,0
2295.05,2480,2.04,25,17.3,27.8,19,1050,0
2295.26,2600,1.79,26.03,17.3,26.3,21,1060,0
2295.45,2720,1.79,26.75,17.6,27,22,1070,0
2295.63,2720,0.77,10.72,12.9,22.5,23,1050,0
2295.84,2520,0.51,7.83,7.5,-6,23,1020,0
2296.02,2320,0.51,6.89,7.5,-5.3,24,990,0
2296.24,2160,0.51,7.11,7.5,-5.3,24,960,0
2296.43,2080,0.77,6.25,7.1,-5.3,24,950,0
2296.62,1960,1.02,10.72,7.8,18,25,930,0
2296.82,1880,1.53,15.03,11.4,15,25,920,0
2297.01,1800,1.53,15.22,11.8,13.5,25,930,0
2297.2,1880,1.79,17.19,12.9,20.3,25,940,0
2297.4,1920,1.79,18.89,15.3,25.5,26,950,0
2297.59,1960,1.79,20.17,15.7,27,26,960,0
2297.8,2040,1.79,20.28,15.7,28.5,27,970,0
2297.97,2040,1.79,20.67,16.1,30,28,990,0
2298.17,2120,1.79,21.47,15.7,30,28,1000,0
2298.37,2040,1.02,8.11,9.4,22.5,29,990,0
2298.56,1920,0.51,5.25,5.9,-7.5,30,980,0
2298.75,1760,0.51,5.08,5.9,-6.8,30,960,0
2298.95,1600,0.51,4.89,5.5,-7.5,30,940,0
2299.14,1520,1.02,8.28,5.9,15.8,30,930,0
2299.32,1480,1.79,14.19,8.6,15,30,920,0
2299.53,1480,2.04,15.64,13.7,15,30,920,0
2299.73,1520,2.29,18.97,16.1,14.3,30,930,0
2299.93,1560,2.55,21.31,19.2,15.8,30,940,0
2300.12,1560,2.55,22.86,22.4,15,31,970,0
2300.31,1600,2.55,24.31,23.1,14.3,31,990,0
2300.51,1640,2.55,23.67,24.3,14.3,32,1010,0
2300.7,1680,2.81,25.17,25.5,15,32,1030,0
2300.89,1680,2.81,26.33,25.1,14.3,33,1050,0
2301.1,1760,2.81,27.72,25.9,14.3,34,1080,0
2301.3,1800,3.06,29.08,26.3,14.3,34,1100,0
2301.5,1840,3.06,32.94,32.2,13.5,35,1120,0
2301.7,1880,3.06,33.78,99.6,11.3,36,1170,0
2301.88,1920,3.31,36.14,99.6,11.3,37,1210,0
2302.09,2000,3.57,38.72,99.6,12,38,1250,0
2302.28,2040,3.57,40.42,99.6,14.3,39,1290,0
2302.46,2080,3.83,44.28,99.6,12.8,40,1330,0
2302.67,2160,4.08,48.94,99.6,11.3,41,1380,0
2302.86,2240,4.34,54.14,99.6,8.3,43,1450,0
2303.06,2320,4.84,60.25,99.6,9,44,1520,0
2303.25,2400,5.1,66.86,99.6,6,45,1630,0
2303.43,2480,5.61,74.22,99.6,2.3,47,1740,0
2303.64,2560,5.87,76.64,99.6,3.8,48,1860,0
2303.83,2640,6.38,81.89,99.6,3.8,50,1930,0
2304.03,2760,6.38,80.67,98.4,3.8,52,1960,0
2304.23,2840,6.38,82.81,98.8,4.5,54,1950,0
2304.42,2960,6.12,83.53,99.6,5.3,56,1930,0
2304.62,3040,6.38,88.67,99.6,3.8,57,1930,0
2304.81,3120,6.38,90.31,99.6,4.5,59,1910,0
2305,3200,6.12,92.61,99.6,5.3,61,1890,0
2305.2,3320,6.12,93.81,99.6,6.8,63,1880,0
2305.39,3400,6.12,94.22,99.6,6,65,1850,0
2305.57,3480,5.87,94.5,99.6,6,67,1830,0
2305.77,3600,5.87,95.03,99.6,8.3,69,1790,0
2305.97,3680,5.61,97.22,99.6,9.8,71,1770,0
2306.15,3760,5.61,99.78,99.6,10.5,72,1790,0
2306.36,3840,5.87,106.39,99.6,10.5,74,1830,0
2306.54,3920,5.87,108.97,98.4,8.3,76,1840,0
2306.76,4040,6.12,118.92,98.8,7.5,78,1880,0
2306.95,4120,6.38,124.44,98.4,7.5,80,1930,0
2307.14,4240,6.38,124.06,97.6,8.3,82,1960,0
2307.34,4360,6.38,125.72,98,10.5,83,1950,0
2307.55,4440,6.38,127.06,98,8.3,86,1960,0
2307.72,4520,6.12,129.06,98.4,5.3,88,1960,0
2307.93,4640,6.12,132.25,97.6,9,90,1950,0
2308.14,4720,6.12,134.47,96.9,8.3,92,1930,0
2308.34,4800,6.12,132.97,96.9,4.5,93,1930,0
2308.53,4880,6.12,138.17,96.9,4.5,95,1920,0
2308.72,4960,5.87,139.33,96.5,6.8,97,1900,0
2308.93,5040,6.12,145.17,97.3,6,99,1880,0
2309.12,5120,5.87,144.97,97.3,6.8,100,1860,0
2309.31,5240,5.87,144.67,98.8,8.3,102,1820,0
2309.51,5320,5.87,146.75,98.8,9,104,1810,0
2309.7,5400,5.61,145.17,99.2,9,106,1780,0
2309.91,5400,0,97.44,99.2,9.8,107,1770,0
2310.09,5000,0,2.56,15.7,0.8,108,1460,0
2310.28,4680,0,9.78,9.8,3.8,108,1190,0
2310.48,4320,0,14.03,11.8,1.5,109,1080,0
2310.67,4040,0,15.28,12.2,-0.8,109,1020,0
2310.86,3760,0,15.03,11.8,-1.5,109,1000,0
2311.06,3440,0,13.78,11.4,-3,108,970,0
2311.25,3120,0,12.81,10.6,-3.8,108,960,0
2311.43,3080,0,11.86,9.8,-3.8,108,950,0
2311.63,3120,0,12.06,9.8,-3.8,108,940,0
2311.82,3080,0,12.53,9.8,-3.8,107,940,0
2312.03,3080,0,12.36,9.8,-3.8,107,930,0
2312.21,3080,0,13.36,9.8,-4.5,107,940,0
2312.4,3040,0,11.44,9.8,-4.5,106,950,0
2312.61,3040,0,11.06,9.4,-3.8,106,950,0
2312.79,3000,0,10.89,9.4,-3.8,105,950,0
2312.98,3000,0,11.11,9,-3.8,104,950,0
2313.18,2960,0,11.06,9,-3.8,104,950,0
2313.37,2960,0,10.44,9,-4.5,103,950,0
2313.56,2960,0,10.31,9,-4.5,103,950,0
2313.76,2920,0,10.47,8.6,-4.5,102,950,0
2313.95,2920,0,10.81,8.6,-4.5,101,940,0
2314.15,2880,0,9.92,8.6,-4.5,101,940,0
2314.34,2880,0,10.17,8.6,-4.5,100,940,0
2314.53,2880,0,10.17,8.6,-4.5,100,940,0
2314.73,2840,0,9.83,8.6,-4.5,99,940,0
2314.92,2840,0,10.14,8.6,-4.5,99,940,0
2315.11,2840,0,9.81,8.2,-4.5,98,940,0
2315.31,2800,0,10.08,8.2,-4.5,98,940,0
2315.5,2800,0,9.64,8.2,-4.5,97,940,0
2315.68,2800,0,9.47,8.2,-4.5,97,940,0
2315.88,2760,0,9.97,8.2,-3.8,96,940,0
2316.07,2760,0,9.92,8.2,-4.5,96,940,0
2316.27,2760,0,9.36,8.2,-4.5,95,940,0
2316.46,2720,0,9.64,8.2,-4.5,95,940,0
2316.65,2720,0,9.39,8.2,-4.5,94,940,0
2316.86,2720,0,9.28,7.8,-4.5,94,930,0
2317.04,2680,0,9.53,7.8,-4.5,94,930,0
2317.25,2680,0,9.56,7.8,-4.5,93,930,0
2317.46,2680,0,8.97,7.8,-4.5,93,930,0
2317.65,2640,0,9.11,7.8,-4.5,92,930,0
2317.86,2640,0,9.03,7.8,-4.5,92,930,0
2318.04,2640,0,9.11,7.8,-4.5,91,930,0
2318.23,2640,0,9.36,7.8,-4.5,91,930,0
2318.43,2640,0,9.06,7.8,-4.5,91,930,0
2318.62,2600,0,8.75,7.8,-4.5,91,930,0
2318.81,2600,0,9.14,7.8,-4.5,90,930,0
2319.01,2600,0,9.08,7.8,-4.5,90,930,0
2319.2,2600,0,8.39,7.8,-4.5,90,930,0
2319.39,2560,0,8.89,7.5,-4.5,89,930,0
2319.61,2560,0,8.86,7.5,-4.5,89,930,0
2319.79,2560,0,8.42,7.5,-4.5,89,930,0
2320,2560,0,8.83,7.5,-4.5,88,930,0
2320.2,2520,0,8.86,7.5,-4.5,88,930,0
2320.39,2520,0,8.97,7.5,-4.5,87,930,0
2320.58,2520,0,8.25,7.5,-4.5,87,930,0
2320.77,2480,0,8.42,7.5,-4.5,87,930,0
2320.96,2480,0,8.47,7.5,-4.5,86,920,0
2321.16,2480,0,8.03,7.5,-5.3,86,920,0
2321.35,2440,0,7.97,7.5,-5.3,85,920,0
2321.54,2440,0,8.25,7.5,-5.3,85,920,0
2321.74,2440,0,8.36,7.5,-5.3,84,920,0
2321.93,2400,0,8.25,7.5,-5.3,84,920,0
2322.14,2400,0,8.42,7.1,-5.3,84,920,0
2322.34,2400,0,8.08,7.1,-5.3,83,920,0
2322.53,2360,0,7.86,7.1,-5.3,83,920,0
2322.75,2360,0,8.14,7.1,-5.3,82,920,0
2322.93,2360,0,8.08,7.1,-5.3,82,920,0
2323.12,2320,0,7.83,7.1,-5.3,81,920,0
2323.33,2360,0.51,7.61,7.1,-5.3,81,920,0
2323.51,2320,0.51,7.25,6.7,-1.5,81,920,0
2323.72,2320,0.51,7.56,6.7,1.5,80,920,0
2323.9,2320,0.51,7.72,7.1,2.3,80,920,0
2324.09,2320,0.51,7.89,7.1,2.3,80,920,0
2324.3,2280,0.51,7.22,7.1,4.5,80,920,0
2324.48,2280,0.51,7.64,7.1,8.3,79,910,0
2324.69,2280,0.51,8.25,7.1,12,79,910,0
2324.9,2280,0.51,8.36,7.1,16.5,79,910,0
2325.09,2280,0.51,8.31,7.5,17.3,79,910,0
2325.29,2280,0.51,9.33,7.8,17.3,79,910,0
2325.48,2280,0.77,9.81,8.2,17.3,78,910,0
2325.68,2280,0.77,10.75,8.6,17.3,78,910,0
2325.88,2280,1.02,12.67,9.8,16.5,78,910,0
2326.07,2240,1.02,14.47,10.6,15.8,78,910,0
2326.26,2240,1.02,15.58,12.2,15,78,910,0
2326.48,2240,1.02,16.67,12.5,21.8,78,920,0
2326.67,2240,1.02,17.31,13.3,26.3,77,930,0
2326.87,2240,1.28,18.81,13.3,28.5,77,940,0
2327.06,2240,1.28,20.58,14.5,29.3,77,950,0
2327.24,2240,1.28,20.08,14.9,29.3,77,970,0
2327.45,2240,1.28,21.64,15.3,29.3,77,980,0
2327.63,2240,1.53,22.06,15.7,30,77,990,0
2327.82,2240,1.53,22.06,16.1,30,77,1010,0
2328.05,2240,1.53,23.75,15.7,30,77,1020,0
2328.23,2280,1.53,23.86,16.5,29.3,78,1030,0
2328.44,2280,1.79,23.61,16.9,28.5,78,1030,0
2328.64,2280,1.79,24.03,16.9,29.3,78,1040,0
2328.83,2280,1.79,24.42,16.9,28.5,78,1050,0
2329.04,2280,1.79,24.06,16.9,28.5,78,1050,0
2329.23,2320,1.79,24.44,16.9,28.5,79,1060,0
2329.42,2320,1.79,24.94,16.5,28.5,79,1060,0
2329.62,2320,1.79,24.14,16.5,28.5,79,1070,0
2329.81,2320,1.79,24.03,16.5,28.5,79,1070,0
2330.01,2320,2.04,25.42,17.3,28.5,80,1070,0
2330.2,2320,2.04,26.19,17.3,27,80,1070,0
2330.39,2360,2.04,25.5,17.6,26.3,80,1070,0
2330.58,2360,2.04,26.67,17.6,26.3,80,1080,0
2330.78,2360,2.04,26.36,18,26.3,81,1080,0
2330.96,2360,2.04,27.64,18.4,25.5,81,1080,0
2331.17,2360,2.04,27.64,18.4,25.5,81,1080,0
2331.37,2360,2.04,28.17,18.8,24.8,81,1090,0
2331.58,2360,2.29,29.03,19.2,24,81,1090,0
2331.77,2360,2.29,28.06,18.8,24,82,1090,0
2331.97,2360,2.04,27.81,19.2,24,82,1090,0
2332.17,2400,2.29,29.89,19.2,24,82,1090,0
2332.35,2400,2.29,30.19,20,24,82,1090,0
2332.54,2400,2.29,30.22,20.4,22.5,82,1090,0
2332.74,2400,2.29,30.69,20.4,22.5,82,1100,0
2332.94,2400,2.29,30.64,20.8,22.5,82,1100,0
2333.16,2440,2.55,31.75,21.2,22.5,83,1100,0
2333.36,2400,2.55,34.33,22.7,21,83,1090,0
2333.55,2440,2.81,35.31,23.9,21,83,1100,0
2333.75,2440,2.81,37,25.1,20.3,83,1110,0
2333.93,2440,2.55,35.61,25.1,20.3,84,1110,0
2334.12,2440,2.81,37.44,25.1,20.3,84,1110,0
2334.32,2480,2.81,35.53,25.5,20.3,84,1120,0
2334.51,2480,2.81,35.78,25.9,20.3,85,1120,0
2334.72,2480,2.55,35.47,25.9,20.3,85,1120,0
2334.92,2480,2.81,35.56,24.7,20.3,85,1120,0
2335.11,2480,2.55,32.69,24.3,20.3,85,1120,0
2335.32,2520,2.29,31.92,22.4,21.8,86,1120,0
2335.52,2520,2.29,32.89,21.2,22.5,86,1110,0
2335.72,2520,2.29,31.75,21.2,21.8,86,1100,0
2335.92,2560,2.29,30.44,20.8,23.3,87,1100,0
2336.11,2560,2.04,30.61,20.4,23.3,87,1100,0
2336.31,2560,2.04,29.75,20,23.3,87,1100,0
2336.49,2560,2.29,30.56,20,23.3,88,1100,0
2336.68,2560,2.04,30.17,20,23.3,88,1100,0
2336.88,2560,2.04,30.39,20,23.3,88,1100,0
2337.07,2600,2.04,28.67,19.6,23.3,89,1100,0
2337.26,2600,2.04,28.33,18.8,24.8,89,1100,0
2337.47,2600,2.04,28.94,18.4,24.8,89,1090,0
2337.67,2600,1.79,27.56,18.4,24.8,89,1090,0
2337.87,2640,1.53,22.25,16.1,25.5,90,1090,0
2338.06,2640,1.53,21.67,14.9,27.8,90,1070,0
2338.25,2640,1.53,20.03,14.1,28.5,90,1060,0
2338.46,2640,1.28,17.75,13.7,29.3,90,1050,0
2338.65,2640,1.02,16.64,12.9,30.8,90,1030,0
2338.84,2600,1.02,15.92,12.2,32.3,90,1020,0
2339.04,2600,1.02,14.25,11,33,90,1010,0
2339.23,2600,1.02,14.03,11,33.8,90,1000,0
2339.42,2600,0.77,13.56,10.6,34.5,90,990,0
2339.62,2600,1.02,14.08,10.6,34.5,90,980,0
2339.82,2600,1.02,13.56,10.6,34.5,90,970,0
2340.03,2600,0.77,13.28,10.6,34.5,90,970,0
2340.22,2600,0.77,13.36,10.6,35.3,90,970,0
2340.4,2600,1.02,13.61,10.6,35.3,89,960,0
2340.6,2600,1.02,13.56,10.6,35.3,89,960,0
2340.79,2560,0.77,13.25,10.6,35.3,89,960,0
2340.98,2560,0.77,13.28,10.6,35.3,89,950,0
2341.18,2560,1.02,13.42,10.6,35.3,88,950,0
2341.37,2520,0.77,11.03,10.2,35.3,88,950,0
2341.56,2520,0.77,10.92,9.4,36.8,88,950,0
2341.76,2520,0.77,11.06,9,36.8,87,940,0
2341.95,2520,0.77,9.81,9,36.8,87,940,0
2342.15,2520,0.51,8.53,7.8,38.3,87,940,0
2342.34,2480,0.51,7.97,7.5,34.5,87,930,0
2342.52,2480,0.51,7.83,7.1,30,86,930,0
2342.73,2480,0.51,7.89,7.1,22.5,86,930,0
2342.92,2480,0.51,7.94,7.1,19.5,86,920,0
2343.1,2480,0.51,7.72,7.1,18.8,86,920,0
2343.3,2480,0.51,7.92,7.1,17.3,86,920,0
2343.49,2480,0.51,7.89,7.1,17.3,85,920,0
2343.68,2440,0.51,7.86,7.1,17.3,85,910,0
2343.9,2440,0.51,7.89,7.1,17.3,85,910,0
2344.09,2440,0.51,7.94,7.1,17.3,85,910,0
2344.29,2440,0.51,7.83,7.1,17.3,84,910,0
2344.48,2440,0.51,7.75,7.1,17.3,84,910,0
2344.67,2440,0.51,8.06,7.1,17.3,84,910,0
2344.87,2440,0.51,7.92,7.1,17.3,84,910,0
2345.06,2440,0.51,8.19,7.1,17.3,84,910,0
2345.24,2400,0.51,7.64,7.1,12.8,84,910,0
2345.45,2400,0.51,7.78,6.7,8.3,83,910,0
2345.63,2440,0.51,7.86,6.7,6.8,83,910,0
2345.82,2400,0.51,7.58,6.7,6.8,83,910,0
2346.05,2400,0.51,7.69,7.1,4.5,83,910,0
2346.25,2400,0.51,7.78,6.7,1.5,83,910,0
2346.45,2400,0.51,7.53,6.7,0.8,83,910,0
2346.64,2400,0.51,7.17,6.7,1.5,83,910,0
2346.82,2360,0.51,7.56,6.7,3,82,910,0
2347.03,2360,0.51,7.5,6.7,3.8,82,910,0
2347.22,2360,0.51,7.36,6.7,10.5,82,910,0
2347.4,2360,0.51,7.69,6.7,17.3,81,910,0
2347.61,2360,0.77,8.61,7.1,17.3,81,910,0
2347.79,2320,1.02,12.28,9,17.3,81,900,0
2348,2320,1.02,12.53,10.6,15.8,80,900,0
2348.18,2320,1.02,13.94,11,15.8,80,910,0
2348.37,2320,1.28,15.58,12.5,16.5,80,910,0
2348.57,2320,1.28,17.08,12.5,21,80,930,0
2348.76,2320,1.28,16.64,13.3,27,80,940,0
2348.95,2320,1.28,17.22,12.9,29.3,79,950,0
2349.17,2320,1.28,18.19,13.7,30,80,960,0
2349.35,2320,1.53,18.81,13.7,30,80,970,0
2349.54,2320,1.53,19.44,13.7,30.8,80,980,0
2349.74,2320,1.53,20.25,14.1,30,80,990,0
2349.93,2320,1.53,21.28,15.7,29.3,80,1000,0
2350.14,2320,1.79,22.44,15.3,29.3,80,1010,0
2350.32,2320,1.79,22.67,15.7,27.8,80,1020,0
2350.51,2360,1.79,22.78,16.1,28.5,80,1030,0
2350.71,2360,1.79,23.72,16.1,28.5,80,1040,0
2350.9,2360,1.79,24.06,16.5,27.8,81,1050,0
2351.09,2360,2.04,25.06,16.9,27.8,81,1060,0
2351.31,2360,1.79,25.83,16.9,27.8,81,1060,0
2351.51,2360,2.04,26.61,17.3,27,81,1070,0
2351.72,2360,2.04,27.08,17.6,26.3,81,1070,0
2351.9,2360,2.04,27.28,18,25.5,81,1080,0
2352.09,2360,2.04,27.64,18,25.5,82,1080,0
2352.3,2400,2.04,27.81,18,25.5,82,1080,0
2352.48,2400,2.04,27.22,18,25.5,82,1080,0
2352.67,2400,2.04,26.81,18,25.5,82,1090,0
2352.87,2400,2.04,25.67,18,25.5,82,1090,0
2353.06,2400,2.04,26.94,18,25.5,83,1080,0
2353.25,2400,2.04,26.36,17.6,25.5,83,1080,0
2353.45,2400,2.04,25.81,17.6,25.5,83,1080,0
2353.64,2440,1.79,25.58,17.3,25.5,83,1080,0
2353.84,2440,1.79,25.17,16.9,25.5,83,1080,0
2354.03,2440,2.04,25.25,16.9,26.3,83,1070,0
2354.21,2440,1.79,25.5,16.9,26.3,84,1070,0
2354.43,2440,1.79,25.39,16.9,26.3,84,1070,0
2354.62,2440,1.79,24.89,16.9,26.3,84,1070,0
2354.8,2440,1.79,24.33,16.9,26.3,84,1070,0
2355.01,2480,2.04,26.08,17.3,26.3,84,1070,0
2355.21,2480,2.04,27.39,17.6,25.5,85,1070,0
2355.44,2480,2.04,27.89,18.4,24.8,85,1080,0
2355.62,2480,2.04,28.19,18.4,24.8,85,1080,0
2355.81,2480,2.04,29.11,18.4,24.8,85,1090,0
2356.01,2520,2.04,28.31,18.4,24.8,86,1090,0
2356.2,2520,2.04,28.97,18.4,24.8,86,1090,0
2356.39,2520,2.04,26.94,18.4,24.8,86,1090,0
2356.59,2520,2.04,28,18.4,24.8,86,1090,0
2356.78,2520,2.04,28.06,18.4,24.8,87,1090,0
2356.96,2520,2.04,28.36,18.4,24.8,87,1090,0
2357.17,2560,2.04,27.39,18.4,24.8,87,1090,0
2357.36,2560,2.04,27.64,18,24.8,87,1090,0
2357.56,2560,2.04,27.69,18,24.8,88,1090,0
2357.76,2560,1.79,27.36,17.6,24.8,88,1090,0
2357.95,2560,1.79,22.5,16.9,24.8,88,1090,0
2358.15,2560,1.28,16.17,12.5,27.8,88,1080,0
2358.34,2560,1.28,16.58,12.5,30,88,1050,0
2358.53,2560,1.02,13.83,11,30.8,89,1030,0
2358.73,2560,1.02,12.11,10.6,33.8,89,1020,0
2358.92,2600,1.02,12.06,9.8,32.3,89,1000,0
2359.11,2560,0.77,11.94,9.8,30,89,990,0
2359.31,2560,0.77,10.5,9,29.3,89,980,0
2359.51,2560,0.77,10.28,9,29.3,89,970,0
2359.74,2560,1.02,14.89,9.4,29.3,89,950,0
2359.93,2560,1.28,18.97,12.5,26.3,89,950,0
2360.12,2560,1.28,21.53,14.5,24,89,960,0
2360.32,2560,1.28,23.67,16.5,26.3,89,980,0
2360.51,2560,1.53,23.94,16.5,26.3,88,1000,0
2360.72,2560,1.53,24.69,16.5,27,88,1020,0
2360.9,2560,0.77,6.92,14.9,23.3,88,1020,0
2361.1,2360,0.51,6.83,7.1,0.8,88,990,0
2361.3,2160,0.51,7.33,7.5,-5.3,88,960,0
2361.5,2040,0.51,6.56,7.1,-5.3,88,950,0
2361.68,2120,0.77,8.08,6.3,15.8,87,930,0
2361.89,2080,1.53,16.33,11,16.5,87,910,0
2362.07,2080,1.79,20.67,13.7,18.8,87,920,0
2362.29,2120,2.04,23.92,16.9,22.5,87,940,0
2362.48,2120,1.79,24.36,18.8,27,87,970,0
2362.67,2120,2.04,25.17,19.2,27.8,87,1000,0
2362.87,2120,2.29,26.39,19.2,27.8,87,1030,0
2363.06,2120,2.29,26.22,18.8,25.5,87,1040,0
2363.25,2120,2.29,26.17,18.8,23.3,87,1060,0
2363.44,2160,2.29,27.5,18.8,25.5,88,1070,0
2363.64,2160,2.29,28.61,20,22.5,88,1080,0
2363.83,2160,2.55,28.97,20,22.5,88,1080,0
2364.03,2160,2.55,28.83,20.4,21,88,1090,0
2364.21,2160,2.29,29.97,20.4,21.8,89,1090,0
2364.43,2160,2.55,30.25,21.6,21.8,89,1090,0
2364.62,2160,2.55,30.03,22,21,89,1100,0
2364.81,2160,2.55,31.61,22,21,89,1100,0
2365.02,2200,2.55,30.75,22,21,90,1100,0
2365.21,2200,2.55,31.39,22.4,21,90,1100,0
2365.4,2200,2.55,29.58,21.6,21,90,1100,0
2365.6,2200,2.55,28.31,20.4,21.8,90,1100,0
2365.79,2200,2.29,29.53,20.8,21.8,90,1100,0
2365.99,2200,2.29,28.53,21.2,21.8,90,1100,0
2366.19,2200,2.55,29.83,21.2,21.8,91,1100,0
2366.37,2200,2.55,29.81,21.2,21.8,91,1100,0
2366.57,2200,2.29,29.89,21.6,21.8,91,1100,0
2366.78,2200,2.29,29.81,21.6,21.8,91,1100,0
2366.98,2240,2.55,30.58,21.6,21.8,91,1100,0
2367.18,2240,2.55,31.53,22.4,21,92,1100,0
2367.37,2240,2.55,30.97,22,21,92,1100,0
2367.57,2240,2.55,30.94,22.4,21,92,1100,0
2367.76,2240,2.55,31.19,22.4,21,92,1100,0
2367.97,2240,2.55,32.19,22.4,21,92,1110,0
2368.17,2280,2.55,30.83,22.4,20.3,93,1110,0
2368.35,2280,2.29,30.61,22.4,21,93,1110,0
2368.54,2280,2.29,29.31,22,21,93,1110,0
2368.76,2280,2.29,26,19.2,23.3,93,1110,0
2368.95,2280,1.28,13.86,16.5,27,93,1080,0
2369.13,2280,1.02,13.33,11.4,31.5,94,1030,0
2369.34,2280,1.28,15.14,11.8,32.3,94,990,0
2369.53,2280,1.28,14.89,12.2,32.3,94,970,0
2369.73,2280,1.28,15.06,12.2,32.3,94,960,0
2369.92,2280,1.28,16.78,12.2,32.3,94,970,0
2370.1,2280,1.53,15.83,11.8,32.3,93,980,0
2370.32,2240,1.28,15.11,11.8,31.5,93,980,0
2370.51,2240,1.28,16.11,11.8,31.5,93,970,0
2370.7,2240,1.28,16.5,12.5,31.5,93,970,0
2370.9,2240,1.53,16.81,12.5,31.5,93,980,0
2371.09,2240,1.53,17.28,12.5,31.5,93,980,0
2371.29,2240,1.53,17.89,13.3,30.8,93,980,0
2371.48,2240,1.53,18.47,13.3,30.8,93,990,0
2371.67,2240,1.53,18.97,13.7,30.8,93,990,0
2371.87,2240,1.53,19.14,13.7,30.8,93,1000,0
2372.05,2240,1.53,18.92,13.7,30.8,93,1000,0
2372.25,2240,1.53,17.86,13.7,30.8,93,1000,0
2372.45,2240,1.53,17.39,12.5,30.8,93,1010,0
2372.64,2240,1.53,17.56,12.9,30.8,93,1010,0
2372.82,2240,1.53,17.42,12.9,30.8,93,1000,0
2373.02,2240,1.28,14.17,11.4,30.8,93,1010,0
2373.22,2240,1.02,13.36,10.6,31.5,92,1000,0
2373.42,2240,1.28,13.5,10.6,32.3,92,990,0
2373.61,2240,1.28,13.19,10.6,32.3,92,980,0
2373.79,2240,1.02,13.94,10.6,32.3,92,970,0
2373.99,2240,1.28,15.03,11,32.3,92,970,0
2374.18,2240,1.28,16.42,11.8,31.5,92,970,0
2374.37,2240,1.28,17.17,12.5,30.8,92,970,0
2374.57,2240,1.28,18.22,12.5,30.8,92,970,0
2374.76,2240,1.28,18.53,13.7,30.8,92,980,0
2374.98,2240,1.53,18.58,13.7,30.8,92,990,0
2375.17,2240,1.53,19.56,13.7,30.8,92,990,0
2375.36,2240,1.53,18.39,13.7,30,92,1000,0
2375.58,2240,1.53,18.94,13.7,30.8,92,1000,0
2375.76,2240,1.53,18.83,13.7,30,92,1010,0
2375.95,2240,1.53,18.17,13.7,30,92,1010,0
2376.15,2240,1.53,17.31,13.7,30.8,92,1010,0
2376.35,2240,1.28,15.69,11.8,31.5,92,1010,0
2376.55,2240,1.28,15.56,11.8,31.5,92,1000,0
2376.74,2240,1.28,14.14,11.4,32.3,92,1000,0
2376.93,2200,1.02,14.42,11,32.3,92,990,0
2377.14,2200,1.28,15.94,11.8,32.3,92,980,0
2377.32,2200,1.28,16.89,12.5,31.5,91,980,0
2377.51,2200,1.28,17.03,12.9,31.5,91,980,0
2377.71,2200,1.28,16.81,12.9,31.5,91,990,0
2377.9,2200,1.28,17.5,12.9,31.5,91,990,0
2378.09,2240,1.53,17.17,12.9,31.5,91,990,0
2378.3,2240,1.53,18,13.3,31.5,92,990,0
2378.48,2240,1.28,17.19,12.9,30.8,92,990,0
2378.67,2240,0.77,10.67,11.8,31.5,92,1000,0
2378.89,2240,1.02,11.69,8.6,31.5,92,990,0
2379.07,2240,1.02,11.72,9.4,27,92,970,0
2379.28,2240,1.02,11.83,9.8,20.3,92,970,0
2379.48,2240,1.02,12.28,9.8,17.3,92,960,0
2379.67,2200,1.02,11.03,9.8,13.5,92,960,0
2379.87,2200,0.77,8.53,7.8,5.3,91,950,0
2380.06,2200,0.77,8.03,7.5,6.8,91,950,0
2380.26,2200,0.77,8.69,7.5,16.5,91,940,0
2380.47,2200,0.77,10.97,8.6,15.8,91,930,0
2380.65,2200,1.02,11.58,9.8,15.8,90,930,0
2380.87,2200,1.02,12.78,9.8,15,90,930,0
2381.06,2200,1.02,14.31,11,15,90,930,0
2381.26,2200,1.28,14.28,11.4,14.3,90,940,0
2381.45,2200,1.28,15.47,11.4,14.3,90,940,0
2381.64,2200,1.28,15.33,12.2,14.3,90,950,0
2381.83,2200,1.28,15.56,12.2,14.3,90,950,0
2382.03,2200,1.28,15.39,12.2,14.3,90,960,0
2382.23,2200,1.28,15.25,12.2,14.3,90,960,0
2382.43,2200,1.28,15.72,12.2,14.3,91,960,0
2382.62,2200,1.28,15.03,12.2,14.3,90,970,0
2382.8,2200,1.28,15.56,11.8,14.3,90,970,0
2383.01,2200,1.28,15.42,11.8,14.3,90,970,0
2383.2,2200,1.28,14.64,11.8,14.3,90,970,0
2383.4,2160,0.51,5.67,9.4,14.3,90,980,0
2383.59,2160,0.51,6.42,5.5,16.5,90,950,0
2383.78,2120,0.51,6.14,6.7,9.8,90,930,0
2383.98,2160,0.51,7.33,6.7,2.3,90,920,0
2384.17,2160,0.51,7.42,6.7,-3.8,89,920,0
2384.37,2160,0.51,7.39,6.7,-5.3,89,910,0
2384.58,2120,0.51,7.5,6.7,-5.3,89,910,0
2384.76,2120,0,7.39,6.7,2.3,89,910,0
2384.95,2120,0,7.64,6.7,-5.3,88,910,0
2385.15,2120,0,7.44,6.7,-5.3,88,910,0
2385.34,2120,0,7.47,6.7,-5.3,88,910,0
2385.54,2120,0,7.31,6.7,-5.3,87,910,0
2385.73,2080,0,7.72,6.7,-5.3,87,910,0
2385.92,2080,0,7.44,6.7,-5.3,87,920,0
2386.12,2080,0,7,6.3,-5.3,86,920,0
2386.31,2040,0,6.92,6.3,-5.3,86,920,0
2386.49,2040,0,6.75,6.3,-5.3,85,920,0
2386.71,2040,0,6.56,6.3,-5.3,85,920,0
2386.91,2040,0,6.64,5.9,-5.3,85,920,0
2387.12,2000,0,6.17,5.9,-5.3,84,920,0
2387.32,2000,0,6.47,5.9,-4.5,83,920,0
2387.51,2000,0,6.47,5.9,-4.5,83,920,0
2387.73,1960,0,6.42,5.9,-4.5,82,920,0
2387.92,1960,0,5.94,5.9,-5.3,82,920,0
2388.11,1960,0,6.39,5.5,-5.3,82,920,0
2388.31,1960,0,6.42,5.5,-5.3,81,920,0
2388.5,1920,0,6.17,5.5,-5.3,81,920,0
2388.7,1920,0,6.08,5.5,-5.3,80,920,0
2388.88,1920,0,6.06,5.5,-5.3,80,920,0
2389.08,1920,0,6.03,5.5,-5.3,79,920,0
2389.28,1920,0,5.92,5.5,-6,79,920,0
2389.46,1880,0,6,5.5,-6,79,920,0
2389.65,1880,0,6.03,5.5,-6,79,920,0
2389.85,1880,0,5.94,5.5,-6,78,920,0
2390.05,1880,0,6,5.5,-6,78,920,0
2390.23,1880,0,6.03,5.5,-6,78,920,0
2390.43,1840,0,6.06,5.5,-6,77,920,0
2390.62,1840,0,6,5.5,-6.8,77,920,0
2390.82,1840,0,5.78,5.5,-6.8,77,920,0
2391.01,1840,0,5.86,5.5,-6.8,76,920,0
2391.2,1840,0,6.06,5.5,-6.8,76,920,0
2391.42,1800,0,5.83,5.5,-6.8,76,920,0
2391.61,1800,0,5.75,5.5,-6.8,75,920,0
2391.79,1800,0,5.69,5.5,-6.8,75,920,0
2392,1800,0.77,6.69,5.5,-6.8,75,920,0
2392.18,1840,1.28,9.97,7.5,10.5,75,910,0
2392.38,1840,2.81,22.47,12.9,5.3,74,890,0
2392.57,1800,2.81,23,20,9.8,75,910,0
2392.76,1840,2.81,24.56,22,15.8,75,950,0
2392.99,1840,2.81,27.78,23.5,18,75,980,0
2393.19,1840,3.06,28.75,25.1,17.3,75,1020,0
2393.37,1840,3.06,28.81,25.5,15.8,76,1050,0
2393.59,1880,2.81,28.97,25.5,16.5,76,1080,0
2393.78,1880,2.81,29.39,25.1,16.5,76,1110,0
2393.96,1880,2.81,29.33,24.7,15.8,77,1120,0
2394.17,1880,2.81,29.22,25.5,15.8,77,1140,0
2394.35,1880,2.81,29.53,25.5,15.8,77,1150,0
2394.56,1920,2.81,28.14,24.3,15.8,78,1150,0
2394.74,1920,2.81,27.86,23.1,15.8,78,1130,0
2394.93,1920,2.81,29.03,23.5,16.5,79,1120,0
2395.13,1920,2.81,28.72,24.3,15.8,79,1110,0
2395.32,1960,2.81,29.61,25.1,15.8,79,1110,0
2395.51,1960,2.81,29.31,24.3,15.8,80,1110,0
2395.73,1960,2.81,28.03,23.1,16.5,80,1110,0
2395.91,1960,2.81,27.56,23.1,16.5,81,1100,0
2396.1,2000,2.81,27.33,23.1,16.5,81,1110,0
2396.32,2000,2.55,26.5,21.2,18,81,1100,0
2396.51,2000,2.29,25.28,20.4,20.3,82,1090,0
2396.73,2000,2.55,26.44,20.4,21.8,82,1090,0
2396.92,2000,2.29,26,20,21.8,82,1090,0
2397.1,2000,2.29,25.94,20,22.5,83,1080,0
2397.31,2040,2.29,25.81,19.6,22.5,83,1080,0
2397.5,2040,2.29,24.83,19.6,22.5,83,1080,0
2397.72,2040,2.29,25.33,19.2,23.3,84,1080,0
2397.9,2040,2.29,24.19,18.8,23.3,84,1080,0
2398.09,2040,2.04,23.33,17.3,24.8,84,1080,0
2398.3,2080,2.04,22.67,16.5,27,84,1080,0
2398.48,2080,2.04,22.36,16.1,28.5,85,1070,0
2398.67,2080,1.79,22.11,16.1,28.5,85,1060,0
2398.87,2080,1.79,22,16.1,28.5,85,1060,0
2399.06,2080,2.04,21.97,16.1,29.3,86,1050,0
2399.24,2080,2.04,21.75,16.1,29.3,86,1050,0
2399.45,2080,1.79,21.64,15.7,30,86,1050,0
2399.63,2080,1.79,19.83,15.7,30,86,1050,0
2399.83,2080,1.53,14,13.3,30,86,1050,0
2400.03,2080,1.28,12.53,10.2,32.3,86,1030,0
2400.21,2080,1.02,11.33,9.8,32.3,86,1010,0
2400.42,2080,1.02,11.06,9,33,86,990,0
2400.6,2080,1.02,12.78,9.4,33.8,86,980,0
2400.8,2080,1.28,13.64,10.6,33,86,970,0
2401,2080,1.28,14.08,10.6,32.3,85,960,0
2401.18,2080,1.28,14.69,11.8,32.3,85,960,0
2401.37,2080,1.28,14.92,11.8,32.3,85,960,0
2401.57,2080,1.53,15.92,12.2,32.3,85,960,0
2401.76,2080,1.53,16.33,12.5,31.5,85,970,0
2401.97,2080,1.53,16.75,12.9,31.5,85,970,0
2402.16,2080,1.53,16.78,12.9,31.5,85,970,0
2402.35,2080,1.53,15.64,12.5,31.5,85,980,0
2402.56,2080,1.28,13.44,11.4,31.5,85,980,0
2402.74,2080,1.02,12.22,10.2,32.3,85,980,0
2402.94,2080,1.28,12,9.8,33,85,970,0
2403.13,2080,1.02,11.69,9.4,33,85,960,0
2403.32,2040,1.02,10.94,9.4,33,85,960,0
2403.51,2040,0.77,8.22,7.5,33.8,85,960,0
2403.72,2040,0.77,8.11,7.5,30.8,85,950,0
2403.9,2040,0.77,7.61,7.1,24.8,85,940,0
2404.11,2040,0.77,7.81,7.1,19.5,85,940,0
2404.29,2040,0.77,7.5,7.1,17.3,84,930,0
2404.48,2040,0.77,7.28,6.7,16.5,84,930,0
2404.69,2040,0.77,7.17,6.7,16.5,84,920,0
2404.87,2040,0.51,6.53,5.9,16.5,84,920,0
2405.06,2000,0.51,6.36,5.9,16.5,84,920,0
2405.26,2000,0.51,6.06,5.9,16.5,84,920,0
2405.47,2000,0.51,6.31,5.9,16.5,83,910,0
2405.69,2000,0.51,5.47,5.9,16.5,83,910,0
2405.87,2000,0.51,5.47,5.1,10.5,83,910,0
2406.06,2000,0.51,5.78,5.5,-2.3,83,910,0
2406.26,2000,0,6.28,5.9,-3.8,83,910,0
2406.45,2000,0.51,6.28,5.9,8.3,83,910,0
2406.63,2000,0,6.44,5.9,-3.8,82,910,0
2406.84,1960,0,6.42,5.9,-4.5,82,910,0
2407.03,1960,0,6.39,5.9,-5.3,82,910,0
2407.21,1960,0,6.47,5.9,-5.3,81,910,0
2407.45,1960,0,6.31,5.9,-5.3,81,910,0
2407.63,1960,0,6.72,5.9,-5.3,81,920,0
2407.84,1960,0,6.36,5.5,-5.3,81,920,0
2408.02,1920,0,6.19,5.5,-5.3,80,920,0
2408.23,1920,0,6.06,5.5,-5.3,80,920,0
2408.44,1920,0,6.08,5.5,-5.3,80,920,0
2408.62,1920,0,6.06,5.5,-6,79,920,0
2408.81,1920,0,6.08,5.5,-6,79,920,0
2409.02,1880,0,6.14,5.5,-6,79,920,0
2409.2,1880,0,6.03,5.5,-6,79,920,0
2409.4,1880,0,6.19,5.5,-6,78,920,0
2409.59,1880,0,6.17,5.5,-6,78,920,0
2409.77,1880,0,6,5.5,-6,78,920,0
2409.98,1880,0,5.56,5.5,-6,77,920,0
2410.17,1840,0,5.61,5.5,-6,77,920,0
2410.36,1840,0,5.64,5.5,-6.8,77,920,0
2410.56,1840,0,5.86,5.5,-6.8,76,920,0
2410.76,1840,0,5.83,5.5,-6.8,76,920,0
2410.97,1840,0,6.19,5.5,-6.8,76,920,0
2411.17,1840,0,6.03,5.5,-6.8,76,920,0
2411.35,1800,0,6,5.5,-6.8,76,920,0
2411.56,1840,0,5.86,5.5,-6.8,75,920,0
2411.74,1840,0,5.94,5.5,-6.8,75,920,0
2411.93,1840,0,5.72,5.5,-6.8,75,920,0
2412.14,1840,0,5.75,5.5,-6.8,75,920,0
2412.32,1840,0,5.69,5.5,-6.8,75,920,0
2412.51,1840,0,5.97,5.5,-6.8,75,920,0
2412.73,1800,0,5.78,5.5,-6.8,75,920,0
2412.92,1800,0,5.69,5.5,-6.8,75,920,0
2413.12,1800,0,5.89,5.5,-6.8,75,920,0
2413.31,1800,0,5.94,5.5,-6.8,75,920,0
2413.5,1800,0,5.83,5.5,-7.5,74,920,0
2413.7,1760,0,5.47,5.1,-7.5,74,920,0
2413.89,1760,0,5.53,5.1,-7.5,74,920,0
2414.08,1760,0,5.64,5.1,-7.5,73,920,0
2414.28,1760,0.77,5.61,5.1,-7.5,73,920,0
2414.47,1760,0.77,5.5,5.1,-0.8,73,910,0
2414.65,1760,0.77,5.61,5.5,6.8,73,910,0
2414.86,1760,0.77,6.75,5.9,15,73,910,0
2415.04,1800,1.02,7.36,6.7,15.8,73,910,0
2415.24,1760,1.02,7.86,7.1,15.8,73,910,0
2415.43,1760,1.02,8.86,7.5,15.8,73,900,0
2415.62,1760,1.28,9.81,8.6,15,73,900,0
2415.82,1760,1.28,10.36,9,15,73,910,0
2416.03,1760,1.28,10.25,9,15,73,910,0
2416.21,1760,1.28,10.31,9,15,73,910,0
2416.42,1760,1.28,10,9,15,73,910,0
2416.61,1760,1.28,10.53,9,15,73,910,0
2416.82,1760,1.28,10.61,9,15,73,910,0
2417.02,1800,1.53,13.39,9.8,15,73,910,0
2417.2,1840,1.79,15.47,12.2,16.5,73,910,0
2417.4,1760,2.04,18.33,14.5,21,73,920,0
2417.59,1800,2.04,20.06,16.5,23.3,73,930,0
2417.78,1800,2.04,19.53,17.3,24,74,950,0
2417.99,1800,2.29,21.03,17.3,24,74,970,0
2418.2,1800,2.29,21.47,17.3,22.5,74,990,0
2418.42,1800,2.29,21.25,17.3,22.5,74,1010,0
2418.6,1800,2.29,21.39,16.9,22.5,74,1020,0
2418.8,1800,2.29,21.03,16.9,22.5,74,1030,0
2418.99,1800,2.29,20.47,16.9,22.5,74,1030,0
2419.18,1800,2.29,20.61,16.9,22.5,74,1040,0
2419.37,1800,2.29,21.33,16.9,22.5,74,1040,0
2419.57,1800,2.29,21.28,16.9,22.5,75,1040,0
2419.76,1840,2.29,20.75,16.9,22.5,75,1050,0
2419.96,1840,2.29,21.97,16.9,22.5,75,1050,0
2420.15,1840,2.29,21.39,16.9,22.5,75,1050,0
2420.34,1840,2.29,21.86,16.9,22.5,75,1050,0
2420.55,1840,2.29,21.89,16.9,22.5,76,1050,0
2420.73,1840,2.29,21.67,16.5,22.5,76,1050,0
2420.91,1840,2.29,22.11,16.5,23.3,76,1050,0
2421.12,1840,2.29,21.08,16.5,23.3,76,1050,0
2421.31,1880,2.04,19.56,14.9,23.3,77,1050,0
2421.5,1880,2.04,18.19,14.9,27,77,1050,0
2421.7,1880,1.79,17.19,13.7,27,77,1040,0
2421.88,1880,1.79,15.36,12.2,27.8,77,1030,0
2422.1,1880,1.53,13.75,11.4,30,77,1020,0
2422.29,1880,1.53,13.36,10.6,30.8,77,1000,0
2422.48,1880,1.28,13.17,10.6,31.5,77,990,0
2422.68,1880,1.28,12.83,10.6,32.3,78,980,0
2422.87,1880,1.28,12.58,9.8,32.3,78,970,0
2423.05,1880,1.28,12.11,10.2,32.3,78,970,0
2423.28,1880,1.28,13.14,9.8,32.3,78,960,0
2423.46,1920,1.53,15.03,11.4,32.3,78,950,0
2423.65,1920,1.79,16.69,12.5,31.5,78,950,0
2423.85,1920,1.79,17.14,13.3,30,78,960,0
2424.05,1920,1.79,18,13.7,30,79,960,0
2424.24,1920,1.79,17.33,14.1,28.5,79,970,0
2424.43,1920,1.79,17.94,14.1,29.3,79,980,0
2424.62,1920,1.79,17.78,14.1,29.3,79,980,0
2424.82,1920,1.79,18,14.1,29.3,79,990,0
2425.01,1920,1.79,17.94,14.1,29.3,79,990,0
2425.2,1920,1.79,18.5,14.1,29.3,79,990,0
2425.4,1920,1.79,16.47,13.7,29.3,79,1000,0
2425.58,1920,1.53,15.47,12.2,30.8,79,1000,0
2425.78,1920,1.53,15.5,12.2,30.8,79,990,0
2425.98,1920,1.53,15.47,12.2,30.8,79,990,0
2426.17,1920,1.53,15.39,12.2,30.8,79,980,0
2426.37,1920,1.53,15.44,12.2,30.8,79,980,0
2426.56,1920,1.79,17.31,12.5,30.8,79,970,0
2426.74,1920,1.79,17.89,13.3,30,80,980,0
2426.95,1920,1.79,18.06,13.7,29.3,80,980,0
2427.13,1920,1.79,17.64,14.1,29.3,80,980,0
2427.32,1920,1.79,17.86,14.1,29.3,80,990,0
2427.53,1920,1.79,17.94,13.7,29.3,80,990,0
2427.72,1920,1.79,18.25,14.1,29.3,80,990,0
2427.9,1960,1.79,18.06,13.7,29.3,80,1000,0
2428.11,1960,1.79,18.64,14.1,29.3,80,1000,0
2428.3,1960,1.79,18.33,14.1,29.3,80,1000,0
2428.5,1960,1.79,18.72,14.1,29.3,80,1000,0
2428.72,1960,1.79,18.64,14.1,29.3,80,1000,0
2428.92,1960,1.79,18.78,14.1,29.3,81,1000,0
2429.12,1960,1.79,18.14,14.1,29.3,81,1010,0
2429.32,1960,1.79,19.06,14.1,29.3,81,1010,0
2429.51,2000,1.79,18.92,14.1,29.3,81,1010,0
2429.72,2000,1.79,18.69,14.1,30.8,81,1010,0
2429.9,2000,1.79,19.19,14.1,30.8,82,1010,0
2430.11,2000,1.79,19.36,14.5,30.8,82,1010,0
2430.29,2000,1.79,20.92,14.5,30.8,82,1010,0
2430.48,2000,1.79,19.81,15.3,30,82,1010,0
2430.68,2000,1.79,20.17,14.9,30,83,1020,0
2430.87,2000,1.79,19.86,15.3,30,83,1020,0
2431.06,2000,1.79,18.64,14.9,30,83,1020,0
2431.25,2000,1.79,18.86,13.7,30.8,83,1020,0
2431.45,2040,1.79,18.42,13.7,30.8,83,1020,0
2431.63,2000,1.79,17.67,13.3,30.8,83,1010,0
2431.83,2000,1.53,16.97,12.9,30.8,83,1010,0
2432.03,2040,1.53,16.61,12.9,31.5,83,1010,0
2432.23,2040,1.53,16.86,12.5,31.5,83,1000,0
2432.42,2040,1.53,14.08,12.2,31.5,83,1000,0
2432.61,2040,1.28,12.39,10.6,32.3,84,990,0
2432.81,2040,1.02,10.22,9.4,33,84,980,0
2432.99,2040,1.02,10.08,8.6,33.8,84,970,0
2433.18,2040,0.77,8.83,8.2,33.8,84,960,0
2433.38,2040,0.77,8.03,7.5,33.8,84,950,0
2433.57,2000,0.51,6.92,6.7,29.3,84,950,0
2433.76,2000,0.51,6.64,5.9,23.3,83,940,0
2433.98,2000,0.51,5.69,5.5,18.8,83,930,0
2434.17,2000,0.51,6.06,5.5,17.3,83,930,0
2434.38,2000,0.51,5.89,5.5,-2.3,83,920,0
2434.57,2000,0.51,6.14,5.9,-4.5,83,920,0
2434.76,2000,0.51,6.25,5.9,-4.5,83,920,0
2434.96,2000,0.51,6.58,5.9,9,83,910,0
2435.15,2000,0,6.36,5.9,-3.8,83,910,0
2435.34,2000,0,6.5,5.9,-4.5,83,910,0
2435.54,2000,0,6.64,5.9,-5.3,83,910,0
2435.73,2000,0,6.83,5.9,-5.3,82,920,0
2435.91,2000,0,6.58,5.9,-5.3,82,920,0
2436.14,2000,0.77,6.39,5.9,-5.3,82,920,0
2436.33,2000,0.77,5.83,5.5,1.5,82,920,0
2436.52,2000,1.02,8.33,6.3,12,82,910,0
2436.73,1960,1.28,11.44,8.2,14.3,82,910,0
2436.92,2000,1.53,12.36,9.8,6.8,82,910,0
2437.12,2000,1.53,14.39,11.4,14.3,82,910,0
2437.32,2000,1.53,15.14,11.8,17.3,82,920,0
2437.51,2000,1.53,15,12.2,23.3,82,920,0
2437.71,2000,1.79,16,12.2,28.5,82,930,0
2437.9,2000,1.79,17.08,12.5,30,82,940,0
2438.11,2000,2.29,21.03,14.9,30.8,82,940,0
2438.3,2000,2.04,23.06,18,29.3,82,960,0
2438.5,2000,2.04,23.75,18.4,29.3,83,980,0
2438.72,2000,2.29,25.69,19.2,28.5,83,1010,0
2438.9,2040,2.29,25.94,20,26.3,83,1030,0
2439.09,2040,2.29,27,20,24.8,83,1040,0
2439.31,2040,2.29,25.67,20,23.3,83,1060,0
2439.49,2040,2.29,26.67,20,23.3,84,1070,0
2439.7,2040,2.55,27.14,20,22.5,84,1080,0
2439.9,2040,2.29,26.14,20,21.8,84,1080,0
2440.09,2040,2.29,27.06,20.4,22.5,84,1090,0
2440.31,2080,2.29,26.14,20,22.5,85,1090,0
2440.49,2080,1.53,13.08,14.9,24.8,85,1060,0
2440.68,2080,1.53,15.31,12.9,30.8,85,1020,0
2440.88,2080,1.28,13.64,12.2,31.5,85,1000,0
2441.07,2080,1.28,13.92,11.4,32.3,85,980,0
2441.27,2080,1.28,14.58,11.8,32.3,85,960,0
2441.46,2080,1.28,13.5,11.4,33,85,950,0
2441.65,2080,1.53,13.97,11.4,33,85,950,0
2441.86,2080,1.02,10.94,9.8,32.3,85,960,0
2442.05,2040,1.02,10.64,9,33.8,85,950,0
2442.23,2040,0.77,8.33,7.8,33.8,85,950,0
2442.43,2040,0.77,8.31,7.5,30.8,85,940,0
2442.62,2040,0.77,7.56,7.1,23.3,85,940,0
2442.81,2040,0.51,6.64,6.3,19.5,85,930,0
2443.01,2000,0.51,5.72,5.9,17.3,84,930,0
2443.2,2040,0.51,5.92,5.5,15,84,920,0
2443.4,2040,0.51,6.14,5.5,16.5,84,920,0
2443.59,2000,0.51,6.14,5.5,15,84,920,0
2443.78,2000,0.51,6.11,5.5,9.8,84,920,0
2443.99,2000,0.51,6.33,5.5,8.3,83,910,0
2444.18,2000,0.51,6.08,5.5,-1.5,83,910,0
2444.37,2000,0.51,6.06,5.5,-2.3,83,910,0
2444.59,2000,0.51,6.11,5.5,-3,82,910,0
2444.79,2000,0.51,5.69,5.5,3,82,910,0
2444.99,1960,0.51,6.11,5.5,9.8,82,910,0
2445.18,1960,0.51,6,5.5,13.5,82,910,0
2445.39,1960,0.51,6.06,5.5,15.8,82,910,0
2445.6,1960,0.51,6,5.5,15.8,81,910,0
2445.8,1960,0.51,5.92,5.5,-1.5,81,900,0
2445.99,1920,0.51,6.42,5.9,-1.5,81,900,0
2446.2,1960,0.51,6.44,5.9,-5.3,80,900,0
2446.4,1920,0,6.19,5.9,7.5,80,900,0
2446.6,1920,0,6.22,5.9,-5.3,80,900,0
2446.79,1920,0,6.17,5.9,-5.3,80,910,0
2446.99,1920,0,6.14,5.5,-5.3,80,910,0
2447.2,1880,0,6.14,5.5,-6,79,910,0
2447.39,1880,0,6.03,5.5,-6,79,910,0
2447.59,1880,0,6.08,5.5,-6,79,910,0
2447.79,1880,0,6.19,5.5,-6,78,910,0
2447.98,1880,0,5.69,5.5,-6,78,910,0
2448.19,1880,0,5.89,5.5,-6,78,920,0
2448.37,1880,0,6.08,5.5,-6,78,920,0
2448.56,1840,0,5.83,5.5,-6,77,920,0
2448.76,1840,0,5.69,5.5,-6,77,920,0
2448.95,1840,0,6,5.5,-6.8,77,920,0
2449.14,1840,0,5.89,5.5,-6.8,76,920,0
2449.37,1800,0,6,5.5,-6.8,76,920,0
2449.56,1800,0,5.78,5.5,-6.8,75,920,0
2449.77,1720,0,5.47,5.1,-7.5,74,920,0
2449.96,1720,0,5.47,5.1,-7.5,73,920,0
2450.15,1720,0,5.44,5.1,-7.5,72,920,0
2450.36,1680,0,5.22,5.1,-7.5,71,920,0
2450.54,1680,0,5.25,5.1,-7.5,70,920,0
2450.73,1640,0,5.17,5.1,-7.5,69,910,0
2450.94,1600,0,5.31,4.7,-7.5,68,910,0
2451.12,1600,0,5,4.7,-6.8,68,910,0
2451.31,1560,0,4.92,4.7,-6.8,67,910,0
2451.51,1520,0,5.14,4.7,-6.8,65,910,0
2451.7,1520,0,5,4.7,-6.8,65,910,0
2451.9,1480,0,4.64,4.7,-6.8,64,910,0
2452.09,1480,0,4.56,4.3,-6.8,62,910,0
2452.28,1440,0,4.61,4.3,-6.8,62,910,0
2452.48,1440,0,4.47,4.3,-6.8,61,910,0
2452.67,1400,0,4.47,4.3,-6.8,60,910,0
2452.86,1360,0,4.47,4.3,-6.8,59,910,0
2453.06,1360,0,4.22,4.3,-8.3,58,910,0
2453.25,1360,0,4.25,3.9,-8.3,57,910,0
2453.43,1320,0,4.19,3.9,-8.3,56,900,0
2453.64,1320,0,4.25,3.9,-8.3,55,900,0
2453.82,1280,0,4.19,3.9,-8.3,55,900,0
2454.03,1280,0,4,3.9,-8.3,54,900,0
2454.21,1240,0,3.89,3.9,-8.3,53,900,0
2454.41,1200,0,3.92,3.9,-8.3,52,900,0
2454.61,1160,0,3.86,3.9,-8.3,51,900,0
2454.8,1160,0.77,3.78,3.5,-7.5,50,900,0
2454.98,1120,0.77,4.17,4.3,-3.8,49,900,0
2455.18,1080,1.02,4.47,4.3,-3.8,47,900,0
2455.37,1040,1.02,4.17,4.3,-3.8,46,900,0
2455.56,1000,1.02,3.67,3.9,-6.8,44,900,0
2455.76,920,1.02,3.67,3.5,1.5,43,890,0
2455.95,840,1.02,3.75,3.5,3.8,41,890,0
2456.15,840,1.02,3.53,3.5,6,40,890,0
2456.34,800,1.02,3.67,3.5,8.3,38,890,0
2456.53,800,1.02,3.67,3.5,6.8,36,890,0
2456.73,800,1.02,3.64,3.5,8.3,35,890,0
2456.92,800,1.02,3.92,3.9,9,34,890,0
2457.11,840,1.02,4.06,3.9,4.5,32,890,0
2457.31,840,1.02,3.89,3.9,2.3,31,890,0
2457.51,840,1.02,3.86,3.9,0.8,30,890,0
2457.71,840,1.28,3.69,3.9,1.5,29,890,0
2457.91,800,1.28,3.69,3.5,3,28,890,0
2458.09,800,1.02,3.44,3.5,4.5,27,890,0
2458.3,800,1.28,3.5,3.5,6.8,26,890,0
2458.48,800,1.28,3.47,3.5,7.5,26,890,0
2458.67,800,1.28,3.89,3.9,8.3,25,890,0
2458.87,800,1.28,3.94,3.9,6.8,25,890,0
2459.06,800,1.28,3.83,3.9,3.8,24,890,0
2459.24,800,1.28,3.86,3.9,3.8,24,890,0
2459.45,800,1.28,3.89,3.9,3,23,890,0
2459.63,800,1.28,3.67,3.9,3,23,890,0
2459.83,800,1.28,3.89,3.9,4.5,22,890,0
2460.03,800,1.28,3.83,3.9,4.5,22,890,0
2460.21,800,1.28,3.58,3.9,5.3,22,890,0
2460.42,800,1.28,3.69,3.9,7.5,21,890,0
2460.62,840,1.28,3.83,3.9,6,21,890,0
2460.81,840,1.28,3.92,3.9,4.5,21,890,0
2461.01,840,1.28,3.97,3.9,3.8,21,890,0
2461.19,840,1.28,4.08,3.9,3,20,890,0
2461.4,840,1.02,3.92,3.9,1.5,20,890,0
2461.59,840,1.02,3.75,3.9,3,20,890,0
2461.78,800,1.02,3.72,3.9,3,20,890,0
2461.98,800,1.02,3.89,3.9,4.5,19,890,0
2462.16,800,1.02,3.53,3.9,4.5,19,890,0
2462.36,800,1.02,3.92,3.9,7.5,19,890,0
2462.56,840,1.02,3.81,3.9,6,19,890,0
2462.75,840,1.02,3.97,3.9,4.5,19,890,0
2462.93,840,1.53,3.97,3.9,2.3,19,890,0
2463.13,920,2.29,12.33,7.1,8.3,19,880,0
2463.32,1040,2.04,4.17,12.5,-20.3,18,890,0
2463.53,1280,1.28,5.78,5.5,2.3,18,890,0
2463.71,1320,1.28,4.39,12.5,7.5,18,900,0
2463.9,1360,1.28,7.56,4.3,17.3,18,900,0
2464.1,1320,1.02,5.19,12.2,0.8,18,900,0
2464.29,1400,0.77,5.53,5.1,11.3,18,900,0
2464.48,1440,0.77,5.64,5.9,22.5,18,900,0
2464.68,1480,0.77,6.14,5.9,21.8,17,900,0
2464.87,1560,0.77,6.97,6.3,22.5,17,900,0
2465.06,1680,0.77,7.56,6.7,19.5,17,900,0
2465.26,1800,1.02,7.94,7.1,16.5,16,900,0
2465.45,1880,1.02,8.69,7.5,15.8,16,900,0
2465.66,1840,1.02,9.08,8.2,15,16,900,0
2465.87,1840,1.02,9.47,8.2,15,16,900,0
2466.06,1880,1.28,11.89,9.8,15,16,900,0
2466.25,1920,1.28,12.69,10.2,15,16,900,0
2466.45,1960,1.53,14.94,12.2,14.3,16,900,0
2466.64,2040,1.53,16.78,12.9,14.3,17,910,0
2466.84,2080,1.53,17.42,13.7,13.5,17,920,0
2467.03,2200,1.53,18.83,14.1,13.5,18,930,0
2467.23,2240,1.53,20.39,15.7,18,18,950,0
2467.42,2360,1.79,21.89,15.7,23.3,19,970,0
2467.61,2440,1.79,22.47,16.1,25.5,20,980,0
2467.81,2560,1.79,23.14,16.1,26.3,20,1000,0
2467.99,2640,1.53,23.86,16.5,27,21,1020,0
2468.18,2720,1.53,24.69,16.5,27,22,1030,0
2468.39,2800,1.53,24.58,16.5,29.3,23,1040,0
2468.57,2880,1.53,25.47,16.9,30,24,1050,0
2468.76,3000,1.53,27.17,16.9,30,25,1060,0
2468.97,3080,1.53,27.31,17.3,29.3,25,1070,0
2469.15,3200,1.53,28.39,17.3,29.3,26,1080,0
2469.36,3280,1.53,28.94,17.6,30,27,1090,0
2469.55,3400,1.53,31.31,18.4,30.8,28,1090,0
2469.73,3440,1.79,31.97,18.4,30.8,29,1100,0
2469.93,3560,1.79,32.33,18.4,30.8,29,1110,0
2470.12,3640,1.53,31.61,18.4,30.8,30,1100,0
2470.31,3600,0,9.69,14.1,28.5,31,1070,0
2470.52,3320,0,10.58,9.8,-3.8,32,1010,0
2470.7,3040,0,11.31,10.2,-3.8,32,980,0
2470.89,2760,0,10.44,9.4,-3.8,32,960,0
2471.11,2640,0.77,9.14,8.6,0,32,950,0
2471.3,2560,1.02,14.47,9.4,19.5,32,930,0
2471.49,2480,1.79,23.56,12.9,21.8,32,920,0
2471.68,2480,2.29,29.75,19.2,21,32,930,0
2471.87,2400,2.81,32.92,24.3,22.5,32,970,0
2472.07,2480,3.06,44.5,34.1,18,33,1020,0
2472.26,2600,3.31,51.14,62.4,18,34,1120,0
2472.45,2680,2.81,50.33,58.4,17.3,35,1250,0
2472.66,2800,3.06,51.06,28.6,17.3,37,1310,0
2472.85,2920,3.06,55.28,28.2,19.5,38,1370,0
2473.06,3040,3.06,56.94,28.6,16.5,40,1410,0
2473.24,3160,3.06,59.14,29.8,17.3,41,1430,0
2473.43,3280,3.06,57.19,29.4,16.5,43,1420,0
2473.64,3400,3.06,60.11,29.8,18.8,45,1360,0
2473.83,3520,3.06,58.83,31.8,18,46,1320,0
2474.01,3600,2.81,58.25,34.1,21.8,48,1270,0
2474.22,3720,2.81,62.78,36.9,22.5,50,1240,0
2474.4,3840,2.81,61.94,37.3,23.3,51,1220,0
2474.59,3840,1.28,23.14,28.6,13.5,53,1200,0
2474.79,3560,0,8.19,11,-1.5,54,1100,0
2474.98,3320,0,10.61,9.8,-3,54,1030,0
2475.19,3000,0,10.89,9.8,-3.8,55,990,0
2475.37,2880,0.77,11.08,9.4,-0.8,55,970,0
2475.56,2880,1.79,24.97,13.3,21,55,950,0
2475.76,2800,2.29,35.39,18,21,55,960,0
2475.95,2800,2.81,42.81,23.9,21,55,1010,0
2476.14,2840,3.06,51.14,34.5,20.3,56,1080,0
2476.35,2920,2.81,55.03,37.3,17.3,57,1210,0
2476.54,2960,3.06,56.22,33.7,18.8,58,1280,0
2476.76,3040,3.31,58.67,32.5,17.3,59,1340,0
2476.95,3120,3.06,55.61,30.6,18,60,1360,0
2477.14,3160,3.06,52.5,29.8,18,62,1310,0
2477.34,3240,2.81,50.44,31.8,18.8,63,1230,0
2477.53,3280,2.81,51.31,33.7,21,64,1170,0
2477.71,3320,2.81,51.22,34.9,20.3,65,1130,0
2477.92,3400,2.81,52.03,35.7,21.8,66,1120,0
2478.1,3440,2.81,54.67,34.9,21.8,67,1120,0
2478.31,3480,2.55,53,34.9,22.5,69,1110,0
2478.51,3560,2.55,52.22,33.7,24,70,1110,0
2478.7,3560,1.28,22.08,23.5,14.3,71,1120,0
2478.9,3320,0,8.17,12.5,-3.8,71,1070,0
2479.09,3040,0,10.17,9.4,-3.8,72,1010,0
2479.28,2760,0,10.28,9.4,-3.8,72,980,0
2479.49,2640,0.77,9.47,8.6,-4.5,72,960,0
2479.69,2680,1.02,13.47,8.2,19.5,72,940,0
2479.89,2640,1.53,20.86,13.7,22.5,72,920,0
2480.09,2680,1.79,26.61,16.5,23.3,72,950,0
2480.28,2680,1.79,26.19,17.3,25.5,73,980,0
2480.48,2720,1.79,25.47,16.9,27,73,1010,0
2480.67,2720,1.79,25.86,16.9,27.8,73,1030,0
2480.85,2720,1.79,25.69,16.5,27.8,73,1040,0
2481.06,2760,1.53,24.61,16.5,28.5,74,1060,0
2481.26,2760,1.53,21.28,15.3,29.3,74,1060,0
2481.45,2760,1.28,20.31,14.1,30.8,75,1050,0
2481.67,2760,1.28,19.03,14.1,30.8,75,1040,0
2481.85,2800,1.02,13.86,11.8,33,75,1040,0
2482.06,2760,0.77,8.89,10.2,36,75,1020,0
2482.24,2760,0.51,8.92,7.8,38.3,75,1000,0
2482.43,2760,0.51,8.94,7.8,33.8,76,980,0
2482.63,2800,0.51,9.03,7.8,31.5,76,970,0
2482.82,2760,0.51,9.14,8.2,30.8,75,950,0
2483.01,2800,0.51,9.31,8.2,30,75,950,0
2483.21,2760,0.51,9.5,8.2,23.3,75,940,0
2483.4,2760,0.51,8.92,8.2,19.5,75,940,0
2483.59,2760,0.51,9.39,8.2,18.8,75,930,0
2483.8,2760,0.51,9.36,8.2,11.3,75,930,0
2483.98,2760,0.51,9.53,8.2,7.5,75,930,0
2484.18,2720,0.51,9.53,8.2,0,75,930,0
2484.37,2720,0.51,9.53,8.2,-3.8,74,930,0
2484.56,2720,0,9.69,8.2,6.8,74,930,0
2484.76,2680,0,9.44,8.2,-4.5,74,930,0
2484.95,2680,0,9.42,7.8,-4.5,73,930,0
2485.13,2680,0,9.31,7.8,-4.5,73,930,0
2485.34,2640,0,9.08,7.8,-4.5,73,930,0
2485.53,2640,0,9.11,7.8,-4.5,72,930,0
2485.72,2600,0,9.08,7.8,-4.5,72,930,0
2485.92,2560,0,8.78,7.8,-4.5,71,930,0
2486.1,2520,0,8.61,7.5,-4.5,70,930,0
2486.31,2480,0,8.33,7.5,-4.5,70,930,0
2486.5,2440,0,8.17,7.5,-5.3,68,930,0
2486.69,2400,0,8.39,7.5,-5.3,68,930,0
2486.9,2360,0,8.17,7.5,-5.3,67,920,0
2487.09,2320,0,7.86,7.1,-5.3,65,920,0
2487.28,2280,0,7.64,7.1,-5.3,64,920,0
2487.48,2240,0,7.33,6.7,-5.3,63,920,0
2487.67,2200,0,7.17,6.7,-5.3,62,920,0
2487.85,2160,0,7.17,6.7,-5.3,61,920,0
2488.06,2120,0,6.83,6.3,-5.3,60,920,0
2488.24,2040,0,6.61,6.3,-4.5,59,920,0
2488.45,2000,0,6.25,5.9,-5.3,57,920,0
2488.64,1920,0,6.44,5.9,-5.3,56,920,0
2488.82,1880,0,6.14,5.5,-5.3,54,920,0
2489.03,1800,0,5.92,5.5,-6,53,920,0
2489.22,1720,0,5.58,5.5,-7.5,51,920,0
2489.4,1680,0,5.42,5.1,-7.5,49,920,0
2489.6,1600,0,5.08,4.7,-7.5,47,920,0
2489.79,1480,0,4.58,4.7,-6.8,45,920,0
2489.98,1400,0,4.36,4.3,-6.8,43,920,0
2490.18,1320,0,4,3.9,-6.8,40,910,0
2490.37,1240,0,3.89,3.9,-7.5,38,910,0
2490.57,1160,0.51,3.44,3.9,-8.3,36,910,0
2490.76,1120,0.77,3.78,3.5,-5.3,34,910,0
2490.95,1040,0.77,4.22,3.9,-2.3,32,900,0
2491.15,1040,1.28,5.28,4.3,21.8,31,900,0
2491.34,1160,2.04,11.42,7.8,20.3,29,890,0
2491.53,1440,1.79,8.5,10.2,19.5,28,900,0
2491.73,1400,0.77,4.53,4.3,-11.3,27,910,0
2491.92,1280,0.77,4.17,4.7,-9,25,900,0
2492.11,1160,0.77,4.14,3.9,0.8,24,900,0
2492.32,1080,0.77,4.28,4.3,3,23,900,0
2492.51,1040,0.77,4.14,4.3,3,22,900,0
2492.72,960,0.77,4.06,3.9,2.3,22,900,0
2492.9,920,1.02,4,3.9,1.5,21,890,0
2493.09,880,1.02,3.86,3.9,1.5,20,890,0
2493.29,880,1.28,5.33,4.3,9,19,890,0
2493.48,960,1.53,6.31,5.9,16.5,19,890,0
2493.67,1080,1.28,6.36,5.9,16.5,18,890,0
2493.87,1040,1.02,3.69,3.1,-6,17,890,0
2494.06,960,0.77,3.08,2.7,-9,16,890,0
2494.24,880,0.77,3.47,3.5,10.5,16,890,0
2494.45,840,1.02,3.69,3.9,14.3,15,890,0
2494.63,800,1.02,3.69,3.9,11.3,14,890,0
2494.83,800,1.02,3.89,3.9,7.5,13,890,0
2495.03,800,1.02,3.53,3.5,3.8,12,890,0
2495.22,800,1.28,3.67,3.5,6,12,890,0
2495.42,800,1.28,3.56,3.5,7.5,11,890,0
2495.61,800,1.28,4.31,3.9,18,11,890,0
2495.79,800,1.53,4.19,3.9,9,11,890,0
2496,800,1.28,3.83,3.9,2.3,11,890,0
2496.18,840,1.53,3.64,3.9,2.3,10,890,0
2496.37,880,2.04,8.69,5.9,8.3,10,880,0
2496.59,1120,1.53,4.17,7.5,-14.3,10,890,0
2496.78,1160,1.02,3.69,3.5,-3,10,890,0
2496.99,1080,0.77,3.47,3.9,12,10,890,0
2497.2,1040,1.02,4.97,4.3,21.8,10,890,0
2497.39,1200,1.28,7.5,6.3,21,9,890,0
2497.62,1200,1.28,7.19,6.7,23.3,10,890,0
2497.83,1120,1.28,6.72,6.7,23.3,10,890,0
2498.03,1280,1.28,6.81,6.7,24,10,890,0
2498.21,1240,1.28,7.28,7.1,26.3,10,890,0
2498.4,1320,1.28,7.28,7.1,23.3,11,890,0
2498.6,1400,1.02,7,6.7,20.3,11,890,0
2498.8,1320,1.02,5.58,5.5,17.3,11,900,0
2498.98,1320,0.77,5.11,5.1,23.3,12,900,0
2499.18,1360,0.77,5.03,5.1,24,12,900,0
2499.37,1400,1.02,6.97,6.7,24,12,890,0
2499.58,1320,1.02,7.03,6.7,24,12,890,0
2499.76,1320,1.02,6.61,6.7,22.5,12,900,0
2499.94,1360,1.28,6.92,6.7,23.3,12,900,0
2500.15,1400,1.53,9.78,8.2,11.3,12,890,0
2500.34,1360,1.53,10.11,9.4,9.8,12,900,0
2500.52,1400,1.53,9.44,9,24.8,12,900,0
2500.73,1400,1.53,9.89,9,12.8,12,900,0
2500.91,1440,1.53,10.22,9,25.5,12,900,0
2501.1,1480,1.53,10.28,9,11.3,12,910,0
2501.31,1480,1.53,10.64,9.4,27,12,910,0
2501.49,1520,1.53,10.56,9.4,26.3,13,910,0
2501.71,1560,1.53,11.72,9.4,27.8,13,910,0
2501.9,1600,1.53,11.72,10.2,16.5,13,920,0
2502.09,1600,1.53,10.86,10.2,28.5,14,920,0
2502.29,1640,1.53,10.72,9.4,27.8,14,920,0
2502.48,1680,1.79,14.94,11.8,29.3,14,920,0
2502.67,1720,1.53,11.58,11,27.8,14,930,0
2502.89,1680,1.28,10.83,8.6,29.3,15,930,0
2503.07,1760,1.53,12,9.4,26.3,15,930,0
2503.26,1760,1.28,11.5,10.2,23.3,15,930,0
2503.47,1760,1.28,10.17,9,22.5,15,930,0
2503.66,1760,1.28,11.33,9,21.8,15,930,0
2503.86,1800,1.28,10.67,10.6,21,15,930,0
2504.04,1800,1.28,11.11,9,20.3,15,930,0
2504.23,1840,1.28,10.89,9.4,16.5,16,930,0
2504.43,1840,1.02,10.69,9,15.8,16,930,0
2504.62,1880,1.28,11,9,15,16,930,0
2504.81,1920,1.28,11.03,9.4,15,16,930,0
2505.01,1880,1.02,10.78,9.4,15,16,930,0
2505.2,1960,1.02,10.72,9.4,15,17,930,0
2505.39,1960,1.02,10.5,9,15,17,930,0
2505.59,1960,1.02,10.72,9.4,15,17,930,0
2505.78,2000,1.02,10.58,9.4,15,17,930,0
2505.98,2000,0.77,9,8.2,15,17,930,0
2506.17,2000,0.77,9.61,8.2,15.8,17,920,0
2506.36,2000,0.77,8.44,8.2,15.8,17,920,0
2506.57,2000,0.77,7.78,7.5,15.8,17,920,0
2506.76,1960,0.77,8.14,7.5,15.8,17,920,0
2506.97,1960,0.77,8.81,7.8,15,17,920,0
2507.17,1960,0.77,9.08,7.8,7.5,17,920,0
2507.37,1920,0.77,8.83,8.2,15,17,920,0
2507.56,1920,0.77,8.92,7.8,15,17,920,0
2507.76,1960,0.77,9.11,7.8,15,17,910,0
2507.95,1960,0.77,8.89,7.8,7.5,17,910,0
2508.16,1920,0.77,8.64,7.8,15,17,910,0
2508.36,1920,0.77,8.17,7.8,7.5,17,910,0
2508.55,1880,0.51,7.33,7.1,15,17,910,0
2508.76,1880,0.77,6.83,6.7,15,17,910,0
2508.95,1840,0.51,7.11,6.7,15.8,16,910,0
2509.14,1840,0.51,6.97,6.7,15.8,16,910,0
2509.34,1800,0.77,7.33,6.7,15.8,16,910,0
2509.53,1800,0.77,7.64,7.1,15.8,16,910,0
2509.73,1760,0.77,7.72,7.1,15,16,910,0
2509.92,1760,0.77,7.44,7.1,15,16,910,0
2510.11,1720,0.77,7.42,7.1,6.8,15,910,0
2510.31,1720,0.77,7.25,6.7,15,15,910,0
2510.49,1720,0.77,7.47,7.1,15,15,910,0
2510.68,1680,0.77,7.64,7.5,15,15,900,0
2510.88,1680,1.02,8.83,7.5,15,15,900,0
2511.07,1680,1.02,9.53,8.2,15,15,900,0
2511.26,1720,1.02,10.17,8.6,15,15,910,0
2511.48,1720,1.02,10.25,9,18.8,15,910,0
2511.67,1720,1.02,9.31,8.6,20.3,15,910,0
2511.87,1720,1.02,9.06,8.2,21,15,910,0
2512.06,1760,1.02,9.22,8.2,21.8,15,910,0
2512.25,1760,0.77,8.56,8.2,21.8,15,910,0
2512.46,1760,0.77,8.14,7.5,21.8,15,910,0
2512.65,1720,1.02,9.39,7.8,21.8,15,910,0
2512.84,1760,1.02,9.47,8.6,21.8,15,910,0
2513.04,1760,0.77,8.81,8.2,21.8,15,910,0
2513.23,1760,0.77,9.14,8.2,21.8,15,910,0
2513.41,1760,0.77,9.08,8.2,21.8,15,910,0
2513.64,1760,1.02,9.39,8.2,21.8,15,910,0
2513.82,1800,1.02,10.44,8.2,21.8,15,910,0
2514.03,1760,1.02,10.64,9.4,21.8,15,910,0
2514.22,1800,1.02,9.44,8.6,17.3,15,920,0
2514.4,1800,1.02,10.19,8.6,15.8,15,920,0
2514.61,1840,1.02,9.97,8.6,15,16,920,0
2514.79,1800,1.02,9.33,8.6,15,16,920,0
2514.98,1800,0.77,8.97,7.8,15,16,920,0
2515.18,1800,1.02,9.14,8.2,15,16,920,0
2515.37,1800,1.02,9.06,8.2,15,16,920,0
2515.56,1800,0.77,9.14,8.2,15,16,920,0
2515.75,1800,0.77,9,8.2,15,16,920,0
2515.95,1800,1.02,9.36,8.2,15,16,920,0
2516.16,1800,1.02,9.86,8.2,15,16,910,0
2516.37,1800,0.77,9.47,8.6,15,16,920,0
2516.56,1800,0.77,9.61,8.6,15,16,920,0
2516.76,1840,1.02,9.72,8.6,15,16,920,0
2516.95,1840,1.02,9.44,8.6,15,16,920,0
2517.13,1840,1.02,9.94,8.6,15,16,920,0
2517.34,1840,0.77,8.17,8.6,15,16,920,0
2517.53,1800,0.77,8.78,7.5,15,16,920,0
2517.73,1840,0.77,8.31,7.8,15,16,920,0
2517.92,1800,0.77,8.75,7.5,15,16,910,0
2518.1,1800,0.77,6.53,7.8,15,16,920,0
2518.31,1680,0.51,4.94,6.3,-8.3,16,910,0
2518.5,1560,0.51,4.11,3.9,-7.5,16,910,0
2518.68,1440,0.51,3.94,4.3,-6.8,15,910,0
2518.9,1360,0.51,4.36,4.3,15,15,910,0
2519.09,1280,1.02,6.36,6.3,18,15,900,0
2519.28,1200,1.28,6.67,6.3,18.8,14,900,0
2519.48,1080,1.28,6.56,6.3,15.8,14,900,0
2519.67,960,1.53,5.81,5.9,20.3,14,900,0
2519.89,960,1.79,7.67,7.1,20.3,14,900,0
2520.08,1000,1.53,7.25,7.1,22.5,14,900,0
2520.26,1000,1.53,7,7.1,23.3,14,900,0
2520.47,1000,1.79,7.36,6.7,22.5,14,900,0
2520.65,1000,1.79,7.36,7.1,22.5,14,900,0
2520.84,1000,1.79,6.86,6.7,22.5,14,900,0
2521.05,1000,1.53,6.64,6.3,22.5,14,900,0
2521.23,1000,1.53,6.83,6.3,23.3,14,900,0
2521.43,1000,1.79,7.86,7.5,22.5,14,900,0
2521.63,1000,2.04,7.78,7.5,21.8,14,900,0
2521.82,1000,2.04,7.92,7.5,21.8,14,900,0
2522.02,1040,2.04,8.14,7.5,21,14,910,0
2522.21,1000,2.04,7.94,7.8,21,14,910,0
2522.4,1000,2.04,7.78,7.5,21,14,910,0
2522.61,1040,2.04,7.61,7.5,21.8,14,910,0
2522.79,1000,1.79,7.75,7.5,21.8,14,910,0
2522.98,1000,1.79,7.72,7.5,21.8,14,910,0
2523.18,1040,2.04,7.81,7.5,21.8,14,910,0
2523.37,1040,1.79,7.67,7.5,22.5,14,910,0
2523.56,1040,1.79,7.92,7.5,22.5,15,910,0
2523.76,1040,1.79,8.11,7.8,21.8,15,910,0
2523.95,1080,2.04,8.08,7.8,21.8,15,910,0
2524.17,1080,2.04,7.89,7.8,21.8,15,910,0
2524.35,1080,1.79,8.33,7.8,21.8,15,910,0
2524.55,1120,1.79,8,7.8,21.8,15,910,0
2524.75,1120,2.04,8.42,7.8,22.5,15,910,0
2524.93,1120,1.79,8.47,8.2,22.5,16,910,0
2525.12,1160,1.79,8.58,8.2,22.5,16,910,0
2525.32,1160,1.79,8.69,8.2,22.5,16,910,0
2525.51,1160,2.04,8.72,8.2,22.5,16,910,0
2525.7,1160,2.04,8.69,8.2,22.5,16,910,0
2525.9,1200,1.79,8.92,8.2,22.5,16,910,0
2526.09,1200,1.79,9.19,8.2,22.5,16,920,0
2526.29,1200,1.79,8.78,8.2,22.5,17,920,0
2526.48,1200,1.79,8.86,7.8,23.3,17,920,0
2526.67,1240,1.79,8.44,7.8,23.3,17,920,0
2526.89,1240,1.53,8.56,7.8,24.8,17,920,0
2527.07,1240,1.53,8,7.8,24.8,18,920,0
2527.27,1240,1.53,7.94,7.5,24.8,18,920,0
2527.48,1240,1.53,7.67,7.1,24.8,18,910,0
2527.67,1240,1.53,7.53,7.1,24.8,18,910,0
2527.88,1240,1.28,6.44,6.3,24.8,18,910,0
2528.07,1240,1.28,6.03,5.9,24.8,18,910,0
2528.26,1240,1.02,6.25,5.9,24.8,18,910,0
2528.47,1240,1.28,6.56,5.9,25.5,18,910,0
2528.65,1240,1.28,6.39,6.3,25.5,18,910,0
2528.84,1240,1.28,7.31,6.7,25.5,18,910,0
2529.04,1240,1.28,6.69,6.7,24,18,910,0
2529.23,1200,1.28,6.22,6.3,24,17,900,0
2529.42,1240,1.28,7.11,6.7,24,17,900,0
2529.63,1240,1.53,7.56,6.7,24,17,900,0
2529.82,1200,1.53,7.5,7.1,24,17,900,0
2530.03,1240,1.28,6.64,6.7,24,17,900,0
2530.22,1240,1.28,6.69,6.3,24.8,17,900,0
2530.4,1240,1.28,6.53,6.3,24.8,17,900,0
2530.61,1240,1.28,6.28,5.9,24.8,17,900,0
2530.79,1200,1.02,6.36,5.9,24.8,17,900,0
2530.98,1200,1.02,6.06,5.9,9.8,17,900,0
2531.18,1200,1.28,6.39,5.9,24.8,17,900,0
2531.37,1200,1.28,6.44,5.9,23.3,17,900,0
2531.58,1200,1.28,6.78,6.3,23.3,17,900,0
2531.76,1200,1.28,6.61,5.9,23.3,17,900,0
2531.95,1200,1.28,7.42,6.7,23.3,17,900,0
2532.15,1200,1.28,7.25,6.7,12,17,900,0
2532.34,1160,1.28,6.25,5.9,24.8,17,900,0
2532.52,1160,1.28,6.22,5.9,24,17,900,0
2532.73,1200,1.28,6.14,5.9,24,17,900,0
2532.92,1160,1.28,6.25,5.9,24,17,900,0
2533.11,1120,1.28,5.86,5.9,12.8,16,900,0
2533.3,1120,1.28,5.75,5.5,23.3,16,900,0
2533.49,1160,1.28,6.64,6.3,22.5,16,900,0
2533.7,1120,1.53,7.22,6.7,22.5,16,900,0
2533.88,1120,1.79,8.08,7.1,22.5,16,900,0
2534.07,1120,2.04,10.06,8.6,22.5,16,900,0
2534.28,1200,2.04,10.53,9.4,21,16,900,0
2534.46,1160,2.29,11,11,18,16,900,0
2534.65,1160,2.29,11.33,11,17.3,16,910,0
2534.87,1200,2.04,11.17,11.4,17.3,17,910,0
2535.06,1240,2.29,11.92,11.4,18,17,920,0
2535.25,1240,2.29,12.25,11.4,18,17,920,0
2535.44,1280,2.29,12.42,11.8,18,17,920,0
2535.63,1320,2.29,12.75,12.2,17.3,18,930,0
2535.85,1360,2.29,12.92,12.2,18,18,940,0
2536.04,1360,2.29,13.08,11.8,19.5,19,940,0
2536.23,1400,2.04,12.81,11.4,19.5,19,940,0
2536.43,1440,2.04,12.5,11.8,20.3,19,950,0
2536.62,1440,2.04,12.11,11.4,21.8,20,950,0
2536.81,1480,2.04,12.44,11,21.8,20,950,0
2537.01,1480,1.79,11.11,10.2,23.3,21,950,0
2537.2,1520,1.79,11.22,9.8,24.8,21,950,0
2537.39,1520,1.79,11.14,9.8,24.8,21,950,0
2537.59,1520,1.53,10.47,9.4,25.5,21,950,0
2537.78,1520,1.53,10.75,9,25.5,21,940,0
2537.98,1560,1.53,10.47,9,27,22,940,0
2538.17,1560,1.53,10.14,9,27,22,940,0
2538.36,1560,1.53,9.81,8.6,27.8,22,940,0
2538.56,1560,1.53,9.56,8.6,27.8,22,930,0
2538.78,1560,1.28,8.25,7.5,28.5,22,930,0
2538.98,1560,1.02,7.92,7.1,30,22,930,0
2539.18,1560,1.02,7.58,7.1,30,22,930,0
2539.38,1520,1.02,7.42,7.1,30,22,920,0
2539.57,1520,0.77,7.44,6.7,30,22,920,0
2539.76,1520,0.77,7.06,6.7,30,22,920,0
2539.95,1520,1.02,7.83,6.7,30,22,910,0
2540.17,1520,1.02,7.56,7.1,29.3,21,910,0
2540.36,1480,0.77,7.53,7.1,29.3,21,910,0
2540.54,1480,0.77,7.53,7.1,29.3,21,910,0
2540.76,1480,1.02,7.25,7.1,28.5,21,910,0
2540.95,1440,1.02,7.5,7.1,29.3,21,910,0
2541.15,1480,1.02,7.47,7.1,28.5,21,910,0
2541.34,1440,1.02,7.67,7.1,28.5,21,910,0
2541.53,1440,1.02,7.58,7.1,28.5,21,910,0
2541.72,1440,1.02,7.42,7.1,28.5,20,910,0
2541.92,1440,1.02,7.75,7.1,28.5,20,910,0
2542.1,1440,1.02,7.61,7.1,28.5,20,910,0
2542.31,1400,1.02,7.53,7.1,28.5,20,910,0
2542.49,1400,1.02,7.72,7.1,27.8,20,910,0
2542.68,1400,1.02,7.39,7.1,27.8,20,910,0
2542.89,1360,0.77,3.94,3.9,24.8,20,910,0
2543.07,1240,1.53,6.03,3.1,-3.8,20,910,0
2543.28,1440,2.29,5.42,22,12.8,20,910,0
2543.46,1680,1.53,9.81,20.4,-4.5,19,920,0
2543.65,1640,0.77,4.5,5.5,-12,19,940,0
2543.86,1480,0.77,3.58,4.3,-8.3,19,940,0
2544.04,1520,1.28,7.94,14.1,18.8,18,920,0
2544.24,1680,0.77,4.83,4.3,-9.8,18,930,0
2544.45,1760,0.77,4.97,8.2,12,17,920,0
2544.64,1880,0.77,6.31,5.9,19.5,17,910,0
2544.84,1880,0.77,6.56,6.7,16.5,16,910,0
2545.03,1760,0.77,7.11,6.7,15.8,16,910,0
2545.22,1760,0.77,7.08,6.7,15.8,16,900,0
2545.43,1720,0.77,7.42,7.1,15.8,15,900,0
2545.62,1720,1.02,7.78,7.1,15,15,900,0
2545.81,1720,1.02,7.17,7.1,15,15,900,0
2546.01,1720,0.77,7.22,6.7,15,15,900,0
2546.19,1680,0.77,7.47,6.7,15,15,900,0
2546.4,1680,1.02,7.83,7.1,15,15,900,0
2546.59,1640,1.02,7.83,7.5,15,15,900,0
2546.78,1680,1.02,8.75,7.5,15,15,900,0
2546.98,1680,1.28,10.06,8.6,16.5,14,900,0
2547.17,1680,1.28,8.94,8.6,21,14,900,0
2547.35,1680,1.28,9.11,8.2,22.5,14,910,0
2547.56,1720,1.02,9.19,8.2,23.3,14,910,0
2547.75,1680,1.02,7.58,7.5,23.3,15,910,0
2547.93,1680,1.02,7.11,6.7,23.3,15,910,0
2548.14,1680,0.77,7.08,6.7,23.3,15,910,0
2548.33,1680,0.77,7.06,6.3,24,15,910,0
2548.53,1640,0.77,7.11,6.3,24,15,910,0
2548.71,1640,0.77,7,6.7,23.3,14,910,0
2548.9,1640,0.77,7.08,6.7,22.5,14,910,0
2549.11,1640,0.77,7.06,6.7,22.5,14,900,0
2549.31,1600,0.77,7.47,6.7,23.3,14,900,0
2549.5,1600,0.77,7.36,7.1,24.8,14,900,0
2549.7,1600,0.77,7.53,7.1,25.5,14,900,0
2549.89,1600,0.77,7.83,7.1,25.5,14,900,0
2550.09,1560,0.77,7.17,7.1,26.3,14,900,0
2550.28,1560,0.77,6,6.3,26.3,14,900,0
2550.46,1520,0.77,7,5.9,26.3,14,900,0
2550.67,1520,0.77,6.5,6.3,27,13,900,0
2550.86,1480,0.77,6.58,5.9,27.8,13,900,0
2551.04,1480,0.77,6.28,5.9,27,13,900,0
2551.25,1400,0.77,6.39,6.3,27.8,13,900,0
2551.43,1400,1.02,6.42,6.3,27,13,900,0
2551.64,1400,1.02,6.81,5.9,27,12,900,0
2551.84,1400,1.02,6.94,6.7,26.3,12,900,0
2552.03,1400,1.02,6.25,5.9,25.5,12,900,0
2552.23,1400,1.02,6.36,5.9,26.3,12,900,0
2552.42,1360,1.02,6.39,6.3,26.3,12,900,0
2552.61,1400,1.02,6.36,6.3,12.8,12,900,0
2552.81,1320,1.02,6.58,6.3,26.3,12,900,0
2552.99,1360,1.02,6.42,6.3,25.5,12,900,0
2553.18,1360,1.02,6.75,6.3,26.3,12,900,0
2553.39,1360,1.02,7.31,6.7,25.5,12,900,0
2553.57,1360,1.28,7.44,7.1,24.8,12,900,0
2553.76,1400,1.28,7.92,7.1,24.8,12,900,0
2553.96,1400,1.28,7.69,7.1,24.8,12,900,0
2554.15,1400,1.28,8.08,7.5,24.8,12,900,0
2554.36,1440,1.28,8.39,7.8,24.8,12,900,0
2554.54,1440,1.28,8.39,7.8,25.5,12,900,0
2554.73,1480,1.28,7.92,7.5,24.8,12,900,0
2554.93,1480,1.28,8.89,7.5,26.3,13,900,0
2555.12,1480,1.28,8.75,7.8,25.5,13,910,0
2555.31,1520,1.28,8.5,7.8,25.5,13,910,0
2555.51,1480,1.28,8.89,7.8,27,13,910,0
2555.7,1520,1.28,8.78,8.2,26.3,13,910,0
2555.88,1520,1.28,8.67,7.8,26.3,13,910,0
2556.09,1520,1.28,9,7.8,26.3,13,910,0
2556.28,1600,1.28,9.58,7.8,10.5,13,910,0
2556.48,1560,1.28,9.31,8.6,26.3,13,910,0
2556.67,1600,1.28,8.69,7.8,24.8,13,910,0
2556.86,1560,1.28,9.56,7.8,27,14,910,0
2557.06,1600,1.28,8.42,8.6,24.8,14,910,0
2557.25,1600,1.02,8.58,7.5,26.3,14,910,0
2557.43,1600,1.02,8.83,7.8,25.5,14,910,0
2557.63,1640,1.28,10.25,8.6,25.5,14,910,0
2557.83,1640,1.28,9.56,9,25.5,14,910,0
2558.03,1640,1.02,7.89,7.5,24,14,920,0
2558.23,1680,1.02,9.14,7.5,11.3,14,910,0
2558.42,1640,1.28,9.75,8.6,26.3,14,910,0
2558.62,1680,1.02,8.11,7.8,24,14,920,0
2558.81,1640,1.02,7.67,7.5,23.3,14,920,0
2559,1640,1.02,7.83,7.1,23.3,14,910,0
2559.2,1640,1.02,7.97,7.5,24.8,14,910,0
2559.4,1640,1.02,9.53,7.8,26.3,14,910,0
2559.59,1680,1.02,9.19,8.2,25.5,14,910,0
2559.8,1680,1.02,9.06,8.2,26.3,14,910,0
2559.98,1680,1.02,9.33,8.2,24,14,910,0
2560.17,1680,1.02,9.08,8.2,24,14,910,0
2560.37,1720,1.02,8.81,7.8,23.3,15,910,0
2560.57,1680,1.02,8.72,7.8,23.3,15,910,0
2560.78,1720,1.02,8.36,7.8,23.3,15,910,0
2560.96,1680,1.02,8.19,7.5,23.3,15,910,0
2561.15,1720,0.77,7.97,7.5,24,15,910,0
2561.37,1720,0.77,8.33,7.5,24,15,910,0
2561.56,1720,1.02,8.39,7.5,23.3,15,910,0
2561.74,1720,1.02,8.92,7.8,23.3,15,910,0
2561.95,1720,1.02,8.5,7.8,23.3,15,910,0
2562.13,1720,0.77,8.36,7.5,23.3,15,910,0
2562.34,1720,1.02,8.11,7.5,24,15,910,0
2562.54,1720,0.77,7.58,6.7,23.3,15,910,0
2562.73,1720,0.77,8.11,7.1,24,15,910,0
2562.93,1720,0.77,8,7.5,21.8,15,910,0
2563.12,1720,0.77,8.53,7.5,21.8,15,910,0
2563.31,1720,1.02,8.64,7.8,23.3,15,910,0
2563.51,1720,1.02,8.42,7.5,12,15,910,0
2563.7,1720,1.02,9.39,8.2,23.3,15,910,0
2563.88,1720,1.02,9.14,8.2,23.3,15,910,0
2564.09,1720,1.02,9.25,8.2,23.3,15,910,0
2564.28,1720,1.02,9.19,8.2,23.3,15,910,0
2564.48,1760,1.02,9.22,8.2,23.3,15,910,0
2564.67,1720,1.02,8.94,8.2,23.3,15,910,0
2564.85,1760,1.02,8.44,8.2,18,15,910,0
2565.06,1720,1.02,8.58,7.8,15.8,15,910,0
2565.25,1760,1.02,9.33,8.2,15,15,910,0
2565.43,1760,1.02,9.08,8.2,15,15,910,0
2565.63,1760,1.02,8.75,8.2,15,15,910,0
2565.83,1760,1.02,9.14,8.2,15,15,910,0
2566.04,1800,0.77,8.39,7.5,15,15,910,0
2566.23,1800,1.02,8.75,7.8,15,15,910,0
2566.42,1800,1.02,9.25,8.6,15,15,910,0
2566.64,1760,1.02,8.83,7.8,15,15,910,0
2566.82,1800,1.02,8.97,7.8,15,16,910,0
2567.01,1760,1.02,8.64,7.8,15,15,910,0
2567.21,1760,1.02,9.19,7.8,15,15,910,0
2567.4,1760,1.28,10.94,9.8,15,15,910,0
2567.59,1760,1.02,8.61,7.8,15,15,910,0
2567.8,1760,1.02,8.92,7.8,15,15,910,0
2567.98,1760,1.02,9.33,8.2,15,15,910,0
2568.19,1800,1.02,8.78,8.2,15,15,910,0
2568.38,1760,1.02,9.19,8.2,15,15,910,0
2568.56,1760,0.77,7.31,6.7,15,15,910,0
2568.77,1760,0.77,7.92,7.1,15,15,910,0
2568.95,1760,0.77,7.75,7.1,15,15,910,0
2569.14,1760,0.77,7.97,7.1,15,15,910,0
2569.34,1720,0.77,7.86,7.5,15,15,910,0
2569.53,1720,0.77,6.72,6.7,15,15,910,0
2569.71,1680,0.77,7.83,6.7,15,15,910,0
2569.92,1680,1.02,7.33,7.5,15,15,910,0
2570.11,1680,0.77,7.31,6.3,11.3,15,910,0
2570.31,1640,0.77,7.19,7.1,21.8,15,910,0
2570.49,1640,0.77,6.92,6.3,23.3,14,910,0
2570.68,1640,0.77,7.11,7.1,23.3,14,910,0
2570.89,1600,0.77,6.47,6.3,23.3,14,910,0
2571.07,1560,0.77,5.97,5.9,13.5,14,910,0
2571.26,1520,0.77,5.78,5.5,24.8,14,900,0
2571.47,1520,0.77,5.81,5.9,26.3,14,900,0
2571.65,1520,0.77,6.47,6.3,27,13,900,0
2571.84,1440,0.77,4.89,5.5,27,13,900,0
2572.05,1440,0.77,5.78,5.5,24,13,900,0
2572.25,1400,0.77,5.47,5.5,21.8,13,900,0
2572.45,1360,0.77,5.22,5.5,20.3,12,900,0
2572.64,1360,0.77,5.42,5.1,5.3,12,900,0
2572.82,1360,1.02,5.94,5.5,9,12,900,0
2573.03,1280,1.02,5.36,5.5,22.5,12,900,0
2573.22,1240,1.02,5.19,5.1,21.8,11,900,0
2573.41,1240,0.77,4.97,5.1,23.3,11,900,0
2573.6,1200,1.02,4.97,5.1,23.3,11,900,0
2573.79,1200,1.02,4.81,5.1,22.5,11,900,0
2574,1160,1.02,4.58,4.7,8.3,10,900,0
2574.18,1160,1.02,4.53,4.7,23.3,10,890,0
2574.37,1120,1.02,4.69,4.7,12.8,10,890,0
2574.57,1080,1.02,5.08,4.7,22.5,10,890,0
2574.76,1120,1.28,5,4.7,9.8,10,890,0
2574.95,1080,1.28,5.44,5.9,23.3,9,890,0
2575.15,1080,1.28,5.33,5.1,21.8,9,890,0
2575.34,1120,1.53,6.22,6.3,21.8,9,890,0
2575.52,1080,1.53,6.22,6.3,22.5,9,890,0
2575.73,1120,1.53,6.36,5.9,22.5,9,890,0
2575.92,1120,1.28,6.14,6.3,22.5,9,890,0
2576.13,1160,1.28,6.33,5.5,9.8,10,900,0
2576.31,1160,1.53,7.31,7.1,23.3,10,890,0
2576.5,1200,1.53,7.58,7.1,22.5,10,890,0
2576.7,1200,1.53,7.64,7.1,22.5,10,900,0
2576.88,1240,1.53,7.06,7.1,23.3,10,900,0
2577.08,1240,1.28,6.64,6.3,24.8,10,900,0
2577.29,1240,1.28,6.67,6.3,24.8,11,900,0
2577.48,1280,1.28,7.08,6.3,24.8,11,900,0
2577.69,1240,1.53,7.22,6.7,24.8,11,900,0
2577.89,1280,1.53,7.72,7.5,24.8,11,900,0
2578.07,1240,1.53,7.69,7.5,25.5,11,900,0
2578.29,1240,1.28,6.58,6.7,25.5,11,900,0
2578.48,1320,1.28,6.67,6.3,25.5,11,900,0
2578.67,1240,1.28,7.28,7.1,26.3,11,900,0
2578.87,1240,1.28,6.64,5.9,24,11,900,0
2579.06,1280,1.28,6.58,5.9,10.5,11,900,0
2579.26,1240,1.28,6.42,6.3,25.5,11,900,0
2579.45,1280,1.28,6.67,5.9,24.8,11,900,0
2579.63,1240,1.28,6.94,6.7,25.5,11,900,0
2579.84,1280,1.28,7.14,6.7,24.8,11,900,0
2580.03,1240,1.53,7.44,7.1,24,11,900,0
2580.21,1280,1.28,7.14,6.7,8.3,11,900,0
2580.42,1280,1.28,7,6.7,24.8,11,900,0
2580.61,1320,1.28,7.42,6.7,24.8,11,900,0
2580.8,1320,1.53,7.89,7.1,24.8,11,900,0
2581,1360,1.53,8.06,7.1,24.8,11,900,0
2581.18,1360,1.53,9.58,8.2,24.8,11,900,0
2581.39,1360,1.53,8.58,7.8,24.8,12,900,0
2581.57,1400,1.28,7.92,7.5,24.8,12,900,0
2581.76,1360,1.28,8.75,7.5,27,12,900,0
2581.97,1440,1.53,8.97,7.8,26.3,12,910,0
2582.15,1400,1.53,9.17,9,27,12,910,0
2582.34,1440,1.28,8.28,7.5,26.3,12,910,0
2582.56,1480,1.28,8.67,7.8,27,12,910,0
2582.75,1440,1.53,9.67,8.6,27,12,910,0
2582.95,1480,1.28,9.36,8.6,26.3,13,910,0
2583.13,1480,1.28,9.69,8.2,27,13,910,0
2583.33,1520,1.28,8.89,8.2,27,13,910,0
2583.53,1520,1.28,9.03,9,27.8,13,910,0
2583.71,1520,1.28,8.86,8.2,27.8,13,910,0
2583.9,1560,1.28,8.69,7.8,28.5,13,920,0
2584.11,1520,1.28,8.11,7.8,29.3,13,920,0
2584.29,1520,1.02,8.03,7.5,28.5,13,910,0
2584.48,1520,1.02,7.69,7.1,30,13,910,0
2584.68,1560,1.02,7.33,7.1,29.3,13,910,0
2584.87,1560,1.02,7.33,6.7,30,13,910,0
2585.07,1520,0.77,6.28,6.7,30.8,13,910,0
2585.26,1520,0.77,7.39,6.3,30.8,13,910,0
2585.45,1480,0.77,6.94,6.7,30.8,13,910,0
2585.66,1480,0.77,6.19,6.3,30.8,13,910,0
2585.84,1480,0.77,5.61,5.9,30.8,13,910,0
2586.02,1440,0.77,6.14,5.5,30,13,910,0
2586.23,1480,0.77,6.72,6.3,30,13,900,0
2586.42,1400,1.02,6.86,6.7,30,13,900,0
2586.6,1400,1.02,6.39,5.9,28.5,12,900,0
2586.81,1400,1.02,7.58,7.1,29.3,12,900,0
2587,1400,1.02,7.72,7.1,27.8,12,900,0
2587.21,1400,1.28,7.25,7.1,27,12,900,0
2587.4,1400,1.28,7.81,6.7,27.8,12,900,0
2587.59,1400,1.28,8.14,7.5,27,12,900,0
2587.8,1400,1.28,8.28,7.5,27,12,900,0
2587.99,1440,1.28,8.19,7.5,27,12,900,0
2588.18,1440,1.28,8.42,7.5,27,12,900,0
2588.38,1480,1.28,7.92,7.5,27,12,910,0
2588.58,1440,1.28,8.97,7.8,27,12,910,0
2588.76,1480,1.28,8.75,8.2,11.3,13,910,0
2588.96,1480,1.53,9.25,8.2,27,13,910,0
2589.15,1480,1.28,8.64,8.2,27,13,910,0
2589.36,1480,1.28,9.28,7.8,27.8,13,910,0
2589.55,1520,1.28,9.53,8.6,13.5,13,910,0
2589.73,1520,1.28,9.47,8.6,27.8,13,910,0
2589.93,1520,1.02,7.58,7.5,28.5,13,910,0
2590.12,1520,1.02,8,7.5,29.3,13,910,0
2590.31,1520,1.02,6.97,6.3,12.8,13,910,0
2590.51,1480,1.02,6.39,6.3,30.8,13,910,0
2590.7,1520,1.02,6.75,5.9,15.8,13,910,0
2590.88,1440,1.02,7.11,7.1,30.8,13,910,0
2591.09,1480,0.77,6.42,5.9,29.3,13,910,0
2591.28,1440,1.02,6.92,7.1,30.8,13,910,0
2591.48,1440,1.02,7.56,7.1,29.3,13,910,0
2591.66,1520,1.28,9.25,7.1,28.5,13,900,0
2591.86,1400,1.28,10.08,8.6,28.5,13,910,0
2592.06,1440,1.28,8.33,7.8,26.3,13,910,0
2592.25,1480,1.28,9.17,7.8,27,13,910,0
2592.43,1440,1.28,8.86,7.8,27,13,910,0
2592.63,1480,1.28,8.44,7.8,27,13,910,0
2592.82,1480,1.28,9.19,8.2,28.5,13,910,0
2593.01,1520,1.53,9.42,8.2,27.8,13,910,0
2593.23,1520,1.28,9.25,8.2,27.8,13,910,0
2593.42,1560,1.28,9.19,8.2,28.5,13,910,0
2593.62,1560,1.28,9.25,8.2,29.3,13,910,0
2593.81,1600,1.28,9.11,8.2,17.3,14,910,0
2594,1600,1.28,9.69,8.2,30,14,910,0
2594.2,1640,1.28,9.03,8.6,30,14,910,0
2594.39,1640,1.28,9.72,8.6,30,14,910,0
2594.58,1680,1.28,9.53,8.6,28.5,14,920,0
2594.77,1680,1.02,7.81,7.8,30,14,920,0
2594.96,1680,0.77,7.97,7.1,30,15,920,0
2595.17,1680,0.77,7.36,7.1,30,15,910,0
2595.35,1720,0.77,7.83,7.1,30,15,910,0
2595.54,1680,0.77,7.64,7.1,30,15,910,0
2595.75,1680,0.77,8.08,7.5,28.5,15,910,0
2595.93,1640,0.77,7.94,7.5,28.5,15,910,0
2596.12,1680,1.02,8.19,7.5,27.8,15,910,0
2596.32,1640,1.02,8.36,7.5,30,15,910,0
2596.51,1680,1.02,8.5,7.8,29.3,14,910,0
2596.7,1680,1.02,9.44,8.2,28.5,14,910,0
2596.9,1680,1.02,8.92,8.2,28.5,14,910,0
2597.09,1680,1.02,8.97,8.2,28.5,15,910,0
2597.29,1680,1.02,9.53,8.2,29.3,15,910,0
2597.48,1720,1.02,9.53,8.6,28.5,15,910,0
2597.67,1720,1.02,9.78,8.2,27.8,15,910,0
2597.87,1720,1.02,8.89,8.6,27.8,15,910,0
2598.06,1720,1.02,8.61,7.8,28.5,15,910,0
2598.25,1720,1.02,8.89,8.2,28.5,15,910,0
2598.45,1760,1.02,9.22,8.2,28.5,15,910,0
2598.64,1760,1.02,9.56,8.2,28.5,15,910,0
2598.85,1720,1.02,9.19,8.2,28.5,15,910,0
2599.04,1760,1.02,9.31,8.2,28.5,15,910,0
2599.23,1760,1.02,9.47,8.2,28.5,15,910,0
2599.44,1760,1.02,7.83,7.5,28.5,15,910,0
2599.62,1760,1.02,8.64,7.5,29.3,15,910,0
2599.81,1800,1.02,9.56,8.2,29.3,15,910,0
2600.01,1760,0.77,7.89,7.5,28.5,15,910,0
2600.2,1760,1.02,8.83,7.5,28.5,15,910,0
2600.39,1760,1.02,9.25,8.2,15.8,15,910,0
2600.59,1760,1.02,9.64,8.2,27.8,15,910,0
2600.78,1760,1.02,10.06,8.6,28.5,15,910,0
2600.98,1800,1.02,10.14,8.6,28.5,15,910,0
2601.17,1800,1.02,8.42,8.6,28.5,15,920,0
2601.35,1760,1.02,8.53,7.5,28.5,15,910,0
2601.56,1760,1.02,9.47,8.2,28.5,15,910,0
2601.74,1760,1.02,9.19,8.2,27.8,15,910,0
2601.94,1760,1.02,9,8.2,27.8,15,910,0
2602.14,1760,1.02,9.22,8.2,27.8,15,910,0
2602.32,1760,1.02,9.03,8.2,27.8,15,910,0
2602.51,1760,1.02,9.5,8.2,27.8,15,910,0
2602.71,1760,1.02,8.94,8.2,27.8,15,910,0
2602.9,1800,1.02,9.28,8.2,27.8,15,910,0
2603.1,1760,1.02,8.89,8.2,27.8,15,910,0
2603.3,1760,1.02,9.06,8.2,27.8,15,910,0
2603.48,1760,1.02,9.33,8.2,27.8,15,910,0
2603.7,1760,1.02,9.5,8.2,27.8,15,910,0
2603.89,1760,1.02,9.72,8.2,27.8,15,910,0
2604.07,1800,1.02,9.58,8.6,27.8,15,910,0
2604.28,1800,1.02,9.75,8.6,27.8,15,920,0
2604.46,1800,1.02,9.89,8.6,27.8,16,920,0
2604.66,1840,1.02,9.75,8.6,27.8,16,920,0
2604.86,1800,1.02,9.31,8.6,27.8,16,920,0
2605.05,1840,1.02,9.58,8.6,27.8,16,920,0
2605.24,1840,1.02,9.5,8.6,27.8,16,920,0
2605.43,1840,1.02,8.94,8.2,27.8,16,920,0
2605.62,1840,1.02,9.03,7.8,28.5,16,920,0
2605.83,1840,1.02,8.53,7.8,28.5,16,920,0
2606.01,1840,0.77,8,7.8,28.5,16,920,0
2606.2,1840,0.77,8.39,7.5,28.5,16,910,0
2606.4,1840,0.77,8.14,7.5,28.5,16,910,0
2606.59,1840,0.77,8.25,7.5,28.5,16,910,0
2606.79,1800,0.77,8.22,7.5,28.5,16,910,0
2606.98,1800,0.77,7.86,7.5,28.5,16,910,0
2607.19,1800,0.77,8.08,7.5,28.5,16,910,0
2607.4,1800,0.77,7.67,7.5,28.5,16,910,0
2607.6,1760,0.77,7,6.7,28.5,16,910,0
2607.79,1760,0.77,6.56,6.3,28.5,16,910,0
2607.99,1720,0.77,6.67,6.3,29.3,15,910,0
2608.18,1720,0.77,6.97,6.3,28.5,15,910,0
2608.39,1680,1.02,7.28,6.7,28.5,15,910,0
2608.57,1680,0.77,7.44,7.1,27.8,15,900,0
2608.76,1640,0.77,7.44,7.1,27.8,15,900,0
2608.98,1680,1.02,7.5,7.1,27.8,15,900,0
2609.16,1640,1.02,7.14,7.1,28.5,14,900,0
2609.36,1640,0.77,6.75,6.7,29.3,14,900,0
2609.56,1640,0.77,6.19,6.3,28.5,14,900,0
2609.75,1600,0.77,5.31,5.5,29.3,14,900,0
2609.93,1560,0.77,5.39,5.5,26.3,14,900,0
2610.14,1560,0.51,4.94,5.1,20.3,14,900,0
2610.32,1480,0.51,4,4.7,16.5,14,900,0
2610.53,1440,0.51,3.94,3.9,15.8,13,900,0
2610.72,1360,0.51,3.64,3.9,2.3,13,900,0
2610.9,1360,0.51,3.92,3.9,-3,13,900,0
2611.1,1280,0.51,3.67,3.9,-4.5,12,900,0
2611.29,1200,0.51,3.53,3.5,-3,12,900,0
2611.47,1160,0.51,3.25,3.5,-1.5,11,890,0
2611.68,1120,0.77,3.75,3.5,0.8,10,890,0
2611.87,1080,0.77,3.58,3.5,0.8,10,890,0
2612.05,1000,0.77,3.39,3.5,0.8,10,890,0
2612.26,960,0.77,3.39,3.5,2.3,9,890,0
2612.47,960,0.77,3.25,3.1,1.5,9,890,0
2612.67,880,0.77,3.19,3.1,-3,8,890,0
2612.86,840,0.77,3.03,3.1,4.5,8,890,0
2613.05,840,1.02,3.25,3.1,6,8,890,0
2613.25,800,1.02,3.14,3.1,6,7,890,0
2613.43,800,1.02,3,3.1,7.5,7,890,0
2613.61,800,1.02,3.53,3.1,9.8,7,890,0
2613.83,800,1.02,3.25,3.5,6,6,890,0
2614.01,840,1.02,3.39,3.1,3.8,6,890,0
2614.24,800,1.02,3.42,3.1,2.3,6,890,0
2614.43,800,1.02,3.14,3.1,2.3,5,890,0
2614.62,800,1.02,3.28,3.1,3,5,890,0
2614.82,800,1.02,3,3.1,5.3,5,890,0
2615.01,800,1.02,3.17,3.1,6.8,4,890,0
2615.2,800,1.02,3.86,3.9,6.8,4,890,0
2615.4,800,1.28,3.89,3.9,0.8,4,890,0
2615.59,840,1.28,3.81,3.5,-1.5,3,880,0
2615.79,840,1.02,3.28,3.5,-3,3,890,0
2615.98,800,1.02,3.58,3.5,-0.8,3,890,0
2616.17,800,1.53,3.44,3.5,2.3,2,890,0
2616.38,920,2.29,8.86,8.2,6.8,2,880,0
2616.57,1120,1.79,6.39,7.5,-8.3,2,890,0
2616.76,1160,1.28,5.64,5.9,-2.3,2,890,0
2616.97,1160,1.28,6.39,5.9,9.8,1,890,0
2617.15,1120,1.28,6.33,6.3,14.3,1,890,0
2617.34,1000,1.53,6.61,6.3,23.3,1,890,0
2617.55,960,2.04,7.89,7.1,21.8,1,890,0
2617.73,1040,2.55,10.19,10.2,22.5,1,890,0
2617.94,1160,2.04,8.06,8.2,0,2,890,0
2618.12,1120,1.79,7.56,7.5,4.5,2,900,0
2618.31,1120,1.53,7.14,7.1,12,2,900,0
2618.51,1080,1.79,7.36,7.1,24,2,900,0
2618.7,1080,2.04,7.89,7.5,22.5,2,900,0
2618.89,1160,2.29,11.17,8.6,22.5,2,890,0
2619.09,1360,2.04,11.94,11,18.8,2,890,0
2619.27,1520,2.04,13.5,12.2,21,1,900,0
2619.46,1680,2.04,14.33,13.3,23.3,1,900,0
2619.66,1720,1.53,12.19,11.4,9,1,910,0
2619.85,1600,1.28,10,9.4,9.8,2,920,0
2620.06,1480,1.53,11.03,8.6,21,2,920,0
2620.25,1440,1.53,9.61,8.6,15.8,3,920,0
2620.44,1360,1.53,9.31,8.6,15.8,3,920,0
2620.65,1320,1.53,9.72,8.6,18.8,4,920,0
2620.84,1280,1.79,9.86,8.6,18.8,4,920,0
2621.03,1280,2.04,10.31,9,21,5,920,0
2621.23,1320,1.79,10.22,9,18.8,5,920,0
2621.42,1320,1.79,10.03,9,21,6,920,0
2621.6,1320,1.79,9.92,9,21.8,6,920,0
2621.81,1320,2.04,10.72,9.4,21.8,7,920,0
2622,1320,2.04,11.39,10.6,21,7,920,0
2622.21,1280,2.04,11.75,11,19.5,8,920,0
2622.4,1240,2.04,10.94,11,15.8,8,930,0
2622.59,1200,2.04,10.06,9.8,15,9,930,0
2622.79,1320,2.04,10.11,9.4,15,10,930,0
2622.98,1320,1.79,10.06,9,17.3,11,930,0
2623.17,1400,1.79,10,8.6,21,11,930,0
2623.37,1440,1.79,10.19,9,24,11,930,0
2623.56,1480,1.53,9.86,9,23.3,12,930,0
2623.75,1480,1.53,10.03,9,24.8,12,930,0
2623.95,1520,1.53,9.94,9,26.3,13,930,0
2624.13,1560,1.53,9.64,8.2,27,13,930,0
2624.33,1560,1.28,8.92,8.2,27.8,13,930,0
2624.55,1560,1.02,8,7.5,28.5,13,920,0
2624.73,1560,1.02,7.58,7.1,29.3,13,920,0
2624.93,1560,1.02,7.36,7.1,26.3,14,920,0
2625.12,1560,0.77,7.25,6.7,26.3,14,920,0
2625.31,1560,0.77,7.44,6.7,25.5,14,910,0
2625.53,1560,0.77,7.64,7.1,25.5,14,910,0
2625.71,1560,0.77,6,6.3,25.5,14,910,0
2625.91,1520,0.77,5.94,5.9,25.5,14,910,0
2626.1,1520,0.77,6.53,5.9,14.3,13,910,0
2626.31,1520,0.77,6.19,5.9,25.5,13,910,0
2626.51,1520,0.77,6.44,5.9,25.5,13,910,0
2626.7,1480,0.77,6.28,5.9,24.8,13,900,0
2626.89,1480,0.77,6.22,5.9,24.8,13,900,0
2627.09,1440,0.77,5.33,5.9,24.8,13,900,0
2627.27,1440,0.51,5.28,5.1,24.8,13,900,0
2627.48,1440,0.77,5.31,5.1,24.8,13,900,0
2627.67,1400,0.77,5.53,5.1,25.5,12,900,0
2627.85,1360,0.51,5.22,5.1,24.8,12,900,0
2628.06,1360,0.51,4.72,4.7,25.5,12,900,0
2628.25,1320,0.51,4.39,4.3,24.8,12,900,0
2628.43,1280,0.77,4.64,4.7,25.5,12,900,0
2628.64,1280,0.77,5.06,5.1,24,11,900,0
2628.82,1240,0.77,5.5,5.5,24,11,890,0
2629.01,1240,0.77,4.94,5.1,12,11,890,0
2629.23,1200,1.02,5.19,5.1,24,11,890,0
2629.42,1200,1.02,5.39,5.5,24,11,890,0
2629.63,1160,1.28,6.61,5.9,23.3,10,890,0
2629.82,1200,1.53,7.75,7.1,23.3,10,890,0
2630.01,1200,1.53,8.31,7.5,24,10,890,0
2630.24,1200,1.53,9.31,7.5,24,10,890,0
2630.43,1200,1.53,7.97,7.8,23.3,10,900,0
2630.64,1280,1.79,10.47,7.8,24.8,10,890,0
2630.83,1320,1.79,9.64,9,12,11,900,0
2631.01,1280,1.53,8.69,8.6,23.3,11,900,0
2631.22,1360,1.53,9.11,8.2,24.8,11,900,0
2631.4,1360,1.53,9.53,8.2,25.5,11,910,0
2631.59,1360,1.53,8.44,7.8,25.5,11,910,0
2631.79,1400,1.28,8.28,7.5,25.5,12,910,0
2631.98,1400,1.28,8.08,7.5,26.3,12,910,0
2632.17,1400,1.28,7.78,7.5,27,12,910,0
2632.37,1440,1.28,7.25,6.7,27,12,910,0
2632.56,1400,1.02,6.44,6.7,25.5,12,910,0
2632.76,1400,1.02,5.78,5.5,24.8,12,910,0
2632.95,1400,1.02,5.33,5.5,25.5,12,910,0
2633.13,1400,0.77,5.31,5.1,24.8,12,910,0
2633.34,1360,0.77,5.58,5.1,24,12,900,0
2633.53,1360,0.77,5.5,5.5,24,12,900,0
2633.72,1320,0.77,5.42,5.1,24,12,900,0
2633.92,1320,0.77,5,5.1,23.3,12,900,0
2634.12,1280,0.77,5.14,5.1,24,12,900,0
2634.32,1280,0.77,5.17,5.1,24,11,900,0
2634.51,1240,0.77,5.22,5.1,24,11,900,0
2634.7,1240,1.02,5.72,5.5,11.3,11,900,0
2634.9,1200,1.02,5.31,6.3,24,11,900,0
2635.09,1200,0.77,5.17,5.1,24,11,900,0
2635.28,1200,0.77,5.47,5.5,24,10,900,0
2635.49,1200,1.02,6.19,5.5,24,10,890,0
2635.68,1120,1.28,6,5.9,24.8,10,890,0
2635.87,1160,1.28,6.31,5.9,23.3,10,890,0
2636.07,1120,1.28,6,5.5,7.5,10,890,0
2636.26,1120,1.28,6,5.9,22.5,10,890,0
2636.47,1120,1.28,6.03,5.5,22.5,10,890,0
2636.67,1160,1.02,5,5.1,11.3,10,890,0
2636.85,1120,1.28,5.75,5.5,22.5,10,890,0
2637.06,1160,1.28,5.86,5.5,7.5,10,890,0
2637.24,1160,1.28,6.28,5.9,23.3,10,890,0
2637.44,1120,1.28,6.33,5.9,23.3,10,890,0
2637.63,1160,1.28,6.17,5.9,22.5,10,890,0
2637.83,1120,1.28,6.06,5.9,23.3,10,890,0
2638.02,1160,1.28,5.81,5.5,23.3,10,890,0
2638.22,1160,1.28,5.94,5.9,22.5,10,890,0
2638.4,1120,1.28,6.11,5.9,22.5,10,890,0
2638.61,1160,1.28,6,5.9,23.3,10,890,0
2638.8,1120,1.28,5.97,5.9,24,10,890,0
2638.98,1160,1.28,6.31,5.9,23.3,10,890,0
2639.18,1160,1.28,6.44,5.9,23.3,10,890,0
2639.37,1120,1.28,5.75,6.3,24,10,900,0
2639.56,1120,1.28,6.33,5.9,23.3,10,900,0
2639.76,1160,1.28,6.17,5.9,12,10,900,0
2639.95,1120,1.28,6.47,6.3,24,10,900,0
2640.13,1120,1.28,6.42,6.3,23.3,10,900,0
2640.34,1160,1.28,6.31,6.3,23.3,10,900,0
2640.53,1160,1.28,6.39,5.9,23.3,10,900,0
2640.74,1160,1.28,6.72,5.9,24,10,900,0
2640.93,1120,1.28,5.97,5.9,24,10,900,0
2641.12,1200,1.28,6.19,5.5,23.3,10,900,0
2641.32,1200,1.28,6.53,6.3,24,10,900,0
2641.51,1160,1.28,6.72,6.7,23.3,10,900,0
2641.7,1240,1.28,6.14,6.3,23.3,10,900,0
2641.9,1200,1.28,6.67,6.3,24.8,10,900,0
2642.09,1240,1.28,7,6.7,24,10,900,0
2642.3,1240,1.28,7.19,6.7,24,11,900,0
2642.48,1240,1.28,7.17,6.3,24,11,900,0
2642.67,1280,1.28,6.92,6.3,24.8,11,900,0
2642.87,1280,1.28,6.83,6.3,11.3,11,900,0
2643.06,1280,1.02,6.67,6.3,25.5,11,900,0
2643.25,1280,1.02,6.53,6.3,25.5,11,900,0
2643.45,1240,1.02,6.58,6.3,9.8,11,900,0
2643.64,1280,1.28,7.06,6.7,24,11,900,0
2643.82,1240,1.02,6.64,6.7,24.8,11,900,0
2644.03,1280,1.28,7.39,6.3,24.8,11,900,0
2644.21,1280,1.28,7.08,7.1,25.5,11,900,0
2644.42,1240,1.02,6.28,5.9,14.3,11,900,0
2644.6,1280,1.02,6.17,6.3,25.5,11,900,0
2644.8,1240,1.02,6.92,6.3,26.3,11,900,0
2644.99,1280,1.28,6.75,6.7,25.5,11,900,0
2645.18,1280,1.28,7.58,6.7,14.3,11,900,0
2645.37,1280,1.28,7.36,7.1,25.5,11,900,0
2645.57,1280,1.28,7.42,7.1,12.8,11,900,0
2645.76,1280,1.28,7.67,7.1,24.8,11,900,0
2645.95,1320,1.28,7.75,7.1,24,11,900,0
2646.16,1320,1.28,7.83,7.5,24,11,900,0
2646.35,1320,1.28,7.5,7.1,12,11,900,0
2646.56,1360,1.28,7.81,7.1,24,11,900,0
2646.74,1400,1.53,9.17,7.8,24.8,12,900,0
2646.93,1360,1.28,7.69,7.8,24,12,900,0
2647.14,1400,1.28,7.39,7.1,23.3,12,900,0
2647.32,1400,1.28,8.06,7.1,24,12,900,0
2647.51,1440,1.53,9.31,8.2,23.3,12,900,0
2647.71,1400,1.28,8,7.8,23.3,12,910,0
2647.9,1440,1.28,8.17,7.8,23.3,12,910,0
2648.1,1440,1.28,8.86,7.8,24,12,910,0
2648.29,1480,1.28,9.19,8.2,23.3,12,910,0
2648.48,1520,1.28,9.31,8.2,24,13,910,0
2648.68,1520,1.28,9.42,8.2,23.3,13,910,0
2648.87,1560,1.28,9.08,8.2,24,13,910,0
2649.06,1560,1.28,8.31,7.8,23.3,13,910,0
2649.26,1560,1.02,7.61,7.5,24,13,910,0
2649.45,1600,1.02,8.03,7.5,24,14,910,0
2649.63,1600,1.02,8.03,7.5,24,14,910,0
2649.84,1600,1.02,7.92,7.5,24.8,14,910,0
2650.03,1600,1.02,8.08,7.5,24.8,14,910,0
2650.23,1640,0.77,7.94,7.5,24.8,14,910,0
2650.42,1600,0.77,7.72,7.5,24.8,14,910,0
2650.61,1600,0.77,8.03,7.5,23.3,14,910,0
2650.82,1600,1.02,8.39,7.5,23.3,14,910,0
2651.01,1600,1.02,7.92,7.5,21.8,14,910,0
2651.2,1560,1.02,8.36,7.5,21.8,14,910,0
2651.42,1600,1.02,8.53,7.5,23.3,14,910,0
2651.61,1560,1.02,8.89,8.2,24,14,910,0
2651.81,1560,1.02,8.83,8.2,23.3,14,910,0
2651.99,1560,1.02,9.03,8.2,23.3,14,910,0
2652.18,1560,1.28,9,8.2,23.3,14,910,0
2652.39,1560,1.28,9.28,8.2,12.8,14,910,0
2652.58,1600,1.28,9.44,8.2,23.3,14,910,0
2652.76,1600,1.28,9.19,8.2,23.3,14,910,0
2652.96,1560,1.28,9.25,8.2,23.3,14,910,0
2653.15,1600,1.28,8.89,8.2,24,14,910,0
2653.34,1600,1.28,8.83,8.2,24,14,910,0
2653.54,1600,1.02,7.94,7.5,24,14,910,0
2653.73,1600,1.02,8.28,7.5,24.8,14,910,0
2653.94,1600,1.02,7.94,7.5,24.8,14,910,0
2654.12,1600,1.02,8.31,7.5,24.8,14,910,0
2654.31,1640,1.02,8.03,7.5,24.8,14,910,0
2654.51,1640,1.02,8.06,7.5,23.3,14,910,0
2654.7,1640,1.02,7.83,7.5,22.5,14,910,0
2654.89,1640,1.02,8.25,7.5,23.3,14,910,0
2655.09,1640,0.77,7.64,7.5,22.5,14,910,0
2655.28,1640,1.02,8.25,7.5,22.5,14,910,0
2655.47,1640,1.02,8.56,7.5,22.5,14,910,0
2655.67,1640,1.02,8.19,7.5,22.5,14,910,0
2655.86,1640,0.77,7.31,6.7,22.5,14,910,0
2656.06,1640,0.77,7.56,6.7,22.5,14,910,0
2656.25,1640,1.02,7.56,7.1,22.5,14,910,0
2656.43,1640,1.02,7.89,7.1,22.5,14,910,0
2656.64,1640,0.77,7.72,7.1,21.8,14,910,0
2656.84,1640,0.77,7.5,7.1,21.8,14,910,0
2657.03,1640,1.02,7.83,7.1,21.8,14,900,0
2657.23,1640,1.02,8.14,7.5,21.8,14,900,0
2657.43,1640,1.02,8.08,7.5,21.8,14,900,0
2657.64,1640,1.02,8.5,7.5,21.8,14,900,0
2657.82,1640,1.02,9.28,8.2,21.8,14,900,0
2658.01,1680,1.02,9.06,8.2,21.8,14,910,0
2658.21,1680,1.02,9.08,8.2,21.8,14,910,0
2658.41,1680,1.02,9.56,8.2,22.5,15,910,0
2658.59,1720,1.28,9.67,8.6,22.5,15,910,0
2658.82,1720,1.28,9.25,8.6,21.8,15,910,0
2659.01,1760,1.02,9.53,8.2,20.3,15,910,0
2659.21,1760,1.02,9.53,8.6,20.3,15,910,0
2659.4,1760,1.28,9.5,8.6,20.3,15,910,0
2659.6,1800,1.28,9.69,8.6,20.3,15,910,0
2659.81,1800,1.02,9.83,8.6,17.3,15,910,0
2660,1800,1.02,9.58,8.6,15.8,15,910,0
2660.18,1800,1.02,9.83,8.6,15,16,910,0
2660.39,1840,1.02,9.47,8.6,15,16,910,0
2660.57,1840,1.02,9.42,8.6,15,16,910,0
2660.77,1840,1.02,9.36,8.2,15,16,910,0
2660.96,1840,1.02,7.94,7.8,15,16,920,0
2661.15,1840,0.77,8.19,7.5,15,16,910,0
2661.36,1840,0.77,8.08,7.5,15,16,910,0
2661.54,1840,0.77,8,7.5,15,16,910,0
2661.73,1840,0.77,8.19,7.5,15,16,910,0
2661.95,1840,0.77,8.25,7.5,5.3,16,910,0
2662.14,1840,1.02,8.44,7.8,15,16,910,0
2662.32,1800,0.77,8.69,7.8,15,16,910,0
2662.53,1840,0.77,8.67,7.8,15,16,910,0
2662.71,1800,0.77,8.11,7.5,15,16,910,0
2662.92,1840,1.02,8.61,7.5,15,16,910,0
2663.1,1800,1.02,8.42,8.6,15,16,910,0
2663.3,1800,0.77,8.33,7.5,15,16,910,0
2663.5,1800,1.02,9.33,8.2,15,16,910,0
2663.68,1800,1.02,8.08,7.8,6,16,910,0
2663.87,1800,0.77,8,7.5,15,16,910,0
2664.07,1760,0.77,8.58,7.8,15,16,910,0
2664.26,1800,1.02,8.83,8.2,15,15,910,0
2664.45,1760,1.02,9.92,8.6,5.3,15,910,0
2664.65,1840,1.02,9.75,8.6,15,15,910,0
2664.84,1800,1.02,9.94,8.6,15,16,910,0
2665.04,1840,1.02,9.56,8.6,15,16,910,0
2665.23,1840,1.02,9.92,8.6,15,16,910,0
2665.42,1880,1.02,10.06,8.6,15,16,910,0
2665.64,1840,1.02,9.47,8.6,15,16,910,0
2665.82,1880,1.02,10.11,8.2,15,16,910,0
2666.01,1880,1.28,10.97,9.8,15,16,910,0
2666.21,1920,1.02,9.39,8.6,15,16,920,0
2666.4,1920,1.02,10.64,9,15,16,910,0
2666.59,1960,1.02,10.97,9.4,15,17,920,0
2666.8,1960,1.28,10.81,9,15,17,920,0
2666.99,1960,1.02,10.39,9,15,17,920,0
2667.23,1960,1.02,9.39,9,15,17,920,0
2667.42,2000,1.02,9.56,8.2,15,17,920,0
2667.6,2000,1.02,9.53,8.2,15.8,17,920,0
2667.81,2000,1.02,9.78,8.6,15.8,17,920,0
2667.99,1960,1.02,9.61,8.6,15.8,17,920,0
2668.18,2000,0.77,9.64,8.2,15,17,920,0
2668.38,1960,1.02,9.78,9,15,17,920,0
2668.57,2000,1.02,10,8.6,15,17,920,0
2668.79,2000,1.02,10.33,9,15,17,920,0
2668.98,2000,1.02,10.39,9,15,17,920,0
2669.17,2000,1.02,9.83,9,15,17,920,0
2669.37,2000,1.02,9.5,8.6,15.8,17,920,0
2669.57,2000,1.02,9.47,8.6,15.8,17,920,0
2669.76,2040,1.02,9.72,8.6,15.8,17,920,0
2669.98,2000,1.02,9.56,8.6,15.8,18,920,0
2670.17,2040,1.02,9.72,8.6,15.8,18,920,0
2670.39,2000,0.77,9.56,8.2,15.8,18,920,0
2670.57,2040,0.77,8.31,7.5,15.8,18,920,0
2670.76,2000,0.77,7.94,7.8,15.8,18,920,0
2670.97,2000,0.77,8.33,7.5,15.8,18,910,0
2671.15,2000,0.77,9.03,7.5,15.8,17,910,0
2671.34,1960,0.77,8.72,7.8,15,17,910,0
2671.54,1960,0.77,8.44,7.8,15,17,910,0
2671.74,1960,0.77,8.81,7.8,7.5,17,910,0
2671.95,1920,0.77,8.94,7.8,15,17,910,0
2672.13,1920,0.77,9.14,8.2,15,17,910,0
2672.32,1960,1.02,8.78,8.2,15,17,910,0
2672.54,1920,0.77,8.42,7.8,15,17,910,0
2672.73,1960,0.77,8.53,7.8,7.5,17,910,0
2672.95,1920,0.77,6.94,7.8,15,17,910,0
2673.13,1920,0.77,7.17,6.7,15,17,910,0
2673.32,1880,0.77,7.56,7.1,15.8,17,910,0
2673.53,1880,0.77,7.44,7.1,15,16,910,0
2673.71,1840,0.77,7.89,7.1,15,16,910,0
2673.9,1840,0.77,7.97,7.1,15,16,910,0
2674.1,1840,0.77,7.75,7.1,15,16,910,0
2674.29,1840,0.77,7.67,7.1,15,16,910,0
2674.48,1760,0.77,7.14,7.1,15,16,910,0
2674.68,1760,0.77,7.06,6.7,15,16,910,0
2674.87,1760,0.77,7.14,6.3,15,16,900,0
2675.08,1760,0.77,7.06,6.7,15,15,900,0
2675.26,1720,0.77,7.11,6.7,15,15,900,0
2675.45,1720,0.77,6.97,6.7,16.5,15,900,0
2675.66,1720,0.77,7.33,6.7,18.8,15,900,0
2675.86,1720,0.77,6.97,6.7,19.5,15,900,0
2676.04,1680,0.77,7.5,7.1,20.3,15,900,0
2676.25,1680,1.02,7.5,7.1,19.5,15,900,0
2676.43,1720,1.02,7.97,7.1,19.5,15,900,0
2676.62,1680,1.02,7.75,7.1,19.5,15,900,0
2676.84,1720,1.02,7.78,7.1,19.5,15,900,0
2677.03,1640,1.02,9.06,7.5,20.3,15,900,0
2677.24,1680,1.02,8.78,7.8,19.5,15,900,0
2677.43,1680,1.02,8.75,7.8,21.8,15,900,0
2677.61,1680,1.02,8.97,8.2,21.8,15,900,0
2677.86,1680,1.02,8.11,7.8,22.5,15,910,0
2678.04,1680,1.02,7.39,7.1,21.8,15,910,0
2678.25,1720,1.02,8.03,7.5,21,15,910,0
2678.43,1720,1.02,9.75,8.2,20.3,15,900,0
2678.62,1720,1.28,9.83,8.2,20.3,15,910,0
2678.83,1720,1.28,9.11,9,20.3,15,910,0
2679.01,1720,1.28,9.64,8.2,20.3,15,910,0
2679.2,1760,1.28,9.81,8.6,20.3,15,910,0
2679.4,1760,1.28,9.78,8.6,20.3,15,910,0
2679.59,1760,1.28,9.19,8.2,20.3,15,910,0
2679.78,1760,1.02,8.64,7.8,20.3,15,910,0
2679.98,1760,1.02,8.58,7.8,20.3,15,910,0
2680.17,1760,1.02,9.56,8.2,20.3,15,910,0
2680.37,1760,1.02,9.36,8.2,20.3,15,910,0
2680.56,1760,1.02,9.39,8.2,20.3,15,910,0
2680.75,1800,1.02,9.47,8.2,20.3,15,910,0
2680.94,1800,1.02,9.44,8.2,18,15,910,0
2681.14,1800,1.02,8,7.5,15.8,16,910,0
2681.32,1800,1.02,8.47,7.5,15,16,910,0
2681.53,1800,1.02,9.28,8.2,15,16,910,0
2681.71,1800,1.02,8.97,8.2,15,16,910,0
2681.9,1840,1.02,9.5,8.2,15,16,910,0
2682.11,1800,1.02,8.44,8.2,15,16,910,0
2682.29,1800,0.77,7.64,7.1,15,16,910,0
2682.49,1800,1.02,8.42,7.5,15,16,910,0
2682.68,1840,1.02,9.92,8.6,15,16,910,0
2682.87,1840,1.28,10.03,9,15,16,910,0
2683.09,1800,1.02,8.67,7.8,15,16,910,0
2683.28,1840,1.02,10.81,8.6,15,16,910,0
2683.47,1840,1.28,9.75,9.4,15,16,910,0
2683.67,1840,1.02,9.47,7.8,15,16,910,0
2683.86,1840,1.28,10.83,9.4,15,16,910,0
2684.06,1880,1.02,9.36,9,15,16,920,0
2684.25,1880,1.28,10.31,8.6,15,16,920,0
2684.44,1920,1.28,10.17,9,15,16,920,0
2684.64,1880,1.02,9.61,9,5.3,16,920,0
2684.82,1880,1.02,9.89,8.2,15,16,920,0
2685.01,1880,1.02,10.47,9,3,16,920,0
2685.21,1920,1.02,9.86,9,15,16,920,0
2685.4,1880,1.02,9.78,8.6,15,17,920,0
2685.59,1920,1.02,9.97,8.6,15,17,920,0
2685.79,1920,1.02,9.28,9,15,17,920,0
2685.98,1920,1.02,8.94,7.8,15,17,920,0
2686.18,1920,1.02,9.92,9,15,17,920,0
2686.37,1880,0.77,7.89,8.2,15,17,920,0
2686.56,1880,0.77,7.97,7.5,15,17,920,0
2686.76,1880,1.02,8.58,7.5,15,17,920,0
2686.95,1880,1.02,9.03,7.8,15,16,910,0
2687.14,1920,1.02,9.67,8.2,15,16,910,0
2687.34,1880,1.02,9.28,8.2,15,16,910,0
2687.53,1880,1.02,9.14,8.2,15,16,910,0
2687.72,1880,1.02,8.92,7.8,15,16,910,0
2687.92,1880,0.77,8.89,7.8,15,16,910,0
2688.11,1880,0.77,7.86,7.5,15,16,910,0
2688.32,1880,0.77,8.11,7.5,15,16,910,0
2688.51,1840,0.77,7.28,7.1,15,16,910,0
2688.7,1840,0.77,7.17,6.7,15,16,910,0
2688.9,1840,0.77,7.39,6.7,15,16,910,0
2689.09,1840,0.77,7.19,6.7,15,16,910,0
2689.28,1800,0.77,7.67,7.1,15,16,910,0
2689.48,1840,0.77,8.06,7.1,15,16,910,0
2689.67,1840,0.77,8.5,7.5,15,16,910,0
2689.87,1840,1.02,9.58,7.8,15,16,900,0
2690.06,1880,1.02,9.92,9,15,16,910,0
2690.25,1840,1.02,8.81,7.8,15,16,910,0
2690.45,1880,0.77,8.78,7.8,6,16,910,0
2690.63,1800,0.77,7.83,7.5,15,16,910,0
2690.83,1840,1.02,7.69,7.1,2.3,16,910,0
2691.03,1800,1.02,7.89,7.8,15,16,910,0
2691.22,1800,0.77,7.83,7.1,5.3,16,910,0
2691.44,1720,0.77,7.06,7.1,15,16,910,0
2691.62,1760,1.02,8.19,6.7,16.5,15,910,0
2691.81,1760,1.02,8.72,7.5,18.8,15,900,0
2692.01,1720,0.77,7.31,7.1,19.5,15,910,0
2692.2,1720,0.77,7.86,7.1,20.3,15,910,0
2692.39,1720,1.02,8.36,7.5,20.3,15,900,0
2692.59,1720,1.02,8.61,8.2,20.3,15,910,0
2692.78,1720,1.02,8.11,7.8,19.5,15,910,0
2692.96,1720,1.02,8.14,7.5,20.3,15,910,0
2693.17,1720,1.02,8.44,7.5,20.3,15,910,0
2693.35,1720,1.02,8,7.5,20.3,15,910,0
2693.57,1720,1.02,8,7.5,20.3,15,910,0
2693.76,1720,1.02,7.78,7.5,20.3,15,910,0
2693.95,1680,1.02,7.42,7.1,20.3,15,910,0
2694.15,1680,0.77,6.17,6.7,20.3,15,910,0
2694.34,1640,0.77,6.53,6.3,12,15,910,0
2694.53,1640,0.77,6.97,6.3,22.5,14,900,0
2694.73,1600,1.02,6.78,6.7,22.5,14,900,0
2694.92,1600,1.02,6.92,6.7,22.5,14,900,0
2695.1,1640,1.02,7.64,7.1,10.5,14,900,0
2695.31,1600,1.02,7.72,7.1,22.5,14,900,0
2695.51,1600,1.02,7.72,7.1,22.5,14,900,0
2695.72,1600,1.02,7.69,7.1,22.5,14,900,0
2695.91,1600,0.77,6.81,6.7,22.5,14,900,0
2696.09,1600,0.77,6.64,6.7,21.8,14,900,0
2696.3,1600,0.77,6.44,6.3,21.8,14,900,0
2696.48,1600,0.77,6.39,6.3,23.3,14,900,0
2696.67,1560,0.77,6.42,6.3,24,14,900,0
2696.88,1600,0.77,6.31,6.3,24,14,900,0
2697.07,1560,0.77,6.53,6.3,24,14,900,0
2697.26,1600,1.02,7.06,6.3,24,14,900,0
2697.46,1560,1.02,7.72,7.5,24,14,900,0
2697.65,1600,1.02,7.92,7.5,23.3,14,900,0
2697.86,1560,1.02,7.86,7.1,24,14,900,0
2698.05,1600,1.02,7.56,7.1,24,14,900,0
2698.23,1560,1.02,7.42,7.1,24,14,900,0
2698.43,1560,0.77,6.25,6.3,24,14,900,0
2698.64,1560,1.02,7.25,6.7,24,14,900,0
2698.83,1520,1.02,7.19,6.7,12,14,900,0
2699.06,1520,1.02,7.31,6.7,24,13,900,0
2699.25,1520,1.02,8.14,7.5,23.3,13,900,0
2699.46,1560,1.02,7.89,7.5,23.3,13,900,0
2699.67,1560,1.28,8.67,7.5,23.3,13,900,0
2699.86,1600,1.28,8.72,7.8,23.3,13,900,0
2700.06,1600,1.02,8.22,7.8,24,14,900,0
2700.25,1640,1.02,8.17,7.5,24,14,900,0
2700.45,1640,1.28,8.56,7.5,24,14,900,0
2700.64,1640,1.02,8.53,7.8,22.5,14,910,0
2700.83,1680,1.02,8.19,7.5,21.8,14,910,0
2701.03,1640,1.02,9.06,7.8,22.5,14,910,0
2701.22,1720,1.02,8.86,8.2,9,14,910,0
2701.4,1720,1.02,9.08,8.2,22.5,15,910,0
2701.6,1720,1.02,8.44,7.8,21,15,910,0
2701.8,1720,0.77,6.89,7.5,20.3,15,910,0
2701.98,1720,0.77,6.19,5.9,11.3,15,910,0
2702.19,1680,0.77,6.36,5.9,20.3,15,910,0
2702.37,1720,0.77,6.92,6.3,20.3,15,910,0
2702.58,1720,0.77,7.08,6.7,20.3,15,900,0
2702.78,1760,0.77,7.14,7.1,20.3,15,900,0
2702.96,1720,0.77,7.83,7.1,20.3,15,900,0
2703.17,1720,0.77,7.81,7.5,20.3,15,900,0
2703.35,1720,0.77,7.86,7.5,20.3,15,900,0
2703.54,1720,1.02,7.94,7.5,20.3,15,900,0
2703.75,1720,1.02,7.97,7.5,10.5,15,900,0
2703.94,1720,0.77,7.64,7.1,20.3,15,900,0
2704.14,1720,0.77,7.67,7.1,10.5,15,900,0
2704.35,1760,0.77,7.47,7.1,20.3,15,900,0
2704.55,1760,1.02,7.83,7.1,9,15,900,0
2704.74,1760,0.77,7.94,7.5,20.3,15,900,0
2704.93,1760,1.02,8.61,7.5,20.3,15,900,0
2705.12,1800,1.02,8.58,7.8,20.3,15,900,0
2705.32,1760,1.28,10.72,8.6,18.8,15,900,0
2705.51,1800,1.02,10.17,9,15.8,15,910,0
2705.7,1840,1.02,9.81,9,15,16,910,0
2705.9,1840,1.02,9.97,9,15,16,910,0
2706.09,1880,1.02,9.92,9,15,16,910,0
2706.3,1880,1.02,9.39,9,15,16,910,0
2706.48,1920,1.02,9.36,8.2,15,16,910,0
2706.67,1920,1.02,8.64,8.2,15,16,910,0
2706.87,1920,1.02,8.69,7.8,15,17,910,0
2707.06,1960,0.77,8.08,7.5,15,17,910,0
2707.25,1920,0.77,7.86,7.5,15,17,910,0
2707.45,1960,0.77,8.28,7.5,15,17,910,0
2707.64,1960,0.77,8.36,7.5,15,17,910,0
2707.86,1960,0.77,8.14,7.5,15,17,910,0
2708.05,1960,0.77,8.31,7.5,15,17,910,0
2708.23,1960,0.77,8.39,7.5,15,17,910,0
2708.43,1960,0.77,8,7.5,15,17,910,0
2708.62,1960,0.77,7.67,7.5,15,17,910,0
2708.82,1960,0.77,7.36,7.1,15,17,910,0
2709.03,1920,0.77,7.22,7.1,15.8,17,910,0
2709.23,1960,0.77,7.17,6.7,6,17,910,0
2709.44,1920,0.77,6.64,6.3,15.8,17,910,0
2709.64,1920,0.51,6.31,6.3,15.8,17,910,0
2709.82,1880,0.51,6.08,5.9,15.8,17,910,0
2710.03,1880,0.51,6,5.9,15.8,17,900,0
2710.22,1880,0.51,6.36,5.9,15.8,16,900,0
2710.4,1840,0.51,6.03,5.9,15.8,16,900,0
2710.61,1840,0.51,6.22,5.9,15.8,16,900,0
2710.8,1800,0.77,6.81,6.3,15.8,16,900,0
2710.99,1800,0.77,6.83,6.3,15.8,16,900,0
2711.19,1800,0.77,6.58,6.3,15.8,16,900,0
2711.37,1800,0.77,6.69,6.3,15.8,16,900,0
2711.58,1800,0.77,6.58,6.3,15.8,16,900,0
2711.76,1760,0.77,6.94,6.7,15.8,16,900,0
2711.95,1760,0.77,6.83,6.7,15.8,15,900,0
2712.15,1760,0.77,7.61,6.7,15,15,900,0
2712.34,1760,1.02,7.58,7.1,15,15,900,0
2712.52,1760,0.77,7.61,7.1,15,15,900,0
2712.73,1760,0.77,6.97,6.7,15,15,900,0
2712.92,1760,0.77,6.94,6.3,15,15,900,0
2713.12,1760,0.77,6.89,6.7,16.5,15,900,0
2713.31,1760,0.77,7.14,6.7,19.5,15,900,0
2713.49,1720,1.02,7.5,6.7,20.3,15,900,0
2713.7,1720,1.02,7.58,7.1,20.3,15,900,0
2713.88,1720,0.77,7.31,7.1,20.3,15,900,0
2714.07,1720,1.02,7.31,7.1,20.3,15,900,0
2714.28,1720,0.77,7.44,7.1,20.3,15,900,0
2714.46,1720,0.77,7.36,7.1,20.3,15,900,0
2714.65,1720,0.77,7.56,7.1,20.3,15,900,0
2714.87,1720,1.02,7.44,7.1,20.3,15,900,0
2715.05,1760,1.02,7.72,7.1,20.3,15,900,0
2715.26,1760,0.77,7.94,7.1,20.3,15,900,0
2715.44,1800,0.77,8,7.5,20.3,15,900,0
2715.64,1840,1.02,8.28,7.5,9.8,15,900,0
2715.84,1840,1.02,8.36,7.5,16.5,16,900,0
2716.03,1840,0.77,7.81,7.5,15,16,900,0
2716.22,1840,0.77,7.44,7.5,15,16,900,0
2716.42,1840,0.77,7.67,7.5,15,16,900,0
2716.61,1840,1.02,8.08,7.1,15,16,900,0
2716.8,1840,0.77,7.97,7.1,15,16,900,0
2716.99,1840,0.77,8.03,7.1,15,16,900,0
2717.19,1840,0.77,7.67,7.5,15,16,900,0
2717.4,1800,0.77,7.94,7.5,15,16,900,0
2717.59,1800,0.77,8.06,7.5,15,16,900,0
2717.78,1800,0.77,7.83,7.5,15,16,900,0
2717.98,1840,1.02,8.36,7.5,15,16,900,0
2718.17,1840,1.02,8.78,7.8,15,16,900,0
2718.36,1840,0.77,8.19,7.8,15,16,900,0
2718.57,1880,0.77,7.78,7.5,15,16,910,0
2718.76,1880,0.77,7.42,7.1,15,16,910,0
2718.97,1880,0.77,7.42,6.7,15,16,910,0
2719.17,1880,0.77,7.36,6.7,15,16,910,0
2719.35,1880,0.77,7.47,6.7,15,16,900,0
2719.57,1880,0.77,7.56,7.1,15,16,900,0
2719.76,1880,0.77,8.14,7.5,15,16,900,0
2719.95,1880,0.77,8.25,7.5,15,16,900,0
2720.17,1840,0.77,8.25,7.5,15,16,900,0
2720.36,1880,1.02,8.17,7.5,15,16,900,0
2720.54,1880,0.77,8.11,7.5,15,16,900,0
2720.74,1880,0.77,8.44,7.5,15,16,900,0
2720.94,1880,1.02,8.92,7.8,15,16,900,0
2721.13,1880,1.02,8.61,7.8,15,16,900,0
2721.32,1880,1.02,8.28,7.8,15,16,910,0
2721.51,1920,1.02,8.56,7.8,15,16,910,0
2721.71,1880,0.77,8.56,7.8,15,16,910,0
2721.9,1920,0.77,7.92,7.5,15,17,910,0
2722.09,1920,0.77,7.03,7.1,15,17,910,0
2722.29,1920,0.77,6.53,6.3,15.8,17,910,0
2722.48,1920,0.77,7,6.3,15.8,17,910,0
2722.67,1920,0.77,6.75,6.3,15.8,17,910,0
2722.87,1880,0.77,6.75,6.3,15.8,17,910,0
2723.06,1880,0.77,6.28,6.3,15.8,17,910,0
2723.26,1880,0.77,6.5,6.3,15.8,17,900,0
2723.45,1880,0.77,7,6.7,15.8,16,900,0
2723.64,1840,0.77,6.06,6.7,15.8,16,900,0
2723.84,1840,0.77,6.42,5.5,15.8,16,900,0
2724.03,1840,0.77,7.28,7.1,15.8,16,900,0
2724.22,1840,0.77,7.31,6.7,15,16,900,0
2724.42,1800,1.02,7.89,7.5,15,16,900,0
2724.61,1840,0.77,7.81,7.5,15,16,900,0
2724.79,1840,0.77,7.97,7.5,15,16,900,0
2725,1800,0.77,6.89,6.7,15,16,900,0
2725.18,1760,1.02,7.92,7.1,15,16,900,0
2725.39,1800,1.02,8.14,7.5,3.8,16,900,0
2725.59,1760,0.77,7.61,7.5,15,16,900,0
2725.78,1760,0.77,7.69,7.1,15,16,900,0
2725.97,1800,0.77,7.22,7.1,15,16,900,0
2726.17,1800,0.77,7.56,6.7,15,16,900,0
2726.36,1800,0.77,7.64,7.1,15,16,900,0
2726.57,1800,0.77,7.58,7.1,15,16,900,0
2726.76,1800,1.02,7.97,7.1,15,16,900,0
2726.95,1800,0.77,7.72,7.1,15,16,900,0
2727.17,1840,0.77,7.81,7.1,15,16,900,0
2727.35,1840,0.77,7.72,7.1,15,16,900,0
2727.56,1840,0.77,7.92,7.1,15,16,900,0
2727.74,1840,0.77,7.31,7.1,15,16,900,0
2727.93,1840,0.77,7.33,6.7,15,16,900,0
2728.15,1800,0.77,6.81,6.7,15,16,900,0
2728.34,1800,0.77,7.06,6.3,15.8,16,900,0
2728.53,1800,0.77,6.94,6.7,15,16,900,0
2728.73,1800,0.77,7.39,6.7,15,16,900,0
2728.92,1800,0.77,7.31,6.7,15,16,900,0
2729.12,1800,0.77,7.36,7.1,15,16,900,0
2729.31,1800,0.77,7.69,7.1,15,16,900,0
2729.49,1800,0.77,7.67,7.1,15,16,900,0
2729.71,1800,0.77,7.81,7.1,15,16,900,0
2729.9,1800,0.77,7.5,7.5,15,16,900,0
2730.09,1800,0.77,7.58,7.5,15,16,900,0
2730.29,1800,1.02,7.89,7.5,15,16,900,0
2730.48,1840,0.77,8.06,7.5,15,16,900,0
2730.67,1840,0.77,8.44,7.5,15,16,900,0
2730.89,1920,1.02,10.25,8.6,15,16,900,0
2731.09,1880,1.02,10.06,9,15,16,900,0
2731.29,1880,1.02,9.89,8.6,15,16,910,0
2731.48,1880,1.02,10.56,8.6,15,16,910,0
2731.67,1920,1.02,9.72,9,3.8,16,910,0
2731.87,1880,1.02,10.03,8.6,15,16,910,0
2732.05,1920,1.02,9.89,9,15,17,910,0
2732.25,1960,1.02,10.17,8.6,4.5,17,910,0
2732.45,2000,1.02,8.89,8.2,15,17,910,0
2732.64,1960,1.02,9.31,7.8,15.8,17,910,0
2732.84,2000,0.77,8.61,8.2,15,17,910,0
2733.03,2000,0.77,8.33,7.5,15.8,17,910,0
2733.22,2000,0.77,7.69,7.8,15.8,17,910,0
2733.42,2000,0.77,6.89,6.7,15.8,17,910,0
2733.6,2000,0.77,7.31,6.7,16.5,17,910,0
2733.8,2000,0.77,7.92,7.1,16.5,17,910,0
2734,1960,0.77,7.61,7.1,16.5,17,910,0
2734.18,1960,0.77,7.06,6.7,15,17,910,0
2734.37,1960,0.77,7.25,6.7,15.8,17,910,0
2734.59,2000,0.77,7.69,7.1,16.5,17,910,0
2734.78,1960,0.77,7.64,7.1,15.8,17,910,0
2734.98,1920,0.77,7.61,7.1,15,17,910,0
2735.17,1960,0.77,7.78,7.1,3,17,910,0
2735.36,1960,0.77,7.56,7.1,15,17,910,0
2735.56,1920,0.77,7.75,7.1,16.5,17,910,0
2735.75,1920,0.77,7.31,7.5,15,17,910,0
2735.93,1960,0.77,6.81,6.7,15.8,17,910,0
2736.15,1880,0.77,6.81,6.3,15.8,17,910,0
2736.35,1920,0.77,6.97,6.7,15.8,17,900,0
2736.56,1920,0.77,7.33,6.7,7.5,17,900,0
2736.74,1880,0.77,7.33,7.1,15,17,900,0
2736.94,1880,0.77,7.61,7.1,15,17,900,0
2737.14,1880,0.77,7.39,7.1,15,16,900,0
2737.32,1880,0.77,7.83,7.1,15,16,900,0
2737.51,1840,0.77,6.5,6.7,15,16,900,0
2737.71,1840,0.51,5.72,5.9,15.8,16,900,0
2737.9,1800,0.51,5.69,5.5,15.8,16,900,0
2738.09,1800,0.51,5.03,5.5,15.8,16,900,0
2738.3,1760,0.51,4.78,4.7,15.8,16,900,0
2738.48,1720,0.51,4.83,4.7,15.8,16,900,0
2738.68,1680,0.51,5.03,4.7,15,15,900,0
2738.88,1640,0.51,5.31,5.1,15,15,900,0
2739.09,1680,0.77,5.56,5.1,15,15,900,0
2739.31,1680,0.77,6.44,6.3,15,15,900,0
2739.5,1720,0.77,6.39,6.3,15,15,900,0
2739.68,1640,0.77,6.08,6.3,15,14,900,0
2739.89,1600,0.77,6.47,5.5,15,14,900,0
2740.08,1600,0.77,6.11,5.9,3.8,14,900,0
2740.28,1600,0.77,6.39,5.9,15,14,900,0
2740.47,1560,1.02,6.64,5.9,15,14,900,0
2740.66,1560,1.02,6.11,6.7,15,14,900,0
2740.86,1560,0.77,5.75,5.5,15,14,900,0
2741.04,1560,0.77,5.58,5.5,15,14,900,0
2741.23,1560,0.77,5.19,5.5,15,14,900,0
2741.44,1520,0.77,5.58,5.1,15,13,900,0
2741.65,1480,0.77,5.58,5.5,15,13,900,0
2741.87,1480,0.77,6,5.5,3,13,900,0
2742.06,1440,0.77,5.58,5.5,18,13,900,0
2742.24,1440,0.77,5.69,5.5,18,13,900,0
2742.45,1440,0.77,5.89,5.5,9,13,900,0
2742.63,1440,0.77,6.03,5.9,19.5,12,890,0
2742.82,1440,1.02,6.33,5.9,19.5,12,890,0
2743.03,1400,1.02,6.17,5.9,19.5,12,900,0
2743.21,1400,1.02,6.69,6.7,21.8,12,890,0
2743.4,1440,1.02,6.78,6.7,21.8,12,900,0
2743.6,1400,1.02,6.89,6.7,22.5,12,900,0
2743.8,1440,1.28,7.31,6.7,22.5,12,900,0
2744,1440,1.02,7.5,6.7,23.3,12,900,0
2744.18,1440,1.02,7.17,7.1,23.3,12,900,0
2744.37,1440,1.28,7.5,7.1,23.3,12,900,0
2744.58,1440,1.28,7.53,7.1,23.3,12,900,0
2744.76,1440,1.28,7.58,7.1,23.3,12,900,0
2744.95,1480,1.28,7.47,7.1,23.3,13,900,0
2745.16,1480,1.28,7.75,7.1,23.3,13,900,0
2745.34,1480,1.28,7.78,7.1,23.3,13,900,0
2745.53,1480,1.28,7.72,7.1,22.5,13,900,0
2745.73,1480,1.02,7.47,7.1,22.5,13,900,0
2745.92,1520,1.28,7.69,7.1,22.5,13,900,0
2746.12,1520,1.28,8,7.1,22.5,13,900,0
2746.3,1560,1.28,8,7.1,23.3,13,900,0
2746.49,1600,1.02,7.72,7.1,22.5,13,900,0
2746.71,1600,1.02,8.11,7.1,22.5,13,900,0
2746.9,1600,1.02,7.92,7.5,22.5,14,900,0
2747.09,1600,1.02,7.97,7.5,21.8,14,900,0
2747.3,1600,1.02,7.83,7.5,21.8,14,900,0
2747.48,1600,1.02,8.22,7.5,22.5,14,900,0
2747.67,1600,1.28,8.47,8.2,21.8,14,900,0
2747.87,1640,1.02,7.47,7.1,22.5,14,910,0
2748.06,1600,1.02,7.81,7.1,21.8,14,900,0
2748.26,1600,1.02,8.75,7.5,21,14,900,0
2748.46,1640,1.02,8.72,7.8,21,14,900,0
2748.65,1640,1.02,9.14,8.2,21,14,900,0
2748.87,1640,1.02,8.81,8.2,20.3,14,910,0
2749.06,1640,1.02,8.83,7.8,21,14,910,0
2749.24,1640,1.28,9.36,8.2,21,14,910,0
2749.45,1680,1.28,9.69,8.6,21,14,910,0
2749.63,1680,1.28,9.28,8.6,21,14,910,0
2749.84,1680,1.28,9.56,8.6,21,15,910,0
2750.02,1680,1.28,10.03,8.6,21,15,910,0
2750.21,1680,1.28,9.61,8.6,21,15,910,0
2750.42,1720,1.28,10.11,8.6,21,15,910,0
2750.6,1720,1.28,10.19,9,20.3,15,910,0
2750.8,1720,1.28,10.25,9,18.8,15,910,0
2750.99,1760,1.28,9.36,9,18.8,15,920,0
2751.19,1720,1.02,7.97,7.8,18,15,920,0
2751.37,1760,1.02,7.92,7.1,6.8,15,920,0
2751.58,1760,0.77,7.25,7.1,18.8,15,910,0
2751.76,1720,0.77,6.5,6.3,18.8,15,910,0
2751.98,1720,0.77,7.31,6.3,18,15,910,0
2752.16,1680,0.77,7.19,6.7,18,15,910,0
2752.37,1680,0.77,6.97,6.7,18,15,910,0
2752.57,1680,0.77,6.53,6.3,18,15,910,0
2752.76,1640,0.77,6.72,6.3,18,15,900,0
2752.95,1640,0.77,6.83,6.3,9.8,15,900,0
2753.15,1640,0.77,6.22,6.3,19.5,14,900,0
2753.34,1640,0.77,6.08,5.9,20.3,14,900,0
2753.54,1600,0.77,6.31,5.9,20.3,14,900,0
2753.73,1600,0.77,6.36,5.9,20.3,14,900,0
2753.92,1560,0.77,6.25,5.9,10.5,14,900,0
2754.12,1560,0.77,6,5.9,20.3,14,900,0
2754.31,1520,0.77,6.28,5.9,12,14,900,0
2754.49,1520,0.77,6.11,5.9,21.8,13,900,0
2754.7,1480,0.77,6.25,5.9,21.8,13,900,0
2754.89,1480,0.77,6.08,5.9,21.8,13,900,0
2755.07,1440,1.02,6.19,5.9,12,13,900,0
2755.28,1400,1.02,6.61,6.3,21.8,13,900,0
2755.46,1440,1.02,6.83,6.3,9,12,900,0
2755.67,1360,1.02,7.08,6.3,22.5,12,900,0
2755.86,1400,1.28,7.31,6.7,21.8,12,900,0
2756.04,1320,1.28,7.36,7.1,22.5,12,900,0
2756.25,1400,1.28,7.78,7.1,21.8,12,900,0
2756.44,1360,1.28,7.94,7.5,23.3,12,900,0
2756.62,1400,1.53,8.33,7.8,21,12,900,0
2756.84,1400,1.53,9.78,8.6,5.3,12,900,0
2757.03,1440,1.53,9.08,8.2,24,12,900,0
2757.22,1440,1.53,8.78,8.2,25.5,12,900,0
2757.43,1440,1.28,8.72,7.8,25.5,12,910,0
2757.62,1480,1.28,8.47,7.8,27,13,910,0
2757.83,1440,1.28,7.81,7.5,27.8,13,910,0
2758.01,1480,1.28,7.97,7.5,28.5,13,910,0
2758.2,1480,1.28,8.22,7.5,29.3,13,910,0
2758.4,1520,1.28,8.28,7.5,28.5,13,910,0
2758.59,1520,1.28,8.61,7.5,28.5,13,910,0
2758.78,1480,1.28,8.08,7.8,28.5,13,910,0
2758.98,1520,1.28,8.69,7.5,28.5,13,910,0
2759.16,1560,1.28,8.22,8.2,28.5,13,910,0
2759.35,1520,1.02,7.81,7.5,29.3,13,910,0
2759.56,1560,1.28,8.06,7.1,29.3,13,910,0
2759.75,1600,1.28,9.86,8.2,30,13,910,0
2759.95,1600,1.28,8.94,8.2,29.3,14,910,0
2760.14,1600,1.28,8.56,8.2,30,14,910,0
2760.34,1640,1.28,9.03,8.2,30,14,910,0
2760.56,1640,1.28,9.72,8.2,30.8,14,910,0
2760.74,1680,1.28,9.58,8.6,30.8,14,910,0
2760.93,1680,1.02,9.14,8.2,31.5,14,910,0
2761.14,1720,1.02,9.39,8.2,31.5,15,910,0
2761.33,1720,1.02,9.33,8.2,31.5,15,910,0
2761.53,1760,1.02,8.86,8.2,32.3,15,910,0
2761.72,1760,1.02,8.14,7.5,31.5,15,910,0
2761.9,1760,0.77,7.81,7.1,27.8,15,910,0
2762.11,1760,1.02,7.81,7.1,21.8,15,910,0
2762.29,1760,1.02,8.47,7.5,19.5,15,910,0
2762.48,1760,1.02,8.81,7.8,18.8,15,910,0
2762.7,1760,1.02,8.75,7.8,18,15,910,0
2762.89,1760,1.02,9.56,7.8,18,15,910,0
2763.09,1760,1.02,9.36,8.6,18,15,910,0
2763.28,1760,1.02,9.39,8.6,18,15,910,0
2763.46,1760,1.02,9.44,8.2,18,15,910,0
2763.67,1760,1.02,9.33,8.2,18,15,910,0
2763.85,1760,1.02,9.03,8.2,18,15,910,0
2764.05,1760,1.02,8.53,7.5,17.3,15,910,0
2764.24,1760,0.77,8.28,7.5,15.8,15,910,0
2764.43,1760,1.02,8.58,7.5,15,15,910,0
2764.62,1800,1.02,8.53,7.5,15,15,910,0
2764.82,1760,0.77,8.25,7.5,15,15,910,0
2765.01,1800,0.77,8.58,7.5,15,15,910,0
2765.22,1760,1.02,8.64,7.5,15,15,910,0
2765.4,1760,1.02,8.61,7.8,15,15,910,0
2765.59,1760,1.02,8.64,7.8,15,15,910,0
2765.8,1760,1.02,8.86,7.8,15,15,910,0
2765.98,1800,1.02,9,7.8,15,15,910,0
2766.16,1760,1.02,8.94,7.8,15,15,910,0
2766.37,1800,1.02,8.72,7.8,15,15,910,0
2766.55,1760,1.02,9.31,8.2,15,15,910,0
2766.74,1800,1.02,8.92,8.2,15,15,910,0
2766.97,1760,1.02,9.28,8.2,15,15,910,0
2767.15,1800,1.02,9.56,8.2,15,15,910,0
2767.35,1800,1.02,9.25,8.2,15,15,910,0
2767.55,1800,1.02,9.17,8.2,15,16,910,0
2767.73,1800,1.02,9.22,8.2,15,16,910,0
2767.96,1840,1.02,9.11,8.2,15,16,910,0
2768.15,1800,1.02,9.58,8.2,15,16,910,0
2768.34,1840,1.02,8.36,7.5,15,16,910,0
2768.55,1800,1.02,8.17,7.5,15,16,910,0
2768.73,1800,1.02,8.25,7.5,15,16,910,0
2768.94,1800,0.77,8.42,7.5,15,16,910,0
2769.12,1800,0.77,8.5,7.5,15,16,910,0
2769.31,1800,1.02,8.47,7.5,15,16,910,0
2769.51,1800,1.02,8.58,7.5,15,16,910,0
2769.7,1800,0.77,7.97,7.5,15,16,910,0
2769.9,1760,0.77,7.06,6.7,15,16,910,0
2770.11,1760,0.77,6.92,6.3,15,16,910,0
2770.29,1760,0.77,6.56,6.3,15,15,910,0
2770.48,1720,0.77,6.36,5.9,15.8,15,910,0
2770.68,1720,0.77,6,5.9,15,15,900,0
2770.87,1680,0.77,6.14,5.9,17.3,15,900,0
2771.07,1680,0.77,5.61,5.5,18,15,900,0
2771.26,1640,0.51,4.81,5.5,17.3,15,900,0
2771.46,1600,0.51,4.72,4.7,19.5,14,900,0
2771.66,1560,0.51,3.86,4.3,20.3,14,900,0
2771.85,1520,0.51,4.33,3.9,16.5,14,900,0
2772.04,1480,0.51,4.39,4.3,15,14,900,0
2772.25,1480,0.51,4.5,4.3,16.5,13,900,0
2772.43,1440,0.51,4.31,4.3,18,13,900,0
2772.63,1360,0.51,3.61,4.3,18,13,890,0
2772.82,1280,0.51,3.97,3.9,10.5,12,890,0
2773.01,1160,0.51,3.33,3.5,-0.8,12,890,0
2773.23,1080,0.77,3.61,3.5,5.3,11,890,0
2773.42,1000,0.77,3.33,3.5,4.5,11,890,0
2773.61,960,0.77,3.69,3.5,6,11,890,0
2773.81,920,1.02,3.64,3.5,0,10,890,0
2774,880,1.02,3.5,3.1,-0.8,10,890,0
2774.19,840,1.02,3.28,3.1,1.5,9,890,0
2774.39,840,1.02,3.25,3.1,3,9,890,0
2774.58,840,1.02,3.14,3.1,3.8,8,890,0
2774.78,840,2.29,10.94,3.1,7.5,8,880,0
2774.96,1200,2.81,10.97,11.8,5.3,7,880,0
2775.15,1560,1.79,9.58,8.2,-0.8,7,890,0
2775.35,1720,1.02,8.25,8.2,4.5,7,890,0
2775.55,1720,0.77,7.61,7.1,18.8,6,900,0
2775.73,1640,1.02,7.5,7.1,24,6,900,0
2775.93,1560,1.02,7.78,6.7,22.5,6,890,0
2776.12,1520,1.28,9.72,7.8,21.8,6,890,0
2776.31,1480,1.53,9.36,8.6,22.5,6,900,0
2776.51,1480,1.79,11.11,9,24,6,900,0
2776.69,1520,1.79,11.25,10.2,22.5,6,900,0
2776.9,1520,1.28,9.69,8.6,12.8,6,910,0
2777.09,1440,1.28,8.42,7.8,16.5,6,910,0
2777.28,1360,1.28,8.22,7.8,23.3,7,910,0
2777.48,1280,1.28,7,6.7,15.8,7,910,0
2777.67,1200,1.28,6.14,6.3,11.3,7,910,0
2777.86,1120,1.28,6.47,6.3,20.3,7,910,0
2778.06,1040,1.53,6.42,6.3,21.8,8,910,0
2778.25,1040,1.79,7.72,7.1,21,8,900,0
2778.43,1080,1.79,7.19,7.8,21.8,8,900,0
2778.65,1160,1.28,4.94,5.1,1.5,8,900,0
2778.84,1040,0.77,2.25,2,-11.3,8,900,0
2779.04,920,0.77,3.03,2.7,9,8,900,0
2779.23,880,1.02,3,3.1,8.3,7,900,0
2779.41,840,1.53,3.47,3.1,6,7,890,0
2779.64,920,1.53,7.31,7.5,6,7,890,0
2779.82,1040,1.28,4.22,5.5,-14.3,7,900,0
2780.01,920,0.77,2.14,1.6,-12,6,890,0
2780.23,800,0.77,2.78,2.7,6,6,890,0
2780.43,760,1.02,3.08,2.7,20.3,6,890,0
2780.64,760,1.02,3.31,3.1,19.5,6,890,0
2780.83,800,1.28,3.64,3.9,18,6,890,0
2781.01,840,1.28,6.53,3.9,6,5,890,0
2781.22,1000,1.79,7.39,7.1,5.3,5,890,0
2781.41,1160,1.53,6.28,6.3,-1.5,4,890,0
2781.59,1320,1.28,6.92,6.7,7.5,4,890,0
2781.79,1400,1.28,7.75,7.1,15.8,3,890,0
2781.98,1440,1.28,7.78,7.5,15.8,3,890,0
2782.18,1400,1.28,8.28,7.5,18,3,890,0
2782.37,1360,1.28,7.92,7.5,11.3,3,900,0
2782.55,1360,1.53,8.39,7.5,16.5,3,900,0
2782.76,1360,1.53,9.42,8.2,13.5,3,900,0
2782.94,1360,1.53,8.86,8.2,8.3,4,900,0
2783.14,1320,1.53,8.72,8.2,7.5,4,900,0
2783.34,1320,1.53,8.89,8.2,9,4,910,0
2783.53,1280,1.53,8.78,7.8,9,5,910,0
2783.71,1240,1.53,7.67,7.5,6.8,5,910,0
2783.93,1200,1.53,7.08,6.7,13.5,5,910,0
2784.12,1160,1.28,6.75,6.7,18.8,5,910,0
2784.33,1120,1.28,5.47,5.9,16.5,6,910,0
2784.51,1080,1.28,5.67,5.5,18,6,910,0
2784.7,1000,1.28,2.53,5.1,-4.5,6,910,0
2784.9,920,0.77,2.69,3.5,-1.5,7,900,0
2785.09,880,0.77,3.39,3.1,3,7,900,0
2785.28,840,0.77,3.22,3.1,5.3,7,900,0
2785.48,840,1.02,2.97,3.1,8.3,7,900,0
2785.67,840,1.02,3.19,3.1,9,7,900,0
2785.88,840,1.02,3.33,3.1,8.3,7,890,0
2786.06,800,1.02,3.28,3.1,6.8,7,890,0
2786.24,800,1.02,3.03,3.1,7.5,7,890,0
2786.45,800,1.02,3.03,3.1,10.5,7,890,0
2786.64,800,1.02,3.44,3.5,9.8,7,890,0
2786.82,800,1.02,3.39,3.5,6.8,7,890,0
2787.05,840,1.02,3.33,3.5,5.3,7,890,0
2787.25,840,1.02,3.31,3.1,5.3,7,890,0
2787.45,800,1.02,3.36,3.5,5.3,8,890,0
2787.63,800,1.02,3.36,3.5,6,8,890,0
2787.82,800,1.02,3.19,3.1,8.3,8,890,0
2788.03,840,1.02,3.44,3.5,7.5,8,890,0
2788.21,840,1.02,3.61,3.5,4.5,7,880,0
2788.4,800,1.02,3.64,3.5,3,7,880,0
2788.6,800,1.02,3.44,3.5,3,7,880,0
2788.8,800,1.02,3.64,3.5,4.5,7,880,0
2788.98,800,1.02,3.44,3.5,3,7,880,0
2789.2,800,1.02,3.53,3.5,4.5,7,880,0
2789.38,800,1.02,3.5,3.5,3.8,6,880,0
2789.6,800,1.28,3.5,3.5,3.8,6,880,0
2789.8,800,1.02,3.44,3.5,4.5,6,880,0
2789.98,800,1.02,3.64,3.5,4.5,6,880,0
2790.18,800,1.28,3.47,3.5,4.5,5,880,0
2790.37,800,1.02,3.47,3.5,6.8,5,880,0
2790.56,800,1.02,3.61,3.5,4.5,4,880,0
2790.76,800,1.02,3.56,3.5,3,4,880,0
2790.95,800,1.02,3.67,3.5,3,4,880,0
2791.14,800,1.28,3.61,3.5,3.8,3,880,0
2791.34,800,1.02,3.56,3.5,3.8,3,880,0
2791.53,800,1.02,3.44,3.5,4.5,2,880,0
2791.73,800,1.28,3.61,3.5,3.8,2,880,0
2791.91,800,1.28,3.64,3.5,4.5,1,880,0
2792.11,800,1.02,3.44,3.5,3.8,1,880,0
2792.3,800,1.02,3.44,3.5,5.3,0,880,0
2792.5,800,1.02,3.58,3.5,5.3,0,880,0
2792.68,840,1.02,3.56,3.5,4.5,0,880,0
2792.89,840,1.02,3.53,3.5,4.5,0,880,0
2793.07,840,1.02,3.61,3.5,3,0,880,0
2793.26,840,1.02,3.58,3.5,3,0,880,0
2793.46,840,1.28,3.75,3.5,3,0,880,0
2793.65,840,1.02,3.58,3.5,0.8,0,880,0
2793.85,840,1.02,3.64,3.5,0.8,0,880,0
2794.04,840,1.02,3.42,3.5,2.3,0,880,0
2794.23,840,1.02,3.47,3.5,3,0,880,0
2794.45,800,1.02,3.5,3.5,4.5,0,880,0
2794.63,840,1.02,3.56,3.5,4.5,0,880,0
2794.82,840,1.02,3.58,3.5,3,0,880,0
2795.03,800,1.02,3.44,3.5,3,0,880,0
2795.21,840,1.02,3.56,3.5,3.8,0,880,0
2795.42,840,1.02,3.58,3.5,3.8,0,880,0
2795.6,840,1.02,3.44,3.5,3.8,0,880,0
2795.8,840,1.02,3.67,3.5,3.8,0,880,0
2795.99,840,1.02,3.56,3.5,3.8,0,880,0
2796.18,840,1.02,3.56,3.5,3.8,0,880,0
2796.37,840,1.02,3.47,3.5,3,0,880,0
2796.57,800,1.02,3.67,3.5,3.8,0,880,0
2796.76,800,1.02,3.58,3.5,3,0,880,0
2796.95,800,1.02,3.5,3.5,3,0,880,0
2797.15,800,1.02,3.58,3.5,3.8,0,880,0
2797.34,840,1.02,3.33,3.5,3,0,880,0
2797.54,800,1.02,3.61,3.5,6.8,0,880,0
2797.73,840,1.02,3.72,3.5,5.3,0,880,0
2797.91,800,1.02,3.44,3.5,4.5,0,880,0
2798.14,840,1.02,3.44,3.5,6,0,880,0
2798.33,840,1.02,3.83,3.9,6.8,0,880,0
2798.51,840,1.02,3.92,3.9,4.5,0,880,0
2798.72,840,1.02,3.92,3.9,2.3,0,880,0
2798.9,840,1.02,3.83,3.9,2.3,0,880,0
2799.09,840,1.02,3.89,3.9,3.8,0,880,0
2799.29,840,1.02,3.75,3.9,4.5,0,880,0
2799.48,840,1.02,4.25,4.3,5.3,0,880,0
2799.69,840,1.02,4.14,4.3,3,0,880,0
2799.89,840,1.28,4.08,4.3,1.5,0,880,0
2800.09,840,1.28,4.08,3.9,3,0,880,0
2800.29,840,1.02,4.22,3.9,3,0,880,0
2800.48,840,1.02,4.03,3.9,1.5,0,880,0
2800.68,840,1.28,4.08,3.9,3.8,0,880,0
2800.88,840,1.02,3.89,3.9,3.8,0,880,0
2801.07,840,1.02,4.06,3.9,4.5,0,880,0
2801.27,840,1.02,4.03,3.9,3.8,0,880,0
2801.46,840,1.02,4,3.9,3.8,0,880,0
2801.65,840,1.02,4,3.9,3.8,0,880,0
2801.85,840,1.02,4.03,3.9,4.5,0,880,0
2802.05,840,1.02,4,3.9,3,0,880,0
2802.24,800,1.28,4.19,3.9,3.8,0,880,0
2802.45,800,1.28,4,3.9,3,0,880,0
2802.64,800,1.02,4.11,3.9,2.3,0,880,0
2802.82,800,1.02,3.86,3.9,3,0,880,0
2803.03,800,1.02,4,3.9,3.8,0,880,0